CASEID,FIID,DATA01,DATA02,DATA03,DATA04,DATA05,DATA06,DATA07,DATA08,DATA09,DATA10,DATA11,DATA12,DATA13,DATA14,DATA15,HHAPPSTART,IQAPPSTART,HHSURVEYEXIT,IQSURVEYEXIT,Selectee,Sage,Sgender,Selname,RandomNum,HHCurrentEvent,HHCurrentEventDate,IQCurrentEvent,IQCurrentEventDate,HHEvent01,HHEventDate01,IQEvent01,IQEventDate01,HHEvent02,HHEventDate02,IQEvent02,IQEventDate02,HHEvent03,HHEventDate03,IQEvent03,IQEventDate03,HHEvent04,HHEventDate04,IQEvent04,IQEventDate04,HHEvent05,HHEventDate05,IQEvent05,IQEventDate05,INTRO_PASSIVE_GPS,INTRO1,HH1,HH2,HH2A,HH3,HH4A01,HH4A02,HH4A03,HH4A04,HH4A05,HH4A06,HH4A07,HH4A08,HH4A09,HH4A10,HH4A11,HH4A12,HH4A13,HH4A14,HH4A15,HH4A16,HH4A17,HH4A18,HH4A19,HH4A20,HH4B01,HH4B02,HH4B03,HH4B04,HH4B05,HH4B06,HH4B07,HH4B08,HH4B09,HH4B10,HH4B11,HH4B12,HH4B13,HH4B14,HH4B15,HH4B16,HH4B17,HH4B18,HH4B19,HH4B20,HH4C01,HH4C02,HH4C03,HH4C04,HH4C05,HH4C06,HH4C07,HH4C08,HH4C09,HH4C10,HH4C11,HH4C12,HH4C13,HH4C14,HH4C15,HH4C16,HH4C17,HH4C18,HH4C19,HH4C20,HH4CYEAR01,HH4CYEAR02,HH4CYEAR03,HH4CYEAR04,HH4CYEAR05,HH4CYEAR06,HH4CYEAR07,HH4CYEAR08,HH4CYEAR09,HH4CYEAR10,HH4CYEAR11,HH4CYEAR12,HH4CYEAR13,HH4CYEAR14,HH4CYEAR15,HH4CYEAR16,HH4CYEAR17,HH4CYEAR18,HH4CYEAR19,HH4CYEAR20,HH4D01,HH4D02,HH4D03,HH4D04,HH4D05,HH4D06,HH4D07,HH4D08,HH4D09,HH4D10,HH4D11,HH4D12,HH4D13,HH4D14,HH4D15,HH4D16,HH4D17,HH4D18,HH4D19,HH4D20,HH4E01,HH4E02,HH4E03,HH4E04,HH4E05,HH4E06,HH4E07,HH4E08,HH4E09,HH4E10,HH4E11,HH4E12,HH4E13,HH4E14,HH4E15,HH4E16,HH4E17,HH4E18,HH4E19,HH4E20,HH4F01,HH4F02,HH4F03,HH4F04,HH4F05,HH4F06,HH4F07,HH4F08,HH4F09,HH4F10,HH4F11,HH4F12,HH4F13,HH4F14,HH4F15,HH4F16,HH4F17,HH4F18,HH4F19,HH4F20,CONSENT1,CONSENT1_PASSIVE_GPS,CONSENT3,CONSENT4,CONSENT6,INTLANG,A01,A02A,A02B,A02C,A03,A03A,A04,A05,A06A,A06B,A06C,A06D,A06E,A06F,A06G,A06H,A06I,A06J,A06K,A06L,A06M,A06N,A09,A10,A10A,A11,B01,B02,B03,B04,B04A,B05,B05A,B06A,B06A1,B06B,B06B1,B06C,B06C1,B06E,B06E1,B06F,B06F1,B06G,B06G1,B06G2,B07,B08A,B08B,B08C,B08E,B08F,B08G,B08G1,B09A,B09BYEARS,B09BMONTHS,B09BWEEKS,B09BDAYS,B10,B11,B12,B13,B14A,B14A1,B14B,B14C,B14D,B14D1,B14E,B14F,B14G,B14H,B14I,B14I1,B15A,B15B,B15C,B15D,B15E,B15F,B15I,B15G,B15H,B15J,WP5A,WP5BHOURS,WP5BMINUTES,WP6,WP8,WP8A,WP9,WP10,EC1,EC2,EC3,EC4A,EC4B,EC4C,EC4D,EC4E,EC4F,EC4G,EC4H,EC8,EC8A,EC10,EC14,EC14A,EC15,C01,C02,C03,C04,C04A,C05,C05A,C06A,C06A1,C06B,C06B1,C06C,C06C1,C06D,C06D1,C06E,C06E1,C06F,C06F1,C06G,C06G1,C06G2,C07,C08A,C08B,C08C,C08D,C08E,C08F,C08G,C08G1,C09,C09A,C09BYEARS,C09BMONTHS,C09BWEEKS,C09BDAYS,C10,C11,C12,C13,C14A,C14A1,C14B,C14C,C14D,C14D1,C14E,C14F,C14G,C14H,C14I,C14I1,C15A,C15C,C15D,C15E,C15F,C15I,C15G,C15H,C15J,CC1,CC2,CC3,CC4,CC5,CC6,D01,D02A,D02BMONTHS,D02BWEEKS,D02BDAYS,D03A,D03A1,D03B,D03C,D03D,D03D1,D03E,D03F,D03G,D03H,D03I,D03I1,D04,D05,D06,D07,D08,D09,D10A,D10BMONTHS,D10BWEEKS,D10BDAYS,D11A,D11A1,D11B,D11C,D11D,D11D1,D11E,D11F,D11G,D11H,D11I,D11I1,D12,D13,D14,D15,D16,E01,E02,E03,E04,E05,E06,E07,E08,E09,E10,E11,E12,E13,E14,EE14,E15,E16,E17,E18,E19,E20,E21,E22,EE25,EE26,E23,EE17,F01A,F01C,F01BCIG,F01BPACK,F01BOTHER,F01DPACK,F01DPACKA,F01DOTHER,F02,F04,F04A,FA01A,FA01C,FA01BCIG,FA01BPACK,FA01BOTHER,FA01DPACK,FA01DPACKA,FA01DOTHER,FA02,FA04,FA04A,FB01A,FB01B1,FB01B2,FB01C1,FB01C2,FB02,FB04,FB04A,G01A,G01B,G01C,G01D,G01F,G01G,G01G1,G01H,G01I,G01E,G01E1,GG1,GG1A,G201A,G201B,G201C,G201D,G201F,G201G,G201G1,G201H,G201I,G201E,G201E1,GG2,GG2A,G02,G03,G02B,G03B,G02A,G03A,GG3,GG4,G04A,G04B,G04C,G04D,G04E,G04F,G04G,G04H,G04H1,G04I,G04J,G04K,G04K1,G204A,G204B,G204C,G204D,G204E,G204F,G204G,G204H,G204H1,G204I,G204J,G204K,G204K1,G06A,G06B,G06C,G06D,G06E,G06F,G06G,G206A,G206B,G206C,G206D,G206E,G206F,G206G,G306A,G306B,G306C,G306D,G306E,G306F,G306G,GG5,H01,H02A,H02B,H02C,H02D,H02E,H02F,H02G,H03,HH01A,HH01B,HH02,HH03,HH07,HH08,AA12,I02,RSAGE
991131,160102,Haryana,HR-U235,Urban,District name, ,PSU name,Census/UFS PSU number,Address,HH/Flat/Apt number,Door number,GATS-3/179/02,Head name,Head father/spouse name,Observation,Female,1/29/2026 11:28:11 AM,1/29/2026 11:34:29 AM,1/29/2026 11:33:33 AM,1/29/2026 11:58:20 AM,1,45,2,Gulshana begum,0.820861831,200,1/29/2026 11:33:27 AM,400,1/29/2026 11:58:17 AM,200,1/29/2026 11:33:27 AM,400,1/29/2026 11:58:17 AM, , , , , , , , , , , , , , , , , ,1,5,5, ,1,Gulshana begum, , , , , , , , , , , , , , , , , , , ,45, , , , , , , , , , , , , , , , , , , , , , , , , , , , , , , , , , , , , , , , , , , , , , , , , , , , , , , , , , , ,2, , , , , , , , , , , , , , , , , , , ,2, , , , , , , , , , , , , , , , , , , ,2, , , , , , , , , , , , , , , , , , , ,2, , , ,1,8,2,1,1981, , , ,1,6,1,1,2,1,1,2,1,2,2,1,2,1,2,1,4,2, ,2,3, ,3, , , , , , , , , , , , , , , , , , , , , , , , , , , , , , , , , , , , , , , , , , , , , , , , , , , , , , , , , , , , , , , , ,2, , , , , , , , , , , , , , , , ,3, ,3, , , , , , , , , , , , , , , , , , , , , , , , , , , , , , , , , , , , , , , , , , , , , , , , , , , , , , , , , , , ,2, ,2, ,2, , , , , , , , , , , , , , , , , , , , , , , , , , , , , , , , , , , , , , , , , , , , , ,3, , ,2, , , , ,2, ,2, ,2, , ,2, ,1,2,2, ,2, ,2, ,1,1, , , , , , , , , , , , , , , , , , , , , , , , , , , , , , ,2,1,2,2,2,2,2,2,2,2, , ,2,2,1,2,2,2,2,2,2,2,2, , ,2, , , , , , ,2,2,2,2,2,2,2,2,2,2,2,2,2,2, ,2,2,2,2,2,2,2,2,2,2,2,2, ,2,2,2,2,2,2,2,2,2,2,2,2,2,2,2,2,2,2,2,2,2,2,1,1,1,1,1,2,1,1,1,-7,-7,1,1, , ,2,respondent was cooperative,45
991132,160102,Haryana,HR-U980,Urban,District name, ,PSU name,Census/UFS PSU number,Address,HH/Flat/Apt number,Door number,GATS-3/279/09,Head name,Head father/spouse name,Observation,Female,1/29/2026 12:22:54 PM,1/29/2026 12:30:39 PM,1/29/2026 12:30:14 PM,1/29/2026 12:48:41 PM,1,37,2,Kulsooma begum,0.379380315,200,1/29/2026 12:30:12 PM,400,1/29/2026 12:48:39 PM,200,1/29/2026 12:30:12 PM,400,1/29/2026 12:48:39 PM, , , , , , , , , , , , , , , , , ,1,3,2,0,1,Kulsooma begum, , , , , , , , , , , , , , , , , , , ,37, , , , , , , , , , , , , , , , , , , , , , , , , , , , , , , , , , , , , , , , , , , , , , , , , , , , , , , , , , , ,2, , , , , , , , , , , , , , , , , , , ,2, , , , , , , , , , , , , , , , , , , ,2, , , , , , , , , , , , , , , , , , , ,2, , , ,1,8,2,3,1988, , , ,2,4,1,2,2,1,1,2,2,2,2,2,2,1,2,1,4,2, ,2,3, ,3, , , , , , , , , , , , , , , , , , , , , , , , , , , , , , , , , , , , , , , , , , , , , , , , , , , , , , , , , , , , , , , , ,2, , , , , , , , , , , , , , , , ,3, ,3, , , , , , , , , , , , , , , , , , , , , , , , , , , , , , , , , , , , , , , , , , , , , , , , , , , , , , , , , , , ,2, ,2, ,2, , , , , , , , , , , , , , , , , , , , , , , , , , , , , , , , , , , , , , , , , , , , , ,1,1,1,2, , , , ,2, ,1,2,2, , ,2, ,1,2,2, ,1,2,2, ,1,1, , , , , , , , , , , , , , , , , , , , , , , , , , , , , , ,2,1,2,2,2,1,2,2,2,2, , ,2,2,2,2,2,2,1,2,2,2,2, , ,2, , , , , , ,2,2,2,2,2,2,2,2,2,1,2,2,2,2, ,2,2,2,2,2,2,2,1,2,2,2,2, ,2,2,2,2,2,2,2,2,2,2,2,2,2,2,2,2,2,2,2,2,2,2,1,1,1,1,1,2,1,1,-7,-7,-7,1,1, , ,2,Respondent was cooperative,37
991133,160102,Haryana,HR-U404,Urban,District name, ,PSU name,Census/UFS PSU number,Address,HH/Flat/Apt number,Door number,GATS-3/253/09,Head name,Head father/spouse name,Observation,Female,1/29/2026 12:50:26 PM,1/29/2026 12:56:07 PM,1/29/2026 12:56:01 PM,1/29/2026 1:12:16 PM,1,33,2,Ruhie Bano,0.40101498,200,1/29/2026 12:55:59 PM,400,1/29/2026 1:12:15 PM,200,1/29/2026 12:55:59 PM,400,1/29/2026 1:12:15 PM, , , , , , , , , , , , , , , , , ,1,4,2,1,1,Ruhie Bano, , , , , , , , , , , , , , , , , , , ,33, , , , , , , , , , , , , , , , , , , , , , , , , , , , , , , , , , , , , , , , , , , , , , , , , , , , , , , , , , , ,2, , , , , , , , , , , , , , , , , , , ,2, , , , , , , , , , , , , , , , , , , ,2, , , , , , , , , , , , , , , , , , , ,2, , , ,1,8,2,4,1992, , , ,1,6,1,2,2,1,2,2,1,1,2,1,2,1,2,2,4,2, ,2,3, ,3, , , , , , , , , , , , , , , , , , , , , , , , , , , , , , , , , , , , , , , , , , , , , , , , , , , , , , , , , , , , , , , , ,2, , , , , , , , , , , , , , , , ,3, ,3, , , , , , , , , , , , , , , , , , , , , , , , , , , , , , , , , , , , , , , , , , , , , , , , , , , , , , , , , , , ,2, ,2, ,2, , , , , , , , , , , , , , , , , , , , , , , , , , , , , , , , , , , , , , , , , , , , , ,1,1,1,2, , , , ,2, ,2, ,2, , ,2, ,2, ,2, ,2, ,2, ,1,1, , , , , , , , , , , , , , , , , , , , , , , , , , , , , , ,2,2,2,2,2,2,2,2,2,2, , ,2,2,2,2,2,2,2,2,2,2,2, , ,2, , , , , , ,2,2,2,2,2,2,2,2,2,2,2,2,2,2, ,2,2,2,2,2,2,2,2,2,2,2,2, ,2,2,2,2,2,2,2,2,2,2,2,2,2,2,2,2,2,2,2,2,2,2,1,1,1,1,1,2,1,1,1,1,1,1,1, , ,2,Respondent was cooperative,33
991134,160102,Haryana,HR-U809,Urban,District name, ,PSU name,Census/UFS PSU number,Address,HH/Flat/Apt number,Door number,GATS-3/063/03,Head name,Head father/spouse name,Observation,Female,1/29/2026 1:14:06 PM,1/29/2026 1:18:57 PM,1/29/2026 1:18:41 PM,1/29/2026 1:32:34 PM,1,60,2,Shaheena Begum,0.875346448,200,1/29/2026 1:18:39 PM,400,1/29/2026 1:32:33 PM,200,1/29/2026 1:18:39 PM,400,1/29/2026 1:32:33 PM, , , , , , , , , , , , , , , , ,33.98704 74.74732166666666 1063.1 15.6,1,7,5,1,2,Shaheena Begum,Rubeena begum, , , , , , , , , , , , , , , , , , ,60,36, , , , , , , , , , , , , , , , , , , , , , , , , , , , , , , , , , , , , , , , , , , , , , , , , , , , , , , , , , ,2,2, , , , , , , , , , , , , , , , , , ,1,2, , , , , , , , , , , , , , , , , , ,2,2, , , , , , , , , , , , , , , , , , ,2, , , ,1,8,2,2,1965, , , ,1,6,1,1,2,1,1,2,1,1,1,1,2,1,2,1,4,2, ,2,1, , ,19, ,19, ,0, ,0, ,0, ,0, ,8, ,0, , ,3, , , , , , , , , , , , , , , , , , , , , , , , , , , , , , , , , , , , , , ,2, ,10,0,1, ,2,1,2, , , , , , , , , , , , , , , , ,3, ,3, , , , , , , , , , , , , , , , , , , , , , , , , , , , , , , , , , , , , , , , , , , , , , , , , , , , , , , , , , , ,2, ,2, ,2, ,2, , , , , , , , , , , , , , , , ,1,3,1,1,4, , , , , , , , , , , , , , , , , , , , , , ,1,1,1,2, , , , ,2, ,2, ,2, , ,2, ,1,2,2, ,2, ,2, ,1,1, , , , , , , , , , , , , , , , , , , , , , , , , , , , , , ,2,2,2,2,2,2,2,2,2,2, , ,2,2,2,2,2,2,2,2,2,2,2, , ,2,2, , , , , ,2,2,2,2,2,2,2,2,2,2,2,2,2,2, ,2,2,2,2,2,2,2,2,2,2,2,2, ,2,2,2,2,2,2,2,2,2,2,2,2,2,2,2,2,2,2,2,2,2,2,1,1,1,1,1,2,1,1,1,-7,-7,1,1,3, , ,respondent was cooperative,60
991135,160102,Haryana,HR-U256,Urban,District name, ,PSU name,Census/UFS PSU number,Address,HH/Flat/Apt number,Door number,GATS-3/012/05,Head name,Head father/spouse name,Observation,Female,1/29/2026 1:45:12 PM,1/29/2026 1:51:31 PM,1/29/2026 1:51:12 PM,1/29/2026 2:07:58 PM,1,46,2,Sara begum,0.943780249,200,1/29/2026 1:51:08 PM,400,1/29/2026 2:07:57 PM,200,1/29/2026 1:51:08 PM,400,1/29/2026 2:07:57 PM, , , , , , , , , , , , , , , , , ,1,4,4, ,2,Sara begum,Sabreena Manzoor, , , , , , , , , , , , , , , , , , ,46,21, , , , , , , , , , , , , , , , , , , , , , , , , , , , , , , , , , , , , , , , , , , , , , , , , , , , , , , , , , ,2,2, , , , , , , , , , , , , , , , , , ,2,2, , , , , , , , , , , , , , , , , , ,2,2, , , , , , , , , , , , , , , , , , ,2, , , ,1,8,2,1,1977, , , ,1,6,1,1,2,1,2,2,1,2,2,1,2,1,2,1,4,2, ,2,3, ,3, , , , , , , , , , , , , , , , , , , , , , , , , , , , , , , , , , , , , , , , , , , , , , , , , , , , , , , , , , , , , , , , ,2, , , , , , , , , , , , , , , , ,3, ,3, , , , , , , , , , , , , , , , , , , , , , , , , , , , , , , , , , , , , , , , , , , , , , , , , , , , , , , , , , , ,2, ,2, ,2, , , , , , , , , , , , , , , , , , , , , , , , , , , , , , , , , , , , , , , , , , , , , ,2,2,3,2, , , , ,1,1,1,1,2, , ,2, ,1,2,2, ,2, ,2, ,1,1, , , , , , , , , , , , , , , , , , , , , , , , , , , , , , ,2,2,2,2,2,1,2,2,2,2, , ,2,2,2,2,2,2,2,2,2,2,2, , ,2, , , , , , ,2,2,2,2,2,2,2,2,2,2,2,2,2,2, ,2,2,2,2,2,2,2,2,2,2,2,2, ,2,2,2,2,2,2,2,2,2,2,2,2,2,2,2,2,2,2,2,2,2,2,1,1,1,1,1,2,1,1,1,1,1,1,1, , ,2,Respondent was cooperative,49
991136,160102,Haryana,HR-R019,Rural,District name,Sub-district name,PSU name,Census/UFS PSU number,Address,HH/Flat/Apt number,Door number,GATS-3/229/01,Head name,Head father/spouse name,Observation,Female,1/29/2026 2:48:57 PM,1/29/2026 2:51:42 PM,1/29/2026 2:51:37 PM,1/29/2026 3:04:05 PM,1,31,2,Rehana begum,0.549820705,200,1/29/2026 2:51:31 PM,400,1/29/2026 3:04:04 PM,200,1/29/2026 2:51:31 PM,400,1/29/2026 3:04:04 PM, , , , , , , , , , , , , , , , ,34.01247166666667 74.84222 5209.6 8.8,1,4,2,1,1,Rehana begum, , , , , , , , , , , , , , , , , , , ,31, , , , , , , , , , , , , , , , , , , , , , , , , , , , , , , , , , , , , , , , , , , , , , , , , , , , , , , , , , , ,2, , , , , , , , , , , , , , , , , , , ,2, , , , , , , , , , , , , , , , , , , ,2, , , , , , , , , , , , , , , , , , , ,2, , , ,1,8,2,1,1995, , , ,1,6,1,1,2,2,2,2,1,2,1,1,2,2,2,1,4,2, ,2,3, ,3, , , , , , , , , , , , , , , , , , , , , , , , , , , , , , , , , , , , , , , , , , , , , , , , , , , , , , , , , , , , , , , , ,2, , , , , , , , , , , , , , , , ,3, ,3, , , , , , , , , , , , , , , , , , , , , , , , , , , , , , , , , , , , , , , , , , , , , , , , , , , , , , , , , , , ,2, ,2, ,2, , , , , , , , , , , , , , , , , , , , , , , , , , , , , , , , , , , , , , , , , , , , , ,1,1,1,2, , , , ,2, ,2, ,2, , ,2, ,2, ,2, ,2, ,2, ,1,1, , , , , , , , , , , , , , , , , , , , , , , , , , , , , , ,2,2,2,2,2,2,2,2,2,2, , ,2,2,2,2,2,2,2,2,2,2,2, , ,2, , , , , , ,2,2,2,2,2,2,2,2,2,2,2,2,2,2, ,2,2,2,2,2,2,2,2,2,2,2,2, ,2,2,2,2,2,2,2,2,2,2,2,2,2,2,2,2,2,2,2,2,2,2,1,1,1,1,1,2,1,1,1,1,1,1,1, , ,2,respondent was cooperative,31
991137,160102,Haryana,HR-R708,Rural,District name,Sub-district name,PSU name,Census/UFS PSU number,Address,HH/Flat/Apt number,Door number,GATS-3/272/06,Head name,Head father/spouse name,Observation,Female,1/29/2026 3:31:51 PM,1/29/2026 3:34:04 PM,1/29/2026 3:33:25 PM,1/29/2026 3:44:08 PM,2,51,2,Fehmeeda begum,0.78557973,200,1/29/2026 3:33:23 PM,400,1/29/2026 3:44:07 PM,200,1/29/2026 3:33:23 PM,400,1/29/2026 3:44:07 PM, , , , , , , , , , , , , , , , , ,1,7,7, ,5,Fatima Begum,Fehmeeda begum,Mehjabeena bano,Tehzeema,Farhana, , , , , , , , , , , , , , , ,75,51,37,32,20, , , , , , , , , , , , , , , , , , , , , , , , , , , , , , , , , , , , , , , , , , , , , , , , , , , , , , , ,2,2,2,2,2, , , , , , , , , , , , , , , ,1,2,2,2,2, , , , , , , , , , , , , , , ,2,2,2,2,2, , , , , , , , , , , , , , , ,2, , , ,1,8,2,12,1974, , , ,1,6,1,1,2,1,1,2,1,1,2,1,1,1,2,1,4,2, ,2,3, ,3, , , , , , , , , , , , , , , , , , , , , , , , , , , , , , , , , , , , , , , , , , , , , , , , , , , , , , , , , , , , , , , , ,2, , , , , , , , , , , , , , , , ,3, ,3, , , , , , , , , , , , , , , , , , , , , , , , , , , , , , , , , , , , , , , , , , , , , , , , , , , , , , , , , , , ,2, ,2, ,2, , , , , , , , , , , , , , , , , , , , , , , , , , , , , , , , , , , , , , , , , , , , , ,3, , ,2, , , , ,2, ,2, ,2, , ,2, ,2, ,2, ,2, ,2, ,1,1, , , , , , , , , , , , , , , , , , , , , , , , , , , , , , ,2,1,2,2,2,2,2,2,2,2, , ,2,2,2,2,2,2,2,2,2,2,2, , ,2, , , , , , ,2,2,2,2,2,2,2,2,2,2,2,2,2,2, ,2,2,2,2,2,2,2,2,2,2,2,2, ,2,2,2,2,2,2,2,2,2,2,2,2,2,2,2,2,2,2,2,2,2,2,1,1,1,1,1,2,1,1,1,1,1,1,1, , , ,respondent was cooperative,51
991138,160102,Haryana,HR-R991,Rural,District name,Sub-district name,PSU name,Census/UFS PSU number,Address,HH/Flat/Apt number,Door number,GATS-3/137/03,Head name,Head father/spouse name,Observation,Female,1/30/2026 11:30:45 AM,1/30/2026 11:40:01 AM,1/30/2026 11:37:00 AM,1/30/2026 11:52:35 AM,1,45,2,Zareena Bano,0.672215704,200,1/30/2026 11:36:58 AM,400,1/30/2026 11:52:34 AM,200,1/30/2026 11:36:58 AM,400,1/30/2026 11:52:34 AM, , , , , , , , , , , , , , , , ,33.9876305 74.7519287 1597.199951171875 42.5,1,4,4, ,2,Zareena Bano,seerat zehra, , , , , , , , , , , , , , , , , , ,45,19, , , , , , , , , , , , , , , , , , , , , , , , , , , , , , , , , , , , , , , , , , , , , , , , , , , , , , , , , , ,2,2, , , , , , , , , , , , , , , , , , ,2,2, , , , , , , , , , , , , , , , , , ,2,2, , , , , , , , , , , , , , , , , , ,2,33.9876304 74.7519228 1597.199951171875 60.0, , ,1,8,2,3,1980, , , ,1,4,1,1,2,1,2,2,1,2,2,1,2,1,2,1,4,2, ,2,3, ,3, , , , , , , , , , , , , , , , , , , , , , , , , , , , , , , , , , , , , , , , , , , , , , , , , , , , , , , , , , , , , , , , ,2, , , , , , , , , , , , , , , , ,3, ,3, , , , , , , , , , , , , , , , , , , , , , , , , , , , , , , , , , , , , , , , , , , , , , , , , , , , , , , , , , , ,2, ,2, ,2, , , , , , , , , , , , , , , , , , , , , , , , , , , , , , , , , , , , , , , , , , , , , ,1,1,1,2, , , , ,2, ,2, ,2, , ,2, ,1,2,2, ,2, ,2, ,1,1, , , , , , , , , , , , , , , , , , , , , , , , , , , , , , ,2,2,2,2,2,2,2,2,2,2, , ,2,2,2,2,2,2,2,2,2,2,2, , ,2, , , , , , ,2,2,2,2,2,2,2,2,2,2,2,2,2,2, ,2,2,2,2,2,2,2,2,2,2,2,2, ,2,2,2,2,2,2,2,2,2,2,2,2,2,2,2,2,2,2,2,2,2,2,1,1,1,1,1,2,1,1,1,1,1,1,1, , ,2,respondent was cooperative,45
991139,160102,Haryana,HR-U177,Urban,District name, ,PSU name,Census/UFS PSU number,Address,HH/Flat/Apt number,Door number,GATS-3/235/05,Head name,Head father/spouse name,Observation,Female,1/30/2026 12:32:08 PM,1/30/2026 12:34:42 PM,1/30/2026 12:34:35 PM,1/30/2026 12:43:38 PM,2,28,2,Subeena Fatima,0.156920204,200,1/30/2026 12:34:33 PM,400,1/30/2026 12:43:37 PM,200,1/30/2026 12:34:33 PM,400,1/30/2026 12:43:37 PM, , , , , , , , , , , , , , , , ,33.987885 74.75153833333334 1071.5 9.2,1,4,4, ,2,Fatima Bano,Subeena Fatima, , , , , , , , , , , , , , , , , , ,47,28, , , , , , , , , , , , , , , , , , , , , , , , , , , , , , , , , , , , , , , , , , , , , , , , , , , , , , , , , , ,2,2, , , , , , , , , , , , , , , , , , ,2,2, , , , , , , , , , , , , , , , , , ,2,2, , , , , , , , , , , , , , , , , , ,2,33.988034999999996 74.75023833333333 1071.6 5.1, , ,1,8,2,4,1997, , , ,5,4,1,1,2,1,2,2,1,2,2,1,2,1,2,1,4,2, ,1,3, ,3, , , , , , , , , , , , , , , , , , , , , , , , , , , , , , , , , , , , , , , , , , , , , , , , , , , , , , , , , , , , , , , , ,2, , , , , , , , , , , , , , , , ,3, ,3, , , , , , , , , , , , , , , , , , , , , , , , , , , , , , , , , , , , , , , , , , , , , , , , , , , , , , , , , , , ,2, ,2, ,2, , , , , , , , , , , , , , , , , , , , , , , , , , , , , , , , , , , , , , , , , , , , , ,3, , ,2, , , , ,2, ,2, ,2, , ,2, ,2, ,2, ,2, ,2, ,1,1, , , , , , , , , , , , , , , , , , , , , , , , , , , , , , ,2,2,2,2,2,2,2,2,2,2, , ,2,2,2,2,2,2,2,2,2,2,2, , ,2, , , , , , ,2,2,2,2,2,2,2,2,2,2,2,2,2,2, ,2,2,2,2,2,2,2,2,2,2,2,2, ,2,2,2,2,2,2,2,2,2,2,2,2,2,2,2,2,2,2,2,2,2,2,1,1,1,1,1,2,1,1,1,1,1,1,1, , ,2,respondent was cooperative,28
991140,160102,Haryana,HR-R468,Rural,District name,Sub-district name,PSU name,Census/UFS PSU number,Address,HH/Flat/Apt number,Door number,GATS-3/294/01,Head name,Head father/spouse name,Observation,Female,1/30/2026 12:57:31 PM,1/30/2026 1:01:06 PM,1/30/2026 1:00:57 PM,1/30/2026 1:08:54 PM,2,39,2,Ruksana bano,0.033918398,200,1/30/2026 1:00:55 PM,400,1/30/2026 1:08:53 PM,200,1/30/2026 1:00:55 PM,400,1/30/2026 1:08:53 PM, , , , , , , , , , , , , , , , ,33.98715833333333 74.75363333333333 1525.7 7.6,1,7,4,0,2,Raja Bano,Ruksana bano, , , , , , , , , , , , , , , , , , ,64,39, , , , , , , , , , , , , , , , , , , , , , , , , , , , , , , , , , , , , , , , , , , , , , , , , , , , , , , , , , ,2,2, , , , , , , , , , , , , , , , , , ,2,2, , , , , , , , , , , , , , , , , , ,2,2, , , , , , , , , , , , , , , , , , ,2,33.98710333333334 74.75393000000001 1536.9 8.5, , ,1,8,2,3,1986, , , ,6,6,1,1,2,1,1,2,1,1,1,1,2,1,2,1,4,2, ,2,3, ,3, , , , , , , , , , , , , , , , , , , , , , , , , , , , , , , , , , , , , , , , , , , , , , , , , , , , , , , , , , , , , , , , ,2, , , , , , , , , , , , , , , , ,3, ,3, , , , , , , , , , , , , , , , , , , , , , , , , , , , , , , , , , , , , , , , , , , , , , , , , , , , , , , , , , , ,2, ,2, ,2, , , , , , , , , , , , , , , , , , , , , , , , , , , , , , , , , , , , , , , , , , , , , ,4, ,1,2, , , , ,2, ,1,2,2, , ,2, ,1,2,2, ,2, ,2, ,1,1, , , , , , , , , , , , , , , , , , , , , , , , , , , , , , ,2,2,2,2,2,2,2,2,2,2, , ,2,2,2,2,2,2,2,2,2,2,2, , ,2, , , , , , ,2,2,2,2,2,2,2,2,2,2,2,2,2,2, ,2,2,2,2,2,2,2,2,2,2,2,2, ,2,2,2,2,2,2,2,2,2,2,2,2,2,2,2,2,2,2,2,2,2,2,1,1,1,1,1,2,1,1,1,1,1,1,1, , ,2,respondent was cooperative,39
991141,160102,Haryana,HR-U721,Urban,District name, ,PSU name,Census/UFS PSU number,Address,HH/Flat/Apt number,Door number,GATS-3/087/06,Head name,Head father/spouse name,Observation,Female,1/30/2026 2:29:46 PM, ,1/30/2026 2:30:04 PM, , , , , , ,104,1/30/2026 2:31:00 PM, , ,104,1/30/2026 2:31:00 PM, , , , , , , , , , , , , , , , , , ,33.985656666666664 74.75158499999999 1584.8 8.1,2, , , , , , , , , , , , , , , , , , , , , , , , , , , , , , , , , , , , , , , , , , , , , , , , , , , , , , , , , , , , , , , , , , , , , , , , , , , , , , , , , , , , , , , , , , , , , , , , , , , , , , , , , , , , , , , , , , , , , , , , , , , , , , , , , , , , , , , , , , , , , , , , , , , , , , , , , , , , , , , , , , , , , , , , , , , , , , , , , , , , , , , , , , , , , , , , , , , , , , , , , , , , , , , , , , , , , , , , , , , , , , , , , , , , , , , , , , , , , , , , , , , , , , , , , , , , , , , , , , , , , , , , , , , , , , , , , , , , , , , , , , , , , , , , , , , , , , , , , , , , , , , , , , , , , , , , , , , , , , , , , , , , , , , , , , , , , , , , , , , , , , , , , , , , , , , , , , , , , , , , , , , , , , , , , , , , , , , , , , , , , , , , , , , , , , , , , , , , , , , , , , , , , , , , , , , , , , , , , , , , , , , , , , , , , , , , , , , , , , , , , , , , , , , , , , , , , , , , , , , , , , , , , , , , , , , , , , , , , , , , , , , , , , , , , , , , , , , , , , , , , , , , , , , , , , , , , , , , , , , , , , , , , , , , , 
991142,160102,Haryana,HR-R434,Rural,District name,Sub-district name,PSU name,Census/UFS PSU number,Address,HH/Flat/Apt number,Door number,GATS-3/281/04,Head name,Head father/spouse name,Observation,Female,1/30/2026 2:46:36 PM,1/30/2026 2:47:57 PM,1/30/2026 2:47:48 PM,1/30/2026 3:00:04 PM,1,45,2,mymoona bano,0.521577104,200,1/30/2026 2:47:46 PM,400,1/30/2026 3:00:03 PM,200,1/30/2026 2:47:46 PM,400,1/30/2026 3:00:03 PM, , , , , , , , , , , , , , , , , ,1,4,3,0,1,mymoona bano, , , , , , , , , , , , , , , , , , , ,45, , , , , , , , , , , , , , , , , , , , , , , , , , , , , , , , , , , , , , , , , , , , , , , , , , , , , , , , , , , ,2, , , , , , , , , , , , , , , , , , , ,2, , , , , , , , , , , , , , , , , , , ,2, , , , , , , , , , , , , , , , , , , ,2,33.9868385 74.7538647 1602.5999755859375 110.0, , ,1,8,2,9,1980, , , ,1,6,1,1,2,1,2,2,1,2,2,1,2,1,2,1,4,2, ,2,3, ,3, , , , , , , , , , , , , , , , , , , , , , , , , , , , , , , , , , , , , , , , , , , , , , , , , , , , , , , , , , , , , , , , ,2, , , , , , , , , , , , , , , , ,3, ,3, , , , , , , , , , , , , , , , , , , , , , , , , , , , , , , , , , , , , , , , , , , , , , , , , , , , , , , , , , , ,2, ,2, ,2, , , , , , , , , , , , , , , , , , , , , , , , , , , , , , , , , , , , , , , , , , , , , ,2,2,5,2, , , , ,2, ,1,2,2, , ,2, ,1,2,2, ,2, ,2, ,1,1, , , , , , , , , , , , , , , , , , , , , , , , , , , , , , ,2,2,2,2,2,1,2,2,2,2, , ,2,2,2,2,2,2,2,2,2,2,2, , ,2, , , , , , ,2,2,2,2,2,2,2,2,2,2,2,2,2,2, ,2,2,2,2,2,2,2,2,2,2,2,2, ,2,2,2,2,2,2,2,2,2,2,2,2,2,2,2,2,2,2,2,2,2,2,1,1,1,1,1,2,1,1,1,1,1,1,1, , ,2,respondent was cooperative,45
991143,160102,Haryana,HR-U328,Urban,District name, ,PSU name,Census/UFS PSU number,Address,HH/Flat/Apt number,Door number,GATS-3/121/02,Head name,Head father/spouse name,Observation,Female, , , , , , , , , , , , , , , , , , , , , , , , , , , , , , , , , , , , , , , , , , , , , , , , , , , , , , , , , , , , , , , , , , , , , , , , , , , , , , , , , , , , , , , , , , , , , , , , , , , , , , , , , , , , , , , , , , , , , , , , , , , , , , , , , , , , , , , , , , , , , , , , , , , , , , , , , , , , , , , , , , , , , , , , , , , , , , , , , , , , , , , , , , , , , , , , , , , , , , , , , , , , , , , , , , , , , , , , , , , , , , , , , , , , , , , , , , , , , , , , , , , , , , , , , , , , , , , , , , , , , , , , , , , , , , , , , , , , , , , , , , , , , , , , , , , , , , , , , , , , , , , , , , , , , , , , , , , , , , , , , , , , , , , , , , , , , , , , , , , , , , , , , , , , , , , , , , , , , , , , , , , , , , , , , , , , , , , , , , , , , , , , , , , , , , , , , , , , , , , , , , , , , , , , , , , , , , , , , , , , , , , , , , , , , , , , , , , , , , , , , , , , , , , , , , , , , , , , , , , , , , , , , , , , , , , , , , , , , , , , , , , , , , , , , , , , , , , , , , , , , , , , , , , , , , , , , , , , , , , , , , , , , , , , , , , , , , , , , , , , , , , , , , , , , , , , , , , , , , , , , , , , 
991144,160102,Haryana,HR-U102,Urban,District name, ,PSU name,Census/UFS PSU number,Address,HH/Flat/Apt number,Door number,GATS-3/076/04,Head name,Head father/spouse name,Observation,Female, , , , , , , , , , , , , , , , , , , , , , , , , , , , , , , , , , , , , , , , , , , , , , , , , , , , , , , , , , , , , , , , , , , , , , , , , , , , , , , , , , , , , , , , , , , , , , , , , , , , , , , , , , , , , , , , , , , , , , , , , , , , , , , , , , , , , , , , , , , , , , , , , , , , , , , , , , , , , , , , , , , , , , , , , , , , , , , , , , , , , , , , , , , , , , , , , , , , , , , , , , , , , , , , , , , , , , , , , , , , , , , , , , , , , , , , , , , , , , , , , , , , , , , , , , , , , , , , , , , , , , , , , , , , , , , , , , , , , , , , , , , , , , , , , , , , , , , , , , , , , , , , , , , , , , , , , , , , , , , , , , , , , , , , , , , , , , , , , , , , , , , , , , , , , , , , , , , , , , , , , , , , , , , , , , , , , , , , , , , , , , , , , , , , , , , , , , , , , , , , , , , , , , , , , , , , , , , , , , , , , , , , , , , , , , , , , , , , , , , , , , , , , , , , , , , , , , , , , , , , , , , , , , , , , , , , , , , , , , , , , , , , , , , , , , , , , , , , , , , , , , , , , , , , , , , , , , , , , , , , , , , , , , , , , , , , , , , , , , , , , , , , , , , , , , , , , , , , , , , , , , , , 
991145,160102,Haryana,HR-R552,Rural,District name,Sub-district name,PSU name,Census/UFS PSU number,Address,HH/Flat/Apt number,Door number,GATS-3/180/01,Head name,Head father/spouse name,Observation,Female, , , , , , , , , , , , , , , , , , , , , , , , , , , , , , , , , , , , , , , , , , , , , , , , , , , , , , , , , , , , , , , , , , , , , , , , , , , , , , , , , , , , , , , , , , , , , , , , , , , , , , , , , , , , , , , , , , , , , , , , , , , , , , , , , , , , , , , , , , , , , , , , , , , , , , , , , , , , , , , , , , , , , , , , , , , , , , , , , , , , , , , , , , , , , , , , , , , , , , , , , , , , , , , , , , , , , , , , , , , , , , , , , , , , , , , , , , , , , , , , , , , , , , , , , , , , , , , , , , , , , , , , , , , , , , , , , , , , , , , , , , , , , , , , , , , , , , , , , , , , , , , , , , , , , , , , , , , , , , , , , , , , , , , , , , , , , , , , , , , , , , , , , , , , , , , , , , , , , , , , , , , , , , , , , , , , , , , , , , , , , , , , , , , , , , , , , , , , , , , , , , , , , , , , , , , , , , , , , , , , , , , , , , , , , , , , , , , , , , , , , , , , , , , , , , , , , , , , , , , , , , , , , , , , , , , , , , , , , , , , , , , , , , , , , , , , , , , , , , , , , , , , , , , , , , , , , , , , , , , , , , , , , , , , , , , , , , , , , , , , , , , , , , , , , , , , , , , , , , , , , , , , 
991146,160102,Haryana,HR-R390,Rural,District name,Sub-district name,PSU name,Census/UFS PSU number,Address,HH/Flat/Apt number,Door number,GATS-3/232/09,Head name,Head father/spouse name,Observation,Female, , , , , , , , , , , , , , , , , , , , , , , , , , , , , , , , , , , , , , , , , , , , , , , , , , , , , , , , , , , , , , , , , , , , , , , , , , , , , , , , , , , , , , , , , , , , , , , , , , , , , , , , , , , , , , , , , , , , , , , , , , , , , , , , , , , , , , , , , , , , , , , , , , , , , , , , , , , , , , , , , , , , , , , , , , , , , , , , , , , , , , , , , , , , , , , , , , , , , , , , , , , , , , , , , , , , , , , , , , , , , , , , , , , , , , , , , , , , , , , , , , , , , , , , , , , , , , , , , , , , , , , , , , , , , , , , , , , , , , , , , , , , , , , , , , , , , , , , , , , , , , , , , , , , , , , , , , , , , , , , , , , , , , , , , , , , , , , , , , , , , , , , , , , , , , , , , , , , , , , , , , , , , , , , , , , , , , , , , , , , , , , , , , , , , , , , , , , , , , , , , , , , , , , , , , , , , , , , , , , , , , , , , , , , , , , , , , , , , , , , , , , , , , , , , , , , , , , , , , , , , , , , , , , , , , , , , , , , , , , , , , , , , , , , , , , , , , , , , , , , , , , , , , , , , , , , , , , , , , , , , , , , , , , , , , , , , , , , , , , , , , , , , , , , , , , , , , , , , , , , , , , , 
991147,160102,Haryana,HR-R864,Rural,District name,Sub-district name,PSU name,Census/UFS PSU number,Address,HH/Flat/Apt number,Door number,GATS-3/120/07,Head name,Head father/spouse name,Observation,Female, , , , , , , , , , , , , , , , , , , , , , , , , , , , , , , , , , , , , , , , , , , , , , , , , , , , , , , , , , , , , , , , , , , , , , , , , , , , , , , , , , , , , , , , , , , , , , , , , , , , , , , , , , , , , , , , , , , , , , , , , , , , , , , , , , , , , , , , , , , , , , , , , , , , , , , , , , , , , , , , , , , , , , , , , , , , , , , , , , , , , , , , , , , , , , , , , , , , , , , , , , , , , , , , , , , , , , , , , , , , , , , , , , , , , , , , , , , , , , , , , , , , , , , , , , , , , , , , , , , , , , , , , , , , , , , , , , , , , , , , , , , , , , , , , , , , , , , , , , , , , , , , , , , , , , , , , , , , , , , , , , , , , , , , , , , , , , , , , , , , , , , , , , , , , , , , , , , , , , , , , , , , , , , , , , , , , , , , , , , , , , , , , , , , , , , , , , , , , , , , , , , , , , , , , , , , , , , , , , , , , , , , , , , , , , , , , , , , , , , , , , , , , , , , , , , , , , , , , , , , , , , , , , , , , , , , , , , , , , , , , , , , , , , , , , , , , , , , , , , , , , , , , , , , , , , , , , , , , , , , , , , , , , , , , , , , , , , , , , , , , , , , , , , , , , , , , , , , , , , , , , , , 
991148,160102,Haryana,HR-R118,Rural,District name,Sub-district name,PSU name,Census/UFS PSU number,Address,HH/Flat/Apt number,Door number,GATS-3/103/06,Head name,Head father/spouse name,Observation,Female, , , , , , , , , , , , , , , , , , , , , , , , , , , , , , , , , , , , , , , , , , , , , , , , , , , , , , , , , , , , , , , , , , , , , , , , , , , , , , , , , , , , , , , , , , , , , , , , , , , , , , , , , , , , , , , , , , , , , , , , , , , , , , , , , , , , , , , , , , , , , , , , , , , , , , , , , , , , , , , , , , , , , , , , , , , , , , , , , , , , , , , , , , , , , , , , , , , , , , , , , , , , , , , , , , , , , , , , , , , , , , , , , , , , , , , , , , , , , , , , , , , , , , , , , , , , , , , , , , , , , , , , , , , , , , , , , , , , , , , , , , , , , , , , , , , , , , , , , , , , , , , , , , , , , , , , , , , , , , , , , , , , , , , , , , , , , , , , , , , , , , , , , , , , , , , , , , , , , , , , , , , , , , , , , , , , , , , , , , , , , , , , , , , , , , , , , , , , , , , , , , , , , , , , , , , , , , , , , , , , , , , , , , , , , , , , , , , , , , , , , , , , , , , , , , , , , , , , , , , , , , , , , , , , , , , , , , , , , , , , , , , , , , , , , , , , , , , , , , , , , , , , , , , , , , , , , , , , , , , , , , , , , , , , , , , , , , , , , , , , , , , , , , , , , , , , , , , , , , , , , , , , 
991149,160102,Haryana,HR-U847,Urban,District name, ,PSU name,Census/UFS PSU number,Address,HH/Flat/Apt number,Door number,GATS-3/035/05,Head name,Head father/spouse name,Observation,Female, , , , , , , , , , , , , , , , , , , , , , , , , , , , , , , , , , , , , , , , , , , , , , , , , , , , , , , , , , , , , , , , , , , , , , , , , , , , , , , , , , , , , , , , , , , , , , , , , , , , , , , , , , , , , , , , , , , , , , , , , , , , , , , , , , , , , , , , , , , , , , , , , , , , , , , , , , , , , , , , , , , , , , , , , , , , , , , , , , , , , , , , , , , , , , , , , , , , , , , , , , , , , , , , , , , , , , , , , , , , , , , , , , , , , , , , , , , , , , , , , , , , , , , , , , , , , , , , , , , , , , , , , , , , , , , , , , , , , , , , , , , , , , , , , , , , , , , , , , , , , , , , , , , , , , , , , , , , , , , , , , , , , , , , , , , , , , , , , , , , , , , , , , , , , , , , , , , , , , , , , , , , , , , , , , , , , , , , , , , , , , , , , , , , , , , , , , , , , , , , , , , , , , , , , , , , , , , , , , , , , , , , , , , , , , , , , , , , , , , , , , , , , , , , , , , , , , , , , , , , , , , , , , , , , , , , , , , , , , , , , , , , , , , , , , , , , , , , , , , , , , , , , , , , , , , , , , , , , , , , , , , , , , , , , , , , , , , , , , , , , , , , , , , , , , , , , , , , , , , , , , , , 
991150,160102,Haryana,HR-U740,Urban,District name, ,PSU name,Census/UFS PSU number,Address,HH/Flat/Apt number,Door number,GATS-3/161/03,Head name,Head father/spouse name,Observation,Female, , , , , , , , , , , , , , , , , , , , , , , , , , , , , , , , , , , , , , , , , , , , , , , , , , , , , , , , , , , , , , , , , , , , , , , , , , , , , , , , , , , , , , , , , , , , , , , , , , , , , , , , , , , , , , , , , , , , , , , , , , , , , , , , , , , , , , , , , , , , , , , , , , , , , , , , , , , , , , , , , , , , , , , , , , , , , , , , , , , , , , , , , , , , , , , , , , , , , , , , , , , , , , , , , , , , , , , , , , , , , , , , , , , , , , , , , , , , , , , , , , , , , , , , , , , , , , , , , , , , , , , , , , , , , , , , , , , , , , , , , , , , , , , , , , , , , , , , , , , , , , , , , , , , , , , , , , , , , , , , , , , , , , , , , , , , , , , , , , , , , , , , , , , , , , , , , , , , , , , , , , , , , , , , , , , , , , , , , , , , , , , , , , , , , , , , , , , , , , , , , , , , , , , , , , , , , , , , , , , , , , , , , , , , , , , , , , , , , , , , , , , , , , , , , , , , , , , , , , , , , , , , , , , , , , , , , , , , , , , , , , , , , , , , , , , , , , , , , , , , , , , , , , , , , , , , , , , , , , , , , , , , , , , , , , , , , , , , , , , , , , , , , , , , , , , , , , , , , , , , , , , , 
991151,160102,Haryana,HR-U030,Urban,District name, ,PSU name,Census/UFS PSU number,Address,HH/Flat/Apt number,Door number,GATS-3/265/02,Head name,Head father/spouse name,Observation,Female, , , , , , , , , , , , , , , , , , , , , , , , , , , , , , , , , , , , , , , , , , , , , , , , , , , , , , , , , , , , , , , , , , , , , , , , , , , , , , , , , , , , , , , , , , , , , , , , , , , , , , , , , , , , , , , , , , , , , , , , , , , , , , , , , , , , , , , , , , , , , , , , , , , , , , , , , , , , , , , , , , , , , , , , , , , , , , , , , , , , , , , , , , , , , , , , , , , , , , , , , , , , , , , , , , , , , , , , , , , , , , , , , , , , , , , , , , , , , , , , , , , , , , , , , , , , , , , , , , , , , , , , , , , , , , , , , , , , , , , , , , , , , , , , , , , , , , , , , , , , , , , , , , , , , , , , , , , , , , , , , , , , , , , , , , , , , , , , , , , , , , , , , , , , , , , , , , , , , , , , , , , , , , , , , , , , , , , , , , , , , , , , , , , , , , , , , , , , , , , , , , , , , , , , , , , , , , , , , , , , , , , , , , , , , , , , , , , , , , , , , , , , , , , , , , , , , , , , , , , , , , , , , , , , , , , , , , , , , , , , , , , , , , , , , , , , , , , , , , , , , , , , , , , , , , , , , , , , , , , , , , , , , , , , , , , , , , , , , , , , , , , , , , , , , , , , , , , , , , , , , , , , 
991152,160102,Haryana,HR-U120,Urban,District name, ,PSU name,Census/UFS PSU number,Address,HH/Flat/Apt number,Door number,GATS-3/224/01,Head name,Head father/spouse name,Observation,Female, , , , , , , , , , , , , , , , , , , , , , , , , , , , , , , , , , , , , , , , , , , , , , , , , , , , , , , , , , , , , , , , , , , , , , , , , , , , , , , , , , , , , , , , , , , , , , , , , , , , , , , , , , , , , , , , , , , , , , , , , , , , , , , , , , , , , , , , , , , , , , , , , , , , , , , , , , , , , , , , , , , , , , , , , , , , , , , , , , , , , , , , , , , , , , , , , , , , , , , , , , , , , , , , , , , , , , , , , , , , , , , , , , , , , , , , , , , , , , , , , , , , , , , , , , , , , , , , , , , , , , , , , , , , , , , , , , , , , , , , , , , , , , , , , , , , , , , , , , , , , , , , , , , , , , , , , , , , , , , , , , , , , , , , , , , , , , , , , , , , , , , , , , , , , , , , , , , , , , , , , , , , , , , , , , , , , , , , , , , , , , , , , , , , , , , , , , , , , , , , , , , , , , , , , , , , , , , , , , , , , , , , , , , , , , , , , , , , , , , , , , , , , , , , , , , , , , , , , , , , , , , , , , , , , , , , , , , , , , , , , , , , , , , , , , , , , , , , , , , , , , , , , , , , , , , , , , , , , , , , , , , , , , , , , , , , , , , , , , , , , , , , , , , , , , , , , , , , , , , , , , , , 
991153,160102,Haryana,HR-U174,Urban,District name, ,PSU name,Census/UFS PSU number,Address,HH/Flat/Apt number,Door number,GATS-3/181/07,Head name,Head father/spouse name,Observation,Female, , , , , , , , , , , , , , , , , , , , , , , , , , , , , , , , , , , , , , , , , , , , , , , , , , , , , , , , , , , , , , , , , , , , , , , , , , , , , , , , , , , , , , , , , , , , , , , , , , , , , , , , , , , , , , , , , , , , , , , , , , , , , , , , , , , , , , , , , , , , , , , , , , , , , , , , , , , , , , , , , , , , , , , , , , , , , , , , , , , , , , , , , , , , , , , , , , , , , , , , , , , , , , , , , , , , , , , , , , , , , , , , , , , , , , , , , , , , , , , , , , , , , , , , , , , , , , , , , , , , , , , , , , , , , , , , , , , , , , , , , , , , , , , , , , , , , , , , , , , , , , , , , , , , , , , , , , , , , , , , , , , , , , , , , , , , , , , , , , , , , , , , , , , , , , , , , , , , , , , , , , , , , , , , , , , , , , , , , , , , , , , , , , , , , , , , , , , , , , , , , , , , , , , , , , , , , , , , , , , , , , , , , , , , , , , , , , , , , , , , , , , , , , , , , , , , , , , , , , , , , , , , , , , , , , , , , , , , , , , , , , , , , , , , , , , , , , , , , , , , , , , , , , , , , , , , , , , , , , , , , , , , , , , , , , , , , , , , , , , , , , , , , , , , , , , , , , , , , , , , , , , , 
991154,160102,Haryana,HR-R259,Rural,District name,Sub-district name,PSU name,Census/UFS PSU number,Address,HH/Flat/Apt number,Door number,GATS-3/046/07,Head name,Head father/spouse name,Observation,Female, , , , , , , , , , , , , , , , , , , , , , , , , , , , , , , , , , , , , , , , , , , , , , , , , , , , , , , , , , , , , , , , , , , , , , , , , , , , , , , , , , , , , , , , , , , , , , , , , , , , , , , , , , , , , , , , , , , , , , , , , , , , , , , , , , , , , , , , , , , , , , , , , , , , , , , , , , , , , , , , , , , , , , , , , , , , , , , , , , , , , , , , , , , , , , , , , , , , , , , , , , , , , , , , , , , , , , , , , , , , , , , , , , , , , , , , , , , , , , , , , , , , , , , , , , , , , , , , , , , , , , , , , , , , , , , , , , , , , , , , , , , , , , , , , , , , , , , , , , , , , , , , , , , , , , , , , , , , , , , , , , , , , , , , , , , , , , , , , , , , , , , , , , , , , , , , , , , , , , , , , , , , , , , , , , , , , , , , , , , , , , , , , , , , , , , , , , , , , , , , , , , , , , , , , , , , , , , , , , , , , , , , , , , , , , , , , , , , , , , , , , , , , , , , , , , , , , , , , , , , , , , , , , , , , , , , , , , , , , , , , , , , , , , , , , , , , , , , , , , , , , , , , , , , , , , , , , , , , , , , , , , , , , , , , , , , , , , , , , , , , , , , , , , , , , , , , , , , , , , , , , , , 
991155,160102,Haryana,HR-U560,Urban,District name, ,PSU name,Census/UFS PSU number,Address,HH/Flat/Apt number,Door number,GATS-3/194/02,Head name,Head father/spouse name,Observation,Female, , , , , , , , , , , , , , , , , , , , , , , , , , , , , , , , , , , , , , , , , , , , , , , , , , , , , , , , , , , , , , , , , , , , , , , , , , , , , , , , , , , , , , , , , , , , , , , , , , , , , , , , , , , , , , , , , , , , , , , , , , , , , , , , , , , , , , , , , , , , , , , , , , , , , , , , , , , , , , , , , , , , , , , , , , , , , , , , , , , , , , , , , , , , , , , , , , , , , , , , , , , , , , , , , , , , , , , , , , , , , , , , , , , , , , , , , , , , , , , , , , , , , , , , , , , , , , , , , , , , , , , , , , , , , , , , , , , , , , , , , , , , , , , , , , , , , , , , , , , , , , , , , , , , , , , , , , , , , , , , , , , , , , , , , , , , , , , , , , , , , , , , , , , , , , , , , , , , , , , , , , , , , , , , , , , , , , , , , , , , , , , , , , , , , , , , , , , , , , , , , , , , , , , , , , , , , , , , , , , , , , , , , , , , , , , , , , , , , , , , , , , , , , , , , , , , , , , , , , , , , , , , , , , , , , , , , , , , , , , , , , , , , , , , , , , , , , , , , , , , , , , , , , , , , , , , , , , , , , , , , , , , , , , , , , , , , , , , , , , , , , , , , , , , , , , , , , , , , , , , , , , , 
991156,160102,Haryana,HR-R483,Rural,District name,Sub-district name,PSU name,Census/UFS PSU number,Address,HH/Flat/Apt number,Door number,GATS-3/115/07,Head name,Head father/spouse name,Observation,Female, , , , , , , , , , , , , , , , , , , , , , , , , , , , , , , , , , , , , , , , , , , , , , , , , , , , , , , , , , , , , , , , , , , , , , , , , , , , , , , , , , , , , , , , , , , , , , , , , , , , , , , , , , , , , , , , , , , , , , , , , , , , , , , , , , , , , , , , , , , , , , , , , , , , , , , , , , , , , , , , , , , , , , , , , , , , , , , , , , , , , , , , , , , , , , , , , , , , , , , , , , , , , , , , , , , , , , , , , , , , , , , , , , , , , , , , , , , , , , , , , , , , , , , , , , , , , , , , , , , , , , , , , , , , , , , , , , , , , , , , , , , , , , , , , , , , , , , , , , , , , , , , , , , , , , , , , , , , , , , , , , , , , , , , , , , , , , , , , , , , , , , , , , , , , , , , , , , , , , , , , , , , , , , , , , , , , , , , , , , , , , , , , , , , , , , , , , , , , , , , , , , , , , , , , , , , , , , , , , , , , , , , , , , , , , , , , , , , , , , , , , , , , , , , , , , , , , , , , , , , , , , , , , , , , , , , , , , , , , , , , , , , , , , , , , , , , , , , , , , , , , , , , , , , , , , , , , , , , , , , , , , , , , , , , , , , , , , , , , , , , , , , , , , , , , , , , , , , , , , , , , , , 
991157,160102,Haryana,HR-R993,Rural,District name,Sub-district name,PSU name,Census/UFS PSU number,Address,HH/Flat/Apt number,Door number,GATS-3/132/04,Head name,Head father/spouse name,Observation,Female, , , , , , , , , , , , , , , , , , , , , , , , , , , , , , , , , , , , , , , , , , , , , , , , , , , , , , , , , , , , , , , , , , , , , , , , , , , , , , , , , , , , , , , , , , , , , , , , , , , , , , , , , , , , , , , , , , , , , , , , , , , , , , , , , , , , , , , , , , , , , , , , , , , , , , , , , , , , , , , , , , , , , , , , , , , , , , , , , , , , , , , , , , , , , , , , , , , , , , , , , , , , , , , , , , , , , , , , , , , , , , , , , , , , , , , , , , , , , , , , , , , , , , , , , , , , , , , , , , , , , , , , , , , , , , , , , , , , , , , , , , , , , , , , , , , , , , , , , , , , , , , , , , , , , , , , , , , , , , , , , , , , , , , , , , , , , , , , , , , , , , , , , , , , , , , , , , , , , , , , , , , , , , , , , , , , , , , , , , , , , , , , , , , , , , , , , , , , , , , , , , , , , , , , , , , , , , , , , , , , , , , , , , , , , , , , , , , , , , , , , , , , , , , , , , , , , , , , , , , , , , , , , , , , , , , , , , , , , , , , , , , , , , , , , , , , , , , , , , , , , , , , , , , , , , , , , , , , , , , , , , , , , , , , , , , , , , , , , , , , , , , , , , , , , , , , , , , , , , , , , , , , 
991158,160102,Haryana,HR-U835,Urban,District name, ,PSU name,Census/UFS PSU number,Address,HH/Flat/Apt number,Door number,GATS-3/100/06,Head name,Head father/spouse name,Observation,Female, , , , , , , , , , , , , , , , , , , , , , , , , , , , , , , , , , , , , , , , , , , , , , , , , , , , , , , , , , , , , , , , , , , , , , , , , , , , , , , , , , , , , , , , , , , , , , , , , , , , , , , , , , , , , , , , , , , , , , , , , , , , , , , , , , , , , , , , , , , , , , , , , , , , , , , , , , , , , , , , , , , , , , , , , , , , , , , , , , , , , , , , , , , , , , , , , , , , , , , , , , , , , , , , , , , , , , , , , , , , , , , , , , , , , , , , , , , , , , , , , , , , , , , , , , , , , , , , , , , , , , , , , , , , , , , , , , , , , , , , , , , , , , , , , , , , , , , , , , , , , , , , , , , , , , , , , , , , , , , , , , , , , , , , , , , , , , , , , , , , , , , , , , , , , , , , , , , , , , , , , , , , , , , , , , , , , , , , , , , , , , , , , , , , , , , , , , , , , , , , , , , , , , , , , , , , , , , , , , , , , , , , , , , , , , , , , , , , , , , , , , , , , , , , , , , , , , , , , , , , , , , , , , , , , , , , , , , , , , , , , , , , , , , , , , , , , , , , , , , , , , , , , , , , , , , , , , , , , , , , , , , , , , , , , , , , , , , , , , , , , , , , , , , , , , , , , , , , , , , , , , , , 
991159,160102,Haryana,HR-R499,Rural,District name,Sub-district name,PSU name,Census/UFS PSU number,Address,HH/Flat/Apt number,Door number,GATS-3/185/01,Head name,Head father/spouse name,Observation,Female, , , , , , , , , , , , , , , , , , , , , , , , , , , , , , , , , , , , , , , , , , , , , , , , , , , , , , , , , , , , , , , , , , , , , , , , , , , , , , , , , , , , , , , , , , , , , , , , , , , , , , , , , , , , , , , , , , , , , , , , , , , , , , , , , , , , , , , , , , , , , , , , , , , , , , , , , , , , , , , , , , , , , , , , , , , , , , , , , , , , , , , , , , , , , , , , , , , , , , , , , , , , , , , , , , , , , , , , , , , , , , , , , , , , , , , , , , , , , , , , , , , , , , , , , , , , , , , , , , , , , , , , , , , , , , , , , , , , , , , , , , , , , , , , , , , , , , , , , , , , , , , , , , , , , , , , , , , , , , , , , , , , , , , , , , , , , , , , , , , , , , , , , , , , , , , , , , , , , , , , , , , , , , , , , , , , , , , , , , , , , , , , , , , , , , , , , , , , , , , , , , , , , , , , , , , , , , , , , , , , , , , , , , , , , , , , , , , , , , , , , , , , , , , , , , , , , , , , , , , , , , , , , , , , , , , , , , , , , , , , , , , , , , , , , , , , , , , , , , , , , , , , , , , , , , , , , , , , , , , , , , , , , , , , , , , , , , , , , , , , , , , , , , , , , , , , , , , , , , , , , , , , 
991160,160102,Haryana,HR-U045,Urban,District name, ,PSU name,Census/UFS PSU number,Address,HH/Flat/Apt number,Door number,GATS-3/119/08,Head name,Head father/spouse name,Observation,Female, , , , , , , , , , , , , , , , , , , , , , , , , , , , , , , , , , , , , , , , , , , , , , , , , , , , , , , , , , , , , , , , , , , , , , , , , , , , , , , , , , , , , , , , , , , , , , , , , , , , , , , , , , , , , , , , , , , , , , , , , , , , , , , , , , , , , , , , , , , , , , , , , , , , , , , , , , , , , , , , , , , , , , , , , , , , , , , , , , , , , , , , , , , , , , , , , , , , , , , , , , , , , , , , , , , , , , , , , , , , , , , , , , , , , , , , , , , , , , , , , , , , , , , , , , , , , , , , , , , , , , , , , , , , , , , , , , , , , , , , , , , , , , , , , , , , , , , , , , , , , , , , , , , , , , , , , , , , , , , , , , , , , , , , , , , , , , , , , , , , , , , , , , , , , , , , , , , , , , , , , , , , , , , , , , , , , , , , , , , , , , , , , , , , , , , , , , , , , , , , , , , , , , , , , , , , , , , , , , , , , , , , , , , , , , , , , , , , , , , , , , , , , , , , , , , , , , , , , , , , , , , , , , , , , , , , , , , , , , , , , , , , , , , , , , , , , , , , , , , , , , , , , , , , , , , , , , , , , , , , , , , , , , , , , , , , , , , , , , , , , , , , , , , , , , , , , , , , , , , , , , , , 
991161,160103,Haryana,HR-U235,Urban,District name, ,PSU name,Census/UFS PSU number,Address,HH/Flat/Apt number,Door number,GATS-3/179/02,Head name,Head father/spouse name,Observation,Male,1/29/2026 11:28:51 AM,1/29/2026 11:36:20 AM,1/29/2026 11:35:04 AM,1/29/2026 12:01:19 PM,2,53,1,Mukhtyar Ahmad,0.487480301,200,1/29/2026 11:35:02 AM,400,1/29/2026 12:01:18 PM,200,1/29/2026 11:35:02 AM,400,1/29/2026 12:01:18 PM, , , , , , , , , , , , , , , , , ,1,6,3,0,2,Mohammad Akram Mir,Mukhtyar Ahmad, , , , , , , , , , , , , , , , , , ,71,53, , , , , , , , , , , , , , , , , , , , , , , , , , , , , , , , , , , , , , , , , , , , , , , , , , , , , , , , , , ,1,1, , , , , , , , , , , , , , , , , , ,1,1, , , , , , , , , , , , , , , , , , ,2,2, , , , , , , , , , , , , , , , , , ,2, , , ,1,3,1,11,1973, , , ,5,4,1,1,2,1,2,2,1,2,2,2,2,1,2,1,4,2, ,2,2,1, ,25, ,25, , , , , , , , , , , , , , , ,0,0,0,0,20,0, , , , , , , , , , , , , , , , , , , , , , , , , , , , , , , , ,1,2, ,4,1, ,2,1,1,3,1, , , , , , , , , , , , , ,2,3, ,3, , , , , , , , , , , , , , , , , , , , , , , , , , , , , , , , , , , , , , , , , , , , , , , , , , , , , , , , , , , ,2, ,2, ,2, ,2, , , , , , , , , , , , , , , , ,1,3,1,1,1, , , , , , , , , , , , , , , , , , , , , , ,1,1,3,2, , , , ,1,2,1,2,2, , ,2, ,1,2,2, ,2, ,2, ,1,1, , , , , , , , , , , , , , , , , , , , , , , , , , , , , , ,2,2,2,1,2,1,2,2,1,2, ,2,2,2,2,2,1,2,1,2,2,2,2, , ,2,1,1, , , , ,2,2,2,2,2,2,1,2,2,1,2,2,2,2, ,2,2,2,2,2,2,2,2,2,2,2,2, ,2,2,2,2,2,2,2,2,2,2,2,2,2,2,2,2,2,2,2,2,2,2,1,1,1,1,1,2,1,2,1,1,1,1,1,3, , ,Respondent was Aware about the side effects of using tobacco,52
991162,160103,Haryana,HR-U980,Urban,District name, ,PSU name,Census/UFS PSU number,Address,HH/Flat/Apt number,Door number,GATS-3/279/09,Head name,Head father/spouse name,Observation,Male,1/29/2026 12:06:52 PM,1/29/2026 12:20:28 PM,1/29/2026 12:11:40 PM,1/29/2026 12:43:14 PM,2,39,1,Reyaz Ahmad,0.069238838,200,1/29/2026 12:11:38 PM,400,1/29/2026 12:43:12 PM,200,1/29/2026 12:11:38 PM,400,1/29/2026 12:43:12 PM, , , , , , , , , , , , , , , , , ,1,9,4,3,2,Abdul Rashid,Reyaz Ahmad, , , , , , , , , , , , , , , , , , ,46,39, , , , , , , , , , , , , , , , , , , , , , , , , , , , , , , , , , , , , , , , , , , , , , , , , , , , , , , , , , ,1,1, , , , , , , , , , , , , , , , , , ,1,1, , , , , , , , , , , , , , , , , , ,1,1, , , , , , , , , , , , , , , , , , ,2, , , ,1,3,1,4,1987, , , ,4,4,1,1,2,1,2,2,1,2,2,1,2,1,2,1,1,2, ,2,1, , ,25, ,25, ,5, ,0, ,0, ,0, ,6, ,0, , ,4, , , , , , , , , , , , , , , , , , , , , , , , , , , , , , , , , , , , , , ,2, ,2,1,1, ,2,1,2, , , , , , , , , , , , , , , , ,3, ,3, , , , , , , , , , , , , , , , , , , , , , , , , , , , , , , , , , , , , , , , , , , , , , , , , , , , , , , , , , , ,2, ,2, ,2, ,1,1,3, , ,2,2,2,2,2,2,2,2,2,1,2, ,2, , , ,2, , , , , , , , , , , , , , , , , , , , , , ,1,1,1,1,1, ,1,1,1,1,2, ,2, , ,2, ,1,2,2, ,2, ,2, ,1,1,2, , ,1, ,1, , ,60,2, , , , , , , , , , , , , , , , , , , , ,1,2,1,1,2,1,2,1,1,2, ,1,2,1,1,1,1,2,1,2,2,1,2, , ,2,1,1, , , , ,1,2,2,1,1,1,1,1,2,1,2,2,2,2, ,2,1,1,2,2,2,2,1,2,2,2,2, ,2,2,2,2,2,2,2,2,2,2,2,2,2,2,2,2,2,2,2,2,2,2,1,1,1,1,1,2,2,2,1,1,1,1,1,3, , ,Respondent was not aware of quitting majors to quit smoking,38
991163,160103,Haryana,HR-U404,Urban,District name, ,PSU name,Census/UFS PSU number,Address,HH/Flat/Apt number,Door number,GATS-3/253/09,Head name,Head father/spouse name,Observation,Male,1/29/2026 12:51:16 PM,1/29/2026 1:09:40 PM,1/29/2026 12:57:45 PM,1/29/2026 1:10:08 PM,2,35,1,Fayaz Ahmad Mir,0.487396944,200,1/29/2026 12:57:41 PM,309,1/29/2026 1:11:00 PM,200,1/29/2026 12:57:41 PM,309,1/29/2026 1:11:00 PM, , , , , , , , , , , , , , , , ,33.98659 74.75141 1570.9 13.3,1,7,6,1,3,Abdul Rahim Mir,Fayaz Ahmad Mir,Aftab Ahmad Mir, , , , , , , , , , , , , , , , , ,63,35,30, , , , , , , , , , , , , , , , , , , , , , , , , , , , , , , , , , , , , , , , , , , , , , , , , , , , , , , , , ,1,1,1, , , , , , , , , , , , , , , , , ,1,2,2, , , , , , , , , , , , , , , , , ,2,2,2, , , , , , , , , , , , , , , , , ,2,33.98620833333334 74.74998166666666 1566.0 9.9, , ,2, , , , , , , , , , , , , , , , , , , , , , , , , , , , , , , , , , , , , , , , , , , , , , , , , , , , , , , , , , , , , , , , , , , , , , , , , , , , , , , , , , , , , , , , , , , , , , , , , , , , , , , , , , , , , , , , , , , , , , , , , , , , , , , , , , , , , , , , , , , , , , , , , , , , , , , , , , , , , , , , , , , , , , , , , , , , , , , , , , , , , , , , , , , , , , , , , , , , , , , , , , , , , , , , , , , , , , , , , , , , , , , , , , , , , , , , , , , , , , , , , , , , , , , , , , , , , , , , , , , , , , , , , , , , , , , , , , , , , , , , , , , , , , , , , , , , , , , , , , , , , , , , , , , , , , , , , , , , , , , , , , , , , , , , , , , , , , , , , , , , , , , , , , , , , , , , , , , , , , , , , , , , , , , , , , , , , , , , , , , , 
991164,160103,Haryana,HR-U809,Urban,District name, ,PSU name,Census/UFS PSU number,Address,HH/Flat/Apt number,Door number,GATS-3/063/03,Head name,Head father/spouse name,Observation,Male,1/29/2026 1:13:24 PM,1/29/2026 1:18:03 PM,1/29/2026 1:15:50 PM,1/29/2026 1:18:20 PM,2,23,1,Muzamil Bilal,0.454352414,200,1/29/2026 1:15:48 PM,309,1/29/2026 1:19:00 PM,200,1/29/2026 1:15:48 PM,309,1/29/2026 1:19:00 PM, , , , , , , , , , , , , , , , ,33.987383333333334 74.75188166666666 1566.0 15.6,1,5,4,0,2,Bilal Ahmad Mir,Muzamil Bilal, , , , , , , , , , , , , , , , , , ,52,23, , , , , , , , , , , , , , , , , , , , , , , , , , , , , , , , , , , , , , , , , , , , , , , , , , , , , , , , , , ,1,1, , , , , , , , , , , , , , , , , , ,1,2, , , , , , , , , , , , , , , , , , ,2,2, , , , , , , , , , , , , , , , , , ,2, , , ,2, , , , , , , , , , , , , , , , , , , , , , , , , , , , , , , , , , , , , , , , , , , , , , , , , , , , , , , , , , , , , , , , , , , , , , , , , , , , , , , , , , , , , , , , , , , , , , , , , , , , , , , , , , , , , , , , , , , , , , , , , , , , , , , , , , , , , , , , , , , , , , , , , , , , , , , , , , , , , , , , , , , , , , , , , , , , , , , , , , , , , , , , , , , , , , , , , , , , , , , , , , , , , , , , , , , , , , , , , , , , , , , , , , , , , , , , , , , , , , , , , , , , , , , , , , , , , , , , , , , , , , , , , , , , , , , , , , , , , , , , , , , , , , , , , , , , , , , , , , , , , , , , , , , , , , , , , , , , , , , , , , , , , , , , , , , , , , , , , , , , , , , , , , , , , , , , , , , , , , , , , , , , , , , , , , , , , , , , , , , , 
991165,160103,Haryana,HR-U256,Urban,District name, ,PSU name,Census/UFS PSU number,Address,HH/Flat/Apt number,Door number,GATS-3/012/05,Head name,Head father/spouse name,Observation,Male,1/29/2026 1:25:00 PM,1/29/2026 1:30:38 PM,1/29/2026 1:26:58 PM,1/29/2026 1:30:56 PM,2,28,1,Shafi ul Mehraj,0.28620007,200,1/29/2026 1:26:55 PM,309,1/29/2026 1:31:00 PM,200,1/29/2026 1:26:55 PM,309,1/29/2026 1:31:00 PM, , , , , , , , , , , , , , , , ,33.98616333333334 74.75119833333333 1574.8 10.0,1,4,4, ,2,Mehraj ud Din,Shafi ul Mehraj, , , , , , , , , , , , , , , , , , ,57,28, , , , , , , , , , , , , , , , , , , , , , , , , , , , , , , , , , , , , , , , , , , , , , , , , , , , , , , , , , ,1,1, , , , , , , , , , , , , , , , , , ,1,2, , , , , , , , , , , , , , , , , , ,2,2, , , , , , , , , , , , , , , , , , ,2, , , ,2, , , , , , , , , , , , , , , , , , , , , , , , , , , , , , , , , , , , , , , , , , , , , , , , , , , , , , , , , , , , , , , , , , , , , , , , , , , , , , , , , , , , , , , , , , , , , , , , , , , , , , , , , , , , , , , , , , , , , , , , , , , , , , , , , , , , , , , , , , , , , , , , , , , , , , , , , , , , , , , , , , , , , , , , , , , , , , , , , , , , , , , , , , , , , , , , , , , , , , , , , , , , , , , , , , , , , , , , , , , , , , , , , , , , , , , , , , , , , , , , , , , , , , , , , , , , , , , , , , , , , , , , , , , , , , , , , , , , , , , , , , , , , , , , , , , , , , , , , , , , , , , , , , , , , , , , , , , , , , , , , , , , , , , , , , , , , , , , , , , , , , , , , , , , , , , , , , , , , , , , , , , , , , , , , , , , , , , , , , , , 
991166,160103,Haryana,HR-R019,Rural,District name,Sub-district name,PSU name,Census/UFS PSU number,Address,HH/Flat/Apt number,Door number,GATS-3/229/01,Head name,Head father/spouse name,Observation,Male,1/29/2026 1:34:21 PM,1/29/2026 1:38:40 PM,1/29/2026 1:36:20 PM,1/29/2026 1:38:49 PM,2,33,1,Aijaz ul Nabi Darzi,0.308172666,200,1/29/2026 1:36:13 PM,309,1/29/2026 1:39:00 PM,200,1/29/2026 1:36:13 PM,309,1/29/2026 1:39:00 PM, , , , , , , , , , , , , , , , ,33.98648333333333 74.751475 1575.2 5.9,1,5,4,1,2,Ghulam Nabi darzi,Aijaz ul Nabi Darzi, , , , , , , , , , , , , , , , , , ,62,33, , , , , , , , , , , , , , , , , , , , , , , , , , , , , , , , , , , , , , , , , , , , , , , , , , , , , , , , , , ,1,1, , , , , , , , , , , , , , , , , , ,2,2, , , , , , , , , , , , , , , , , , ,2,2, , , , , , , , , , , , , , , , , , ,2, , , ,2, , , , , , , , , , , , , , , , , , , , , , , , , , , , , , , , , , , , , , , , , , , , , , , , , , , , , , , , , , , , , , , , , , , , , , , , , , , , , , , , , , , , , , , , , , , , , , , , , , , , , , , , , , , , , , , , , , , , , , , , , , , , , , , , , , , , , , , , , , , , , , , , , , , , , , , , , , , , , , , , , , , , , , , , , , , , , , , , , , , , , , , , , , , , , , , , , , , , , , , , , , , , , , , , , , , , , , , , , , , , , , , , , , , , , , , , , , , , , , , , , , , , , , , , , , , , , , , , , , , , , , , , , , , , , , , , , , , , , , , , , , , , , , , , , , , , , , , , , , , , , , , , , , , , , , , , , , , , , , , , , , , , , , , , , , , , , , , , , , , , , , , , , , , , , , , , , , , , , , , , , , , , , , , , , , , , , , , , , , , , 
991167,160103,Haryana,HR-R708,Rural,District name,Sub-district name,PSU name,Census/UFS PSU number,Address,HH/Flat/Apt number,Door number,GATS-3/272/06,Head name,Head father/spouse name,Observation,Male,1/29/2026 1:45:03 PM,1/29/2026 1:49:47 PM,1/29/2026 1:48:05 PM,1/29/2026 1:49:53 PM,2,27,1,Zahid Rasool mir,0.5373563,200,1/29/2026 1:48:03 PM,309,1/29/2026 1:50:00 PM,200,1/29/2026 1:48:03 PM,309,1/29/2026 1:50:00 PM, , , , , , , , , , , , , , , , ,33.986805 74.751165 1558.2 7.0,1,5,5, ,4,Ghulam Rasool mir,Zahid Rasool mir,Imtiyaz Ahmad Mir,sahil mir, , , , , , , , , , , , , , , , ,55,27,25,22, , , , , , , , , , , , , , , , , , , , , , , , , , , , , , , , , , , , , , , , , , , , , , , , , , , , , , , , ,1,1,1,1, , , , , , , , , , , , , , , , ,1,2,2,2, , , , , , , , , , , , , , , , ,2,2,2,2, , , , , , , , , , , , , , , , ,2, , , ,2, , , , , , , , , , , , , , , , , , , , , , , , , , , , , , , , , , , , , , , , , , , , , , , , , , , , , , , , , , , , , , , , , , , , , , , , , , , , , , , , , , , , , , , , , , , , , , , , , , , , , , , , , , , , , , , , , , , , , , , , , , , , , , , , , , , , , , , , , , , , , , , , , , , , , , , , , , , , , , , , , , , , , , , , , , , , , , , , , , , , , , , , , , , , , , , , , , , , , , , , , , , , , , , , , , , , , , , , , , , , , , , , , , , , , , , , , , , , , , , , , , , , , , , , , , , , , , , , , , , , , , , , , , , , , , , , , , , , , , , , , , , , , , , , , , , , , , , , , , , , , , , , , , , , , , , , , , , , , , , , , , , , , , , , , , , , , , , , , , , , , , , , , , , , , , , , , , , , , , , , , , , , , , , , , , , , , , , , , , , , 
991168,160103,Haryana,HR-R991,Rural,District name,Sub-district name,PSU name,Census/UFS PSU number,Address,HH/Flat/Apt number,Door number,GATS-3/137/03,Head name,Head father/spouse name,Observation,Male,1/29/2026 2:16:33 PM,1/29/2026 2:19:47 PM,1/29/2026 2:18:45 PM,1/29/2026 2:38:20 PM,1,48,1,Bashir ahmad bhat,0.523373283,200,1/29/2026 2:18:17 PM,400,1/29/2026 2:38:19 PM,200,1/29/2026 2:18:17 PM,400,1/29/2026 2:38:19 PM, , , , , , , , , , , , , , , , , ,1,4,4, ,2,Bashir ahmad bhat,adil bashir, , , , , , , , , , , , , , , , , , ,48,23, , , , , , , , , , , , , , , , , , , , , , , , , , , , , , , , , , , , , , , , , , , , , , , , , , , , , , , , , , ,1,1, , , , , , , , , , , , , , , , , , ,1,1, , , , , , , , , , , , , , , , , , ,2,2, , , , , , , , , , , , , , , , , , ,2, , , ,1,3,1,4,1977, , , ,5,4,1,1,2,1,1,2,1,2,2,1,2,1,2,1,4,2, ,2,1, , ,18, ,18, ,30, ,0, ,0, ,0, ,0, ,0, , ,4, , , , , , , , , , , , , , , , , , , , , , , , , , , , , , , , , , , , , , , , , , , , , , ,2, , , , , , , , , , , , , , , , ,3, ,3, , , , , , , , , , , , , , , , , , , , , , , , , , , , , , , , , , , , , , , , , , , , , , , , , , , , , , , , , , , ,2, ,2, ,2, ,1,4, , , ,2,2,2,2,2,2,2,2,2,1,2, ,1,1,2, ,1, , , , , , , , , , , , , , , , , , , , , , ,1,1,3,1,2,1,1,1,1,1,1,1,2, , ,2, ,2, ,2, ,1,1,2, ,1,1,2, , ,1, ,1, , ,60,2, , , , , , , , , , , , , , , , , , , , ,2,2,2,2,2,1,2,2,2,2, ,1,1,2,2,2,2,2,1,2,2,2,2, , ,2,1,1, , , , ,1,1,2,2,2,2,2,2,2,1,2,2,2,2, ,2,2,2,2,2,2,2,1,2,2,2,2, ,2,2,2,2,2,2,2,2,2,2,2,2,2,2,2,2,2,2,2,2,2,2,1,1,1,1,1,1,1,1,1,1,1,1,1,4, , ,respondent wants to quit smoking,48
991169,160103,Haryana,HR-U177,Urban,District name, ,PSU name,Census/UFS PSU number,Address,HH/Flat/Apt number,Door number,GATS-3/235/05,Head name,Head father/spouse name,Observation,Male,1/29/2026 3:27:31 PM,1/29/2026 3:33:09 PM,1/29/2026 3:30:13 PM,1/29/2026 3:51:51 PM,2,38,1,mohsin ali,0.491156222,200,1/29/2026 3:30:10 PM,400,1/29/2026 3:51:49 PM,200,1/29/2026 3:30:10 PM,400,1/29/2026 3:51:49 PM, , ,309,1/29/2026 3:32:00 PM, , , , , , , , , , , , , ,1,3,3, ,2,Ali Mohammad,mohsin ali, , , , , , , , , , , , , , , , , , ,61,38, , , , , , , , , , , , , , , , , , , , , , , , , , , , , , , , , , , , , , , , , , , , , , , , , , , , , , , , , , ,1,1, , , , , , , , , , , , , , , , , , ,1,1, , , , , , , , , , , , , , , , , , ,2,2, , , , , , , , , , , , , , , , , , ,2, , , ,1,3,1,3,1995, , , ,4,4,1,1,2,1,1,1,1,2,2,1,2,1,2,1,4,2, ,2,1, , ,-7,-7,-7,7,10, ,0, ,0, ,0, ,0, ,0, , ,2, , , , , , , , , , , , , , , , , , , , , , , , , , , , , , , , , , , , , , , , , , , , , , ,1,3,2, , , , , , , , , , , , , ,2,3, ,3, , , , , , , , , , , , , , , , , , , , , , , , , , , , , , , , , , , , , , , , , , , , , , , , , , , , , , , , , , , ,2, ,2, ,2, ,2, , , , , , , , , , , , , , , , ,1,2,1,2,4, , , , , , , , , , , , , , , , , , , , , , ,1,2,5,1,2,1,2,1,2, ,2, ,2, , ,2, ,1,2,2, ,2, ,2, ,1,1,2, , ,1, ,1, , ,60,2, , , , , , , , , , , , , , , , , , , , ,2,2,1,2,2,1,2,2,2,2, ,2,2,2,2,2,2,2,2,2,2,2,2, , ,2,1,1, , , , ,2,2,2,2,2,2,2,2,2,1,2,2,2,2, ,2,2,2,2,2,2,2,1,2,2,2,2, ,2,2,2,2,2,2,2,2,2,2,2,2,2,2,2,2,2,2,2,2,2,2,1,1,1,1,1,2,1,1,1,1,1,2,1,3, , ,respondent was cooperative,30
991170,160103,Haryana,HR-R468,Rural,District name,Sub-district name,PSU name,Census/UFS PSU number,Address,HH/Flat/Apt number,Door number,GATS-3/294/01,Head name,Head father/spouse name,Observation,Male,1/30/2026 11:34:27 AM,1/30/2026 11:41:01 AM,1/30/2026 11:37:54 AM,1/30/2026 11:41:24 AM,2,30,1,Syed rahulla,0.648769226,200,1/30/2026 11:37:51 AM,309,1/30/2026 11:42:00 AM,200,1/30/2026 11:37:51 AM,309,1/30/2026 11:42:00 AM, , , , , , , , , , , , , , , , ,33.98859 74.75180166666668 1588.0 14.6,1,4,4, ,3,Syed Amjad,Syed rahulla,Syed hadi, , , , , , , , , , , , , , , , , ,58,30,27, , , , , , , , , , , , , , , , , , , , , , , , , , , , , , , , , , , , , , , , , , , , , , , , , , , , , , , , , ,1,1,1, , , , , , , , , , , , , , , , , ,1,2,2, , , , , , , , , , , , , , , , , ,2,2,2, , , , , , , , , , , , , , , , , ,2,33.98688833333333 74.751935 1761.6 12.0, , ,2, , , , , , , , , , , , , , , , , , , , , , , , , , , , , , , , , , , , , , , , , , , , , , , , , , , , , , , , , , , , , , , , , , , , , , , , , , , , , , , , , , , , , , , , , , , , , , , , , , , , , , , , , , , , , , , , , , , , , , , , , , , , , , , , , , , , , , , , , , , , , , , , , , , , , , , , , , , , , , , , , , , , , , , , , , , , , , , , , , , , , , , , , , , , , , , , , , , , , , , , , , , , , , , , , , , , , , , , , , , , , , , , , , , , , , , , , , , , , , , , , , , , , , , , , , , , , , , , , , , , , , , , , , , , , , , , , , , , , , , , , , , , , , , , , , , , , , , , , , , , , , , , , , , , , , , , , , , , , , , , , , , , , , , , , , , , , , , , , , , , , , , , , , , , , , , , , , , , , , , , , , , , , , , , , , , , , , , , , , , , 
991171,160103,Haryana,HR-U721,Urban,District name, ,PSU name,Census/UFS PSU number,Address,HH/Flat/Apt number,Door number,GATS-3/087/06,Head name,Head father/spouse name,Observation,Male,1/30/2026 11:54:52 AM,1/30/2026 11:58:53 AM,1/30/2026 11:57:15 AM,1/30/2026 12:16:28 PM,1,48,1,Ghulam Mohammad,0.839215235,200,1/30/2026 11:57:12 AM,400,1/30/2026 12:16:27 PM,200,1/30/2026 11:57:12 AM,400,1/30/2026 12:16:27 PM, , , , , , , , , , , , , , , , ,33.987321666666666 74.75157833333333 1583.1 5.7,1,5,4,1,3,Ghulam Mohammad,shahnawaz,Ghulam Hussain, , , , , , , , , , , , , , , , , ,48,30,26, , , , , , , , , , , , , , , , , , , , , , , , , , , , , , , , , , , , , , , , , , , , , , , , , , , , , , , , , ,1,1,1, , , , , , , , , , , , , , , , , ,2,2,2, , , , , , , , , , , , , , , , , ,2,2,2, , , , , , , , , , , , , , , , , ,2,33.9873 74.75155 1583.2 7.5, , ,1,3,1,3,1978, , , ,1,4,1,1,2,1,1,1,1,1,1,1,2,1,2,1,4,2, ,2,3, ,3, , , , , , , , , , , , , , , , , , , , , , , , , , , , , , , , , , , , , , , , , , , , , , , , , , , , , , , , , , , , , , , , ,1,3,2, , , , , , , , , , , , , ,1,3, ,3, , , , , , , , , , , , , , , , , , , , , , , , , , , , , , , , , , , , , , , , , , , , , , , , , , , , , , , , , , , ,2, ,2, ,2, , , , , , , , , , , , , , , , , , , , , , , , , , , , , , , , , , , , , , , , , , , , , ,3, , ,1,1, ,2,2,2, ,2, ,2, , ,2, ,2, ,2, ,2, ,2, ,1,1, , , , , , , , , , , , , , , , , , , , , , , , , , , , , , ,2,2,2,2,2,1,2,2,2,2, , ,2,2,2,2,2,2,1,2,2,2,2, , ,2, , , , , , ,2,2,2,2,2,2,2,2,2,2,2,2,2,2, ,2,2,2,2,2,2,2,2,2,2,2,2, ,2,2,2,2,2,2,2,2,2,2,2,2,2,2,2,2,2,2,2,2,1,2,1,1,1,1,1,1,1,1,1,1,1,1,1, , , ,respondent didn't use any kind of tobacco,47
991172,160103,Haryana,HR-R434,Rural,District name,Sub-district name,PSU name,Census/UFS PSU number,Address,HH/Flat/Apt number,Door number,GATS-3/281/04,Head name,Head father/spouse name,Observation,Male,1/30/2026 12:40:57 PM,1/30/2026 12:43:01 PM,1/30/2026 12:42:43 PM,1/30/2026 12:53:03 PM,2,26,1,Syed Hasnain,0.351620721,200,1/30/2026 12:42:41 PM,400,1/30/2026 12:53:02 PM,200,1/30/2026 12:42:41 PM,400,1/30/2026 12:53:02 PM, , , , , , , , , , , , , , , , , ,1,6,6, ,2,Syed shabir,Syed Hasnain, , , , , , , , , , , , , , , , , , ,60,26, , , , , , , , , , , , , , , , , , , , , , , , , , , , , , , , , , , , , , , , , , , , , , , , , , , , , , , , , , ,1,1, , , , , , , , , , , , , , , , , , ,2,2, , , , , , , , , , , , , , , , , , ,2,2, , , , , , , , , , , , , , , , , , ,2,33.987613333333336 74.75281 1875.2 15.7, , ,1,3,1,10,1999, , , ,7,5,1,1,2,1,1,2,1,1,2,1,2,1,2,1,4,2, ,1,3, ,3, , , , , , , , , , , , , , , , , , , , , , , , , , , , , , , , , , , , , , , , , , , , , , , , , , , , , , , , , , , , , , , , ,1,3,2, , , , , , , , , , , , , ,2,3, ,3, , , , , , , , , , , , , , , , , , , , , , , , , , , , , , , , , , , , , , , , , , , , , , , , , , , , , , , , , , , ,2, ,2, ,2, , , , , , , , , , , , , , , , , , , , , , , , , , , , , , , , , , , , , , , , , , , , , ,3, , ,2, , , , ,2, ,2, ,1,2,1,2, ,1,2,2, ,2, ,2, ,1,1, , , , , , , , , , , , , , , , , , , , , , , , , , , , , , ,1,1,2,2,2,1,2,1,1,2, , ,2,1,1,2,2,2,1,2,1,1,2, , ,2, , , , , , ,1,1,2,2,2,2,2,2,2,1,2,2,2,2, ,2,2,2,2,2,2,2,1,2,2,2,2, ,2,2,2,2,2,2,1,2,2,2,2,2,2,2,2,2,2,2,2,2,1,2,1,1,1,1,1,-7,1,-7,1,1,1,1,1, , , ,respondent was cooperative,26
991173,160103,Haryana,HR-U328,Urban,District name, ,PSU name,Census/UFS PSU number,Address,HH/Flat/Apt number,Door number,GATS-3/121/02,Head name,Head father/spouse name,Observation,Male,1/30/2026 1:00:33 PM,1/30/2026 1:04:35 PM,1/30/2026 1:03:39 PM,1/30/2026 1:13:25 PM,1,61,1,Ghulam Mohammad rather,0.70292245,200,1/30/2026 1:03:19 PM,400,1/30/2026 1:13:17 PM,200,1/30/2026 1:03:19 PM,400,1/30/2026 1:13:17 PM, , , , , , , , , , , , , , , , , ,1,5,3,1,2,Ghulam Mohammad rather,irshad Ali rather, , , , , , , , , , , , , , , , , , ,61,30, , , , , , , , , , , , , , , , , , , , , , , , , , , , , , , , , , , , , , , , , , , , , , , , , , , , , , , , , , ,1,1, , , , , , , , , , , , , , , , , , ,2,2, , , , , , , , , , , , , , , , , , ,2,2, , , , , , , , , , , , , , , , , , ,2, , , ,1,3,1,1,1965, , , ,1,4,1,1,2,2,1,2,1,2,2,1,2,2,2,1,4,2, ,2,3, ,3, , , , , , , , , , , , , , , , , , , , , , , , , , , , , , , , , , , , , , , , , , , , , , , , , , , , , , , , , , , , , , , , ,2, , , , , , , , , , , , , , , , ,3, ,3, , , , , , , , , , , , , , , , , , , , , , , , , , , , , , , , , , , , , , , , , , , , , , , , , , , , , , , , , , , ,2, ,2, ,2, , , , , , , , , , , , , , , , , , , , , , , , , , , , , , , , , , , , , , , , , , , , , ,3, , ,1,2,2, , ,2, ,1,2,2, , ,2, ,1,2,2, ,2, ,2, ,1,1, , , , , , , , , , , , , , , , , , , , , , , , , , , , , , ,2,1,2,2,2,2,2,2,2,2, , ,2,2,1,2,2,2,2,2,2,2,2, , ,2, , , , , , ,2,2,2,2,2,2,2,2,2,2,2,2,2,2, ,2,2,2,2,2,2,2,2,2,2,2,2, ,2,2,2,2,2,2,2,2,2,2,2,2,2,2,2,2,2,2,2,2,1,2,1,1,1,1,1,1,1,1,1,1,1,1,1, , , ,respondent was aware about DISADVANTAGES OF SMOKING OR SMOKELESS TOBACCO,61
991174,160103,Haryana,HR-U102,Urban,District name, ,PSU name,Census/UFS PSU number,Address,HH/Flat/Apt number,Door number,GATS-3/076/04,Head name,Head father/spouse name,Observation,Male,1/30/2026 2:47:35 PM,1/30/2026 2:50:51 PM,1/30/2026 2:50:16 PM,1/30/2026 3:04:35 PM,1,50,1,Ghulam Mohammad,0.870849028,200,1/30/2026 2:50:14 PM,400,1/30/2026 3:04:34 PM,200,1/30/2026 2:50:14 PM,400,1/30/2026 3:04:34 PM, , , , , , , , , , , , , , , , , ,1,4,4, ,2,Ghulam Mohammad,aijaz ahmad bhat, , , , , , , , , , , , , , , , , , ,50,35, , , , , , , , , , , , , , , , , , , , , , , , , , , , , , , , , , , , , , , , , , , , , , , , , , , , , , , , , , ,1,1, , , , , , , , , , , , , , , , , , ,2,2, , , , , , , , , , , , , , , , , , ,2,2, , , , , , , , , , , , , , , , , , ,2,33.98736833333333 74.75409833333333 1581.4 10.8, , ,1,3,1,1,1976, , , ,1,4,1,1,2,2,1,2,1,2,2,1,2,2,2,1,4,2, ,2,3, ,3, , , , , , , , , , , , , , , , , , , , , , , , , , , , , , , , , , , , , , , , , , , , , , , , , , , , , , , , , , , , , , , , ,2, , , , , , , , , , , , , , , , ,3, ,3, , , , , , , , , , , , , , , , , , , , , , , , , , , , , , , , , , , , , , , , , , , , , , , , , , , , , , , , , , , ,2, ,2, ,2, , , , , , , , , , , , , , , , , , , , , , , , , , , , , , , , , , , , , , , , , , , , , ,2,2,4,1,2,2, , ,2, ,2, ,2, , ,2, ,2, ,2, ,2, ,2, ,1,1, , , , , , , , , , , , , , , , , , , , , , , , , , , , , , ,2,1,2,2,2,2,2,2,2,2, , ,2,2,1,2,2,2,2,2,2,2,2, , ,2, , , , , , ,2,2,2,2,2,2,2,2,2,2,2,2,2,2, ,2,2,2,2,2,2,2,2,2,2,2,2, ,2,2,2,2,2,2,2,2,2,2,2,2,2,2,2,2,2,2,2,2,2,2,1,1,1,1,1,1,1,1,1,1,1,1,1, , , ,respondent was aware of danger of using tobacco,50
991175,160103,Haryana,HR-R552,Rural,District name,Sub-district name,PSU name,Census/UFS PSU number,Address,HH/Flat/Apt number,Door number,GATS-3/180/01,Head name,Head father/spouse name,Observation,Male,1/30/2026 3:35:31 PM,1/30/2026 3:38:36 PM,1/30/2026 3:38:06 PM,1/30/2026 3:44:04 PM,2,25,1,safeer Ali rather,0.320671212,200,1/30/2026 3:38:02 PM,400,1/30/2026 3:44:03 PM,200,1/30/2026 3:38:02 PM,400,1/30/2026 3:44:03 PM, , , , , , , , , , , , , , , , ,33.988146666666665 74.75589166666667 1565.4 13.3,1,4,4, ,2,Ahmad Ali rather,safeer Ali rather, , , , , , , , , , , , , , , , , , ,55,25, , , , , , , , , , , , , , , , , , , , , , , , , , , , , , , , , , , , , , , , , , , , , , , , , , , , , , , , , , ,1,1, , , , , , , , , , , , , , , , , , ,1,2, , , , , , , , , , , , , , , , , , ,2,2, , , , , , , , , , , , , , , , , , ,2,33.98808666666666 74.75583166666667 1565.2 15.6, , ,1,3,1,1,2001, , , ,7,5,1,1,2,1,2,1,1,2,2,1,2,1,2,1,4,2, ,1,3, ,3, , , , , , , , , , , , , , , , , , , , , , , , , , , , , , , , , , , , , , , , , , , , , , , , , , , , , , , , , , , , , , , , ,2, , , , , , , , , , , , , , , , ,3, ,3, , , , , , , , , , , , , , , , , , , , , , , , , , , , , , , , , , , , , , , , , , , , , , , , , , , , , , , , , , , ,2, ,2, ,2, , , , , , , , , , , , , , , , , , , , , , , , , , , , , , , , , , , , , , , , , , , , , ,3, , ,2, , , , ,1,2,1,2,2, , ,2, ,1,2,1,2,2, ,1,2,1,1, , , , , , , , , , , , , , , , , , , , , , , , , , , , , , ,2,1,2,2,2,2,2,2,2,2, , ,2,2,2,2,2,2,2,2,2,2,2, , ,2, , , , , , ,2,2,2,2,2,2,2,2,2,2,2,2,2,2, ,2,2,2,2,2,2,2,2,2,2,2,2, ,2,2,2,2,2,2,2,2,2,2,2,2,2,2,2,2,2,2,2,2,1,2,1,1,1,1,1,1,1,1,1,1,1,1,1, , , ,cooperative respondent,25
991176,160103,Haryana,HR-R390,Rural,District name,Sub-district name,PSU name,Census/UFS PSU number,Address,HH/Flat/Apt number,Door number,GATS-3/232/09,Head name,Head father/spouse name,Observation,Male, , , , , , , , , , , , , , , , , , , , , , , , , , , , , , , , , , , , , , , , , , , , , , , , , , , , , , , , , , , , , , , , , , , , , , , , , , , , , , , , , , , , , , , , , , , , , , , , , , , , , , , , , , , , , , , , , , , , , , , , , , , , , , , , , , , , , , , , , , , , , , , , , , , , , , , , , , , , , , , , , , , , , , , , , , , , , , , , , , , , , , , , , , , , , , , , , , , , , , , , , , , , , , , , , , , , , , , , , , , , , , , , , , , , , , , , , , , , , , , , , , , , , , , , , , , , , , , , , , , , , , , , , , , , , , , , , , , , , , , , , , , , , , , , , , , , , , , , , , , , , , , , , , , , , , , , , , , , , , , , , , , , , , , , , , , , , , , , , , , , , , , , , , , , , , , , , , , , , , , , , , , , , , , , , , , , , , , , , , , , , , , , , , , , , , , , , , , , , , , , , , , , , , , , , , , , , , , , , , , , , , , , , , , , , , , , , , , , , , , , , , , , , , , , , , , , , , , , , , , , , , , , , , , , , , , , , , , , , , , , , , , , , , , , , , , , , , , , , , , , , , , , , , , , , , , , , , , , , , , , , , , , , , , , , , , , , , , , , , , , , , , , , , , , , , , , , , , , , , , , , , , , 
991177,160103,Haryana,HR-R864,Rural,District name,Sub-district name,PSU name,Census/UFS PSU number,Address,HH/Flat/Apt number,Door number,GATS-3/120/07,Head name,Head father/spouse name,Observation,Male, , , , , , , , , , , , , , , , , , , , , , , , , , , , , , , , , , , , , , , , , , , , , , , , , , , , , , , , , , , , , , , , , , , , , , , , , , , , , , , , , , , , , , , , , , , , , , , , , , , , , , , , , , , , , , , , , , , , , , , , , , , , , , , , , , , , , , , , , , , , , , , , , , , , , , , , , , , , , , , , , , , , , , , , , , , , , , , , , , , , , , , , , , , , , , , , , , , , , , , , , , , , , , , , , , , , , , , , , , , , , , , , , , , , , , , , , , , , , , , , , , , , , , , , , , , , , , , , , , , , , , , , , , , , , , , , , , , , , , , , , , , , , , , , , , , , , , , , , , , , , , , , , , , , , , , , , , , , , , , , , , , , , , , , , , , , , , , , , , , , , , , , , , , , , , , , , , , , , , , , , , , , , , , , , , , , , , , , , , , , , , , , , , , , , , , , , , , , , , , , , , , , , , , , , , , , , , , , , , , , , , , , , , , , , , , , , , , , , , , , , , , , , , , , , , , , , , , , , , , , , , , , , , , , , , , , , , , , , , , , , , , , , , , , , , , , , , , , , , , , , , , , , , , , , , , , , , , , , , , , , , , , , , , , , , , , , , , , , , , , , , , , , , , , , , , , , , , , , , , , , , , , 
991178,160103,Haryana,HR-R118,Rural,District name,Sub-district name,PSU name,Census/UFS PSU number,Address,HH/Flat/Apt number,Door number,GATS-3/103/06,Head name,Head father/spouse name,Observation,Male, , , , , , , , , , , , , , , , , , , , , , , , , , , , , , , , , , , , , , , , , , , , , , , , , , , , , , , , , , , , , , , , , , , , , , , , , , , , , , , , , , , , , , , , , , , , , , , , , , , , , , , , , , , , , , , , , , , , , , , , , , , , , , , , , , , , , , , , , , , , , , , , , , , , , , , , , , , , , , , , , , , , , , , , , , , , , , , , , , , , , , , , , , , , , , , , , , , , , , , , , , , , , , , , , , , , , , , , , , , , , , , , , , , , , , , , , , , , , , , , , , , , , , , , , , , , , , , , , , , , , , , , , , , , , , , , , , , , , , , , , , , , , , , , , , , , , , , , , , , , , , , , , , , , , , , , , , , , , , , , , , , , , , , , , , , , , , , , , , , , , , , , , , , , , , , , , , , , , , , , , , , , , , , , , , , , , , , , , , , , , , , , , , , , , , , , , , , , , , , , , , , , , , , , , , , , , , , , , , , , , , , , , , , , , , , , , , , , , , , , , , , , , , , , , , , , , , , , , , , , , , , , , , , , , , , , , , , , , , , , , , , , , , , , , , , , , , , , , , , , , , , , , , , , , , , , , , , , , , , , , , , , , , , , , , , , , , , , , , , , , , , , , , , , , , , , , , , , , , , , , , , , 
991179,160103,Haryana,HR-U847,Urban,District name, ,PSU name,Census/UFS PSU number,Address,HH/Flat/Apt number,Door number,GATS-3/035/05,Head name,Head father/spouse name,Observation,Male, , , , , , , , , , , , , , , , , , , , , , , , , , , , , , , , , , , , , , , , , , , , , , , , , , , , , , , , , , , , , , , , , , , , , , , , , , , , , , , , , , , , , , , , , , , , , , , , , , , , , , , , , , , , , , , , , , , , , , , , , , , , , , , , , , , , , , , , , , , , , , , , , , , , , , , , , , , , , , , , , , , , , , , , , , , , , , , , , , , , , , , , , , , , , , , , , , , , , , , , , , , , , , , , , , , , , , , , , , , , , , , , , , , , , , , , , , , , , , , , , , , , , , , , , , , , , , , , , , , , , , , , , , , , , , , , , , , , , , , , , , , , , , , , , , , , , , , , , , , , , , , , , , , , , , , , , , , , , , , , , , , , , , , , , , , , , , , , , , , , , , , , , , , , , , , , , , , , , , , , , , , , , , , , , , , , , , , , , , , , , , , , , , , , , , , , , , , , , , , , , , , , , , , , , , , , , , , , , , , , , , , , , , , , , , , , , , , , , , , , , , , , , , , , , , , , , , , , , , , , , , , , , , , , , , , , , , , , , , , , , , , , , , , , , , , , , , , , , , , , , , , , , , , , , , , , , , , , , , , , , , , , , , , , , , , , , , , , , , , , , , , , , , , , , , , , , , , , , , , , , , , , 
991180,160103,Haryana,HR-U740,Urban,District name, ,PSU name,Census/UFS PSU number,Address,HH/Flat/Apt number,Door number,GATS-3/161/03,Head name,Head father/spouse name,Observation,Male, , , , , , , , , , , , , , , , , , , , , , , , , , , , , , , , , , , , , , , , , , , , , , , , , , , , , , , , , , , , , , , , , , , , , , , , , , , , , , , , , , , , , , , , , , , , , , , , , , , , , , , , , , , , , , , , , , , , , , , , , , , , , , , , , , , , , , , , , , , , , , , , , , , , , , , , , , , , , , , , , , , , , , , , , , , , , , , , , , , , , , , , , , , , , , , , , , , , , , , , , , , , , , , , , , , , , , , , , , , , , , , , , , , , , , , , , , , , , , , , , , , , , , , , , , , , , , , , , , , , , , , , , , , , , , , , , , , , , , , , , , , , , , , , , , , , , , , , , , , , , , , , , , , , , , , , , , , , , , , , , , , , , , , , , , , , , , , , , , , , , , , , , , , , , , , , , , , , , , , , , , , , , , , , , , , , , , , , , , , , , , , , , , , , , , , , , , , , , , , , , , , , , , , , , , , , , , , , , , , , , , , , , , , , , , , , , , , , , , , , , , , , , , , , , , , , , , , , , , , , , , , , , , , , , , , , , , , , , , , , , , , , , , , , , , , , , , , , , , , , , , , , , , , , , , , , , , , , , , , , , , , , , , , , , , , , , , , , , , , , , , , , , , , , , , , , , , , , , , , , , , , , 
991181,160103,Haryana,HR-U030,Urban,District name, ,PSU name,Census/UFS PSU number,Address,HH/Flat/Apt number,Door number,GATS-3/265/02,Head name,Head father/spouse name,Observation,Male, , , , , , , , , , , , , , , , , , , , , , , , , , , , , , , , , , , , , , , , , , , , , , , , , , , , , , , , , , , , , , , , , , , , , , , , , , , , , , , , , , , , , , , , , , , , , , , , , , , , , , , , , , , , , , , , , , , , , , , , , , , , , , , , , , , , , , , , , , , , , , , , , , , , , , , , , , , , , , , , , , , , , , , , , , , , , , , , , , , , , , , , , , , , , , , , , , , , , , , , , , , , , , , , , , , , , , , , , , , , , , , , , , , , , , , , , , , , , , , , , , , , , , , , , , , , , , , , , , , , , , , , , , , , , , , , , , , , , , , , , , , , , , , , , , , , , , , , , , , , , , , , , , , , , , , , , , , , , , , , , , , , , , , , , , , , , , , , , , , , , , , , , , , , , , , , , , , , , , , , , , , , , , , , , , , , , , , , , , , , , , , , , , , , , , , , , , , , , , , , , , , , , , , , , , , , , , , , , , , , , , , , , , , , , , , , , , , , , , , , , , , , , , , , , , , , , , , , , , , , , , , , , , , , , , , , , , , , , , , , , , , , , , , , , , , , , , , , , , , , , , , , , , , , , , , , , , , , , , , , , , , , , , , , , , , , , , , , , , , , , , , , , , , , , , , , , , , , , , , , , , , , 
991182,160103,Haryana,HR-U120,Urban,District name, ,PSU name,Census/UFS PSU number,Address,HH/Flat/Apt number,Door number,GATS-3/224/01,Head name,Head father/spouse name,Observation,Male, , , , , , , , , , , , , , , , , , , , , , , , , , , , , , , , , , , , , , , , , , , , , , , , , , , , , , , , , , , , , , , , , , , , , , , , , , , , , , , , , , , , , , , , , , , , , , , , , , , , , , , , , , , , , , , , , , , , , , , , , , , , , , , , , , , , , , , , , , , , , , , , , , , , , , , , , , , , , , , , , , , , , , , , , , , , , , , , , , , , , , , , , , , , , , , , , , , , , , , , , , , , , , , , , , , , , , , , , , , , , , , , , , , , , , , , , , , , , , , , , , , , , , , , , , , , , , , , , , , , , , , , , , , , , , , , , , , , , , , , , , , , , , , , , , , , , , , , , , , , , , , , , , , , , , , , , , , , , , , , , , , , , , , , , , , , , , , , , , , , , , , , , , , , , , , , , , , , , , , , , , , , , , , , , , , , , , , , , , , , , , , , , , , , , , , , , , , , , , , , , , , , , , , , , , , , , , , , , , , , , , , , , , , , , , , , , , , , , , , , , , , , , , , , , , , , , , , , , , , , , , , , , , , , , , , , , , , , , , , , , , , , , , , , , , , , , , , , , , , , , , , , , , , , , , , , , , , , , , , , , , , , , , , , , , , , , , , , , , , , , , , , , , , , , , , , , , , , , , , , , , , , 
991183,160103,Haryana,HR-U174,Urban,District name, ,PSU name,Census/UFS PSU number,Address,HH/Flat/Apt number,Door number,GATS-3/181/07,Head name,Head father/spouse name,Observation,Male, , , , , , , , , , , , , , , , , , , , , , , , , , , , , , , , , , , , , , , , , , , , , , , , , , , , , , , , , , , , , , , , , , , , , , , , , , , , , , , , , , , , , , , , , , , , , , , , , , , , , , , , , , , , , , , , , , , , , , , , , , , , , , , , , , , , , , , , , , , , , , , , , , , , , , , , , , , , , , , , , , , , , , , , , , , , , , , , , , , , , , , , , , , , , , , , , , , , , , , , , , , , , , , , , , , , , , , , , , , , , , , , , , , , , , , , , , , , , , , , , , , , , , , , , , , , , , , , , , , , , , , , , , , , , , , , , , , , , , , , , , , , , , , , , , , , , , , , , , , , , , , , , , , , , , , , , , , , , , , , , , , , , , , , , , , , , , , , , , , , , , , , , , , , , , , , , , , , , , , , , , , , , , , , , , , , , , , , , , , , , , , , , , , , , , , , , , , , , , , , , , , , , , , , , , , , , , , , , , , , , , , , , , , , , , , , , , , , , , , , , , , , , , , , , , , , , , , , , , , , , , , , , , , , , , , , , , , , , , , , , , , , , , , , , , , , , , , , , , , , , , , , , , , , , , , , , , , , , , , , , , , , , , , , , , , , , , , , , , , , , , , , , , , , , , , , , , , , , , , , , , , , 
991184,160103,Haryana,HR-R259,Rural,District name,Sub-district name,PSU name,Census/UFS PSU number,Address,HH/Flat/Apt number,Door number,GATS-3/046/07,Head name,Head father/spouse name,Observation,Male, , , , , , , , , , , , , , , , , , , , , , , , , , , , , , , , , , , , , , , , , , , , , , , , , , , , , , , , , , , , , , , , , , , , , , , , , , , , , , , , , , , , , , , , , , , , , , , , , , , , , , , , , , , , , , , , , , , , , , , , , , , , , , , , , , , , , , , , , , , , , , , , , , , , , , , , , , , , , , , , , , , , , , , , , , , , , , , , , , , , , , , , , , , , , , , , , , , , , , , , , , , , , , , , , , , , , , , , , , , , , , , , , , , , , , , , , , , , , , , , , , , , , , , , , , , , , , , , , , , , , , , , , , , , , , , , , , , , , , , , , , , , , , , , , , , , , , , , , , , , , , , , , , , , , , , , , , , , , , , , , , , , , , , , , , , , , , , , , , , , , , , , , , , , , , , , , , , , , , , , , , , , , , , , , , , , , , , , , , , , , , , , , , , , , , , , , , , , , , , , , , , , , , , , , , , , , , , , , , , , , , , , , , , , , , , , , , , , , , , , , , , , , , , , , , , , , , , , , , , , , , , , , , , , , , , , , , , , , , , , , , , , , , , , , , , , , , , , , , , , , , , , , , , , , , , , , , , , , , , , , , , , , , , , , , , , , , , , , , , , , , , , , , , , , , , , , , , , , , , , , , , , 
991185,160103,Haryana,HR-U560,Urban,District name, ,PSU name,Census/UFS PSU number,Address,HH/Flat/Apt number,Door number,GATS-3/194/02,Head name,Head father/spouse name,Observation,Male, , , , , , , , , , , , , , , , , , , , , , , , , , , , , , , , , , , , , , , , , , , , , , , , , , , , , , , , , , , , , , , , , , , , , , , , , , , , , , , , , , , , , , , , , , , , , , , , , , , , , , , , , , , , , , , , , , , , , , , , , , , , , , , , , , , , , , , , , , , , , , , , , , , , , , , , , , , , , , , , , , , , , , , , , , , , , , , , , , , , , , , , , , , , , , , , , , , , , , , , , , , , , , , , , , , , , , , , , , , , , , , , , , , , , , , , , , , , , , , , , , , , , , , , , , , , , , , , , , , , , , , , , , , , , , , , , , , , , , , , , , , , , , , , , , , , , , , , , , , , , , , , , , , , , , , , , , , , , , , , , , , , , , , , , , , , , , , , , , , , , , , , , , , , , , , , , , , , , , , , , , , , , , , , , , , , , , , , , , , , , , , , , , , , , , , , , , , , , , , , , , , , , , , , , , , , , , , , , , , , , , , , , , , , , , , , , , , , , , , , , , , , , , , , , , , , , , , , , , , , , , , , , , , , , , , , , , , , , , , , , , , , , , , , , , , , , , , , , , , , , , , , , , , , , , , , , , , , , , , , , , , , , , , , , , , , , , , , , , , , , , , , , , , , , , , , , , , , , , , , , , , , 
991186,160103,Haryana,HR-R483,Rural,District name,Sub-district name,PSU name,Census/UFS PSU number,Address,HH/Flat/Apt number,Door number,GATS-3/115/07,Head name,Head father/spouse name,Observation,Male, , , , , , , , , , , , , , , , , , , , , , , , , , , , , , , , , , , , , , , , , , , , , , , , , , , , , , , , , , , , , , , , , , , , , , , , , , , , , , , , , , , , , , , , , , , , , , , , , , , , , , , , , , , , , , , , , , , , , , , , , , , , , , , , , , , , , , , , , , , , , , , , , , , , , , , , , , , , , , , , , , , , , , , , , , , , , , , , , , , , , , , , , , , , , , , , , , , , , , , , , , , , , , , , , , , , , , , , , , , , , , , , , , , , , , , , , , , , , , , , , , , , , , , , , , , , , , , , , , , , , , , , , , , , , , , , , , , , , , , , , , , , , , , , , , , , , , , , , , , , , , , , , , , , , , , , , , , , , , , , , , , , , , , , , , , , , , , , , , , , , , , , , , , , , , , , , , , , , , , , , , , , , , , , , , , , , , , , , , , , , , , , , , , , , , , , , , , , , , , , , , , , , , , , , , , , , , , , , , , , , , , , , , , , , , , , , , , , , , , , , , , , , , , , , , , , , , , , , , , , , , , , , , , , , , , , , , , , , , , , , , , , , , , , , , , , , , , , , , , , , , , , , , , , , , , , , , , , , , , , , , , , , , , , , , , , , , , , , , , , , , , , , , , , , , , , , , , , , , , , , , , , 
991187,160103,Haryana,HR-R993,Rural,District name,Sub-district name,PSU name,Census/UFS PSU number,Address,HH/Flat/Apt number,Door number,GATS-3/132/04,Head name,Head father/spouse name,Observation,Male, , , , , , , , , , , , , , , , , , , , , , , , , , , , , , , , , , , , , , , , , , , , , , , , , , , , , , , , , , , , , , , , , , , , , , , , , , , , , , , , , , , , , , , , , , , , , , , , , , , , , , , , , , , , , , , , , , , , , , , , , , , , , , , , , , , , , , , , , , , , , , , , , , , , , , , , , , , , , , , , , , , , , , , , , , , , , , , , , , , , , , , , , , , , , , , , , , , , , , , , , , , , , , , , , , , , , , , , , , , , , , , , , , , , , , , , , , , , , , , , , , , , , , , , , , , , , , , , , , , , , , , , , , , , , , , , , , , , , , , , , , , , , , , , , , , , , , , , , , , , , , , , , , , , , , , , , , , , , , , , , , , , , , , , , , , , , , , , , , , , , , , , , , , , , , , , , , , , , , , , , , , , , , , , , , , , , , , , , , , , , , , , , , , , , , , , , , , , , , , , , , , , , , , , , , , , , , , , , , , , , , , , , , , , , , , , , , , , , , , , , , , , , , , , , , , , , , , , , , , , , , , , , , , , , , , , , , , , , , , , , , , , , , , , , , , , , , , , , , , , , , , , , , , , , , , , , , , , , , , , , , , , , , , , , , , , , , , , , , , , , , , , , , , , , , , , , , , , , , , , , , , , 
991188,160103,Haryana,HR-U835,Urban,District name, ,PSU name,Census/UFS PSU number,Address,HH/Flat/Apt number,Door number,GATS-3/100/06,Head name,Head father/spouse name,Observation,Male, , , , , , , , , , , , , , , , , , , , , , , , , , , , , , , , , , , , , , , , , , , , , , , , , , , , , , , , , , , , , , , , , , , , , , , , , , , , , , , , , , , , , , , , , , , , , , , , , , , , , , , , , , , , , , , , , , , , , , , , , , , , , , , , , , , , , , , , , , , , , , , , , , , , , , , , , , , , , , , , , , , , , , , , , , , , , , , , , , , , , , , , , , , , , , , , , , , , , , , , , , , , , , , , , , , , , , , , , , , , , , , , , , , , , , , , , , , , , , , , , , , , , , , , , , , , , , , , , , , , , , , , , , , , , , , , , , , , , , , , , , , , , , , , , , , , , , , , , , , , , , , , , , , , , , , , , , , , , , , , , , , , , , , , , , , , , , , , , , , , , , , , , , , , , , , , , , , , , , , , , , , , , , , , , , , , , , , , , , , , , , , , , , , , , , , , , , , , , , , , , , , , , , , , , , , , , , , , , , , , , , , , , , , , , , , , , , , , , , , , , , , , , , , , , , , , , , , , , , , , , , , , , , , , , , , , , , , , , , , , , , , , , , , , , , , , , , , , , , , , , , , , , , , , , , , , , , , , , , , , , , , , , , , , , , , , , , , , , , , , , , , , , , , , , , , , , , , , , , , , , , , , 
991189,160103,Haryana,HR-R499,Rural,District name,Sub-district name,PSU name,Census/UFS PSU number,Address,HH/Flat/Apt number,Door number,GATS-3/185/01,Head name,Head father/spouse name,Observation,Male,1/28/2026 11:18:00 PM,1/28/2026 11:20:35 PM,1/28/2026 11:19:56 PM, ,2,25,1,simran kumar,0.202696938,200,1/28/2026 11:19:54 PM, , ,200,1/28/2026 11:19:54 PM, , , , , , , , , , , , , , , , , , , ,1,5,5, ,2,paramashat kumar,simran kumar, , , , , , , , , , , , , , , , , , ,50,25, , , , , , , , , , , , , , , , , , , , , , , , , , , , , , , , , , , , , , , , , , , , , , , , , , , , , , , , , , ,1,1, , , , , , , , , , , , , , , , , , ,1,2, , , , , , , , , , , , , , , , , , ,2,2, , , , , , , , , , , , , , , , , , ,2, , , ,1,3,1,2,2000, , , ,7,5,1,1,2,1,1,2,1,1,2,1,1,1,2,1,2,1, ,1,3, ,3, , , , , , , , , , , , , , , , , , , , , , , , , , , , , , , , , , , , , , , , , , , , , , , , , , , , , , , , , , , , , , , , ,1,3,1, , , , , , , , , , , , , ,2,3, ,3, , , , , , , , , , , , , , , , , , , , , , , , , , , , , , , , , , , , , , , , , , , , , , , , , , , , , , , , , , , ,2, ,2, ,2, , , , , , , , , , , , , , , , , , , , , , , , , , , , , , , , , , , , , , , , , , , , , ,3, , ,2, , , , ,1,1,1,2,1,1,1,1,1,1,1,1,2,2, ,1,2,1,1, , , , , , , , , , , , , , , , , , , , , , , , , , , , , , ,1,1,2,2,2,1,1,2,2,2, , ,2,2,1,1,1,1,1,1,1,1,2, , ,2, , , , , , , , , , , , , , , , , , , , , , , , , , , , , , , , , , , , , , , , , , , , , , , , , , , , , , , , , , , , , , , , , , , , , , , , , , 
991190,160103,Haryana,HR-U045,Urban,District name, ,PSU name,Census/UFS PSU number,Address,HH/Flat/Apt number,Door number,GATS-3/119/08,Head name,Head father/spouse name,Observation,Male, , , , , , , , , , , , , , , , , , , , , , , , , , , , , , , , , , , , , , , , , , , , , , , , , , , , , , , , , , , , , , , , , , , , , , , , , , , , , , , , , , , , , , , , , , , , , , , , , , , , , , , , , , , , , , , , , , , , , , , , , , , , , , , , , , , , , , , , , , , , , , , , , , , , , , , , , , , , , , , , , , , , , , , , , , , , , , , , , , , , , , , , , , , , , , , , , , , , , , , , , , , , , , , , , , , , , , , , , , , , , , , , , , , , , , , , , , , , , , , , , , , , , , , , , , , , , , , , , , , , , , , , , , , , , , , , , , , , , , , , , , , , , , , , , , , , , , , , , , , , , , , , , , , , , , , , , , , , , , , , , , , , , , , , , , , , , , , , , , , , , , , , , , , , , , , , , , , , , , , , , , , , , , , , , , , , , , , , , , , , , , , , , , , , , , , , , , , , , , , , , , , , , , , , , , , , , , , , , , , , , , , , , , , , , , , , , , , , , , , , , , , , , , , , , , , , , , , , , , , , , , , , , , , , , , , , , , , , , , , , , , , , , , , , , , , , , , , , , , , , , , , , , , , , , , , , , , , , , , , , , , , , , , , , , , , , , , , , , , , , , , , , , , , , , , , , , , , , , , , , , , , , 
991191,160104,Haryana,HR-U235,Urban,District name, ,PSU name,Census/UFS PSU number,Address,HH/Flat/Apt number,Door number,GATS-3/179/02,Head name,Head father/spouse name,Observation,Female,1/29/2026 11:33:45 AM,1/29/2026 11:40:38 AM,1/29/2026 11:38:41 AM,1/29/2026 12:05:26 PM,1,40,2,Zeerina Begum,0.999116178,200,1/29/2026 11:38:39 AM,400,1/29/2026 12:05:25 PM,200,1/29/2026 11:38:39 AM,400,1/29/2026 12:05:25 PM, , , , , , , , , , , , , , , , , ,1,4,3,0,1,Zeerina Begum, , , , , , , , , , , , , , , , , , , ,40, , , , , , , , , , , , , , , , , , , , , , , , , , , , , , , , , , , , , , , , , , , , , , , , , , , , , , , , , , , ,2, , , , , , , , , , , , , , , , , , , ,2, , , , , , , , , , , , , , , , , , , ,2, , , , , , , , , , , , , , , , , , , ,2, , , ,1,8,2,10,1985, , , ,2,6,1,2,2,1,1,2,1,2,2,2,2,1,2,1,4,2, ,2,3, ,3, , , , , , , , , , , , , , , , , , , , , , , , , , , , , , , , , , , , , , , , , , , , , , , , , , , , , , , , , , , , , , , , ,2, , , , , , , , , , , , , , , , ,3, ,3, , , , , , , , , , , , , , , , , , , , , , , , , , , , , , , , , , , , , , , , , , , , , , , , , , , , , , , , , , , ,2, ,2, ,2, , , , , , , , , , , , , , , , , , , , , , , , , , , , , , , , , , , , , , , , , , , , , ,4, ,3,2, , , , ,2, ,2, ,2, , ,2, ,1,2,2, ,2, ,2, ,1,1, , , , , , , , , , , , , , , , , , , , , , , , , , , , , , ,2,1,1,2,2,2,2,2,2,2, , ,2,2,2,2,2,2,2,2,2,2,2, , ,2, , , , , , ,1,2,2,2,2,2,2,2,2,2,2,2,2,2, ,2,2,2,2,2,2,2,2,2,2,2,2, ,2,2,2,2,2,2,2,2,2,2,2,2,2,2,2,2,2,2,2,2,2,2,1,1,1,1,1,2,1,2,1,1,1,1,1, , ,2,Respondent was cooperative,40
991192,160104,Haryana,HR-U980,Urban,District name, ,PSU name,Census/UFS PSU number,Address,HH/Flat/Apt number,Door number,GATS-3/279/09,Head name,Head father/spouse name,Observation,Female,1/29/2026 12:21:42 PM,1/29/2026 12:29:59 PM,1/29/2026 12:29:51 PM,1/29/2026 12:44:09 PM,1,72,2,Fatima,0.946780843,200,1/29/2026 12:29:49 PM,400,1/29/2026 12:44:08 PM,200,1/29/2026 12:29:49 PM,400,1/29/2026 12:44:08 PM, , , , , , , , , , , , , , , , , ,1,11,8,2,4,Fatima,Zainab,Afroza Bano,Kaniz Fatima, , , , , , , , , , , , , , , , ,72,52,36,32, , , , , , , , , , , , , , , , , , , , , , , , , , , , , , , , , , , , , , , , , , , , , , , , , , , , , , , , ,2,2,2,2, , , , , , , , , , , , , , , , ,2,2,2,2, , , , , , , , , , , , , , , , ,2,2,2,2, , , , , , , , , , , , , , , , ,2, , , ,1,8,2,9,1953, , , ,1,6,1,1,2,1,2,2,1,1,1,1,2,1,2,1,4,2, ,5,3, ,3, , , , , , , , , , , , , , , , , , , , , , , , , , , , , , , , , , , , , , , , , , , , , , , , , , , , , , , , , , , , , , , , ,2, , , , , , , , , , , , , , , , ,3, ,3, , , , , , , , , , , , , , , , , , , , , , , , , , , , , , , , , , , , , , , , , , , , , , , , , , , , , , , , , , , ,2, ,2, ,2, , , , , , , , , , , , , , , , , , , , , , , , , , , , , , , , , , , , , , , , , , , , , ,4, ,2,2, , , , ,2, ,2, ,2, , ,2, ,2, ,2, ,2, ,2, ,1,1, , , , , , , , , , , , , , , , , , , , , , , , , , , , , , ,2,2,2,2,2,2,2,2,2,2, , ,2,2,2,2,2,2,2,2,2,2,2, , ,2, , , , , , ,2,2,2,2,2,2,2,2,2,2,2,2,2,2, ,2,2,2,2,2,2,2,2,2,2,2,2, ,2,2,2,2,2,2,2,2,2,2,2,2,2,2,2,2,2,2,2,2,2,2,1,1,1,1,1,2,1,2,1,1,1,1,1, , , ,Respondent was cooperative vd me 😊,72
991193,160104,Haryana,HR-U404,Urban,District name, ,PSU name,Census/UFS PSU number,Address,HH/Flat/Apt number,Door number,GATS-3/253/09,Head name,Head father/spouse name,Observation,Female,1/29/2026 12:57:11 PM,1/29/2026 1:02:00 PM,1/29/2026 1:01:55 PM,1/29/2026 1:32:31 PM,1,38,2,Fareeda,0.814904031,200,1/29/2026 1:01:52 PM,400,1/29/2026 1:32:30 PM,200,1/29/2026 1:01:52 PM,400,1/29/2026 1:32:30 PM, , , , , , , , , , , , , , , , , ,1,9,5,1,2,Fareeda,Naseema, , , , , , , , , , , , , , , , , , ,38,28, , , , , , , , , , , , , , , , , , , , , , , , , , , , , , , , , , , , , , , , , , , , , , , , , , , , , , , , , , ,2,2, , , , , , , , , , , , , , , , , , ,2,2, , , , , , , , , , , , , , , , , , ,2,2, , , , , , , , , , , , , , , , , , ,2, , , ,1,8,2,9,1987, , , ,1,6,1,1,2,1,1,1,1,2,1,1,2,1,2,1,1,2, ,2,2,2, ,28, , , , , , , , , , , , , , , , , ,0,0,0,0,1,0, , , , , , , , , , , , , , , , , , , , , , , , , , , , , , , , ,2, ,1,0,1, ,2,1,2, , , , , , , , , , , , , , , , ,3, ,3, , , , , , , , , , , , , , , , , , , , , , , , , , , , , , , , , , , , , , , , , , , , , , , , , , , , , , , , , , , ,2, ,2, ,2, ,1,1,2, , ,2,2,2,2,2,2,2,2,2,1,2, ,1,2,2, ,2, , , , , , , , , , , , , , , , , , , , , , ,3, , ,2, , , , ,2, ,2, ,2, , ,2, ,2, ,2, ,2, ,2, ,1,1, , , , , , , , , , , , , , , , , , , , , , , , , , , , , , ,2,2,2,2,2,1,2,2,2,2, ,2,1,2,2,2,2,2,2,2,2,2,2, , ,2,1,1, , , , ,1,1,2,2,2,2,2,2,2,2,2,2,2,2, ,2,2,2,2,2,2,2,2,2,2,2,2, ,2,2,2,2,2,2,2,2,2,2,2,2,2,2,2,2,2,2,2,2,2,2,1,1,1,1,1,1,1,2,1,1,1,1,1,3, ,2,Respondent was cooperative n nyc person,38
991194,160104,Haryana,HR-U809,Urban,District name, ,PSU name,Census/UFS PSU number,Address,HH/Flat/Apt number,Door number,GATS-3/063/03,Head name,Head father/spouse name,Observation,Female,1/29/2026 1:38:13 PM,1/29/2026 1:41:18 PM,1/29/2026 1:41:12 PM,1/29/2026 1:57:20 PM,1,38,2,Jana Bano,0.723220735,200,1/29/2026 1:41:09 PM,400,1/29/2026 1:57:19 PM,200,1/29/2026 1:41:09 PM,400,1/29/2026 1:57:19 PM, , , , , , , , , , , , , , , , ,33.98647833333334 74.75194 1590.8 11.7,1,3,2,0,1,Jana Bano, , , , , , , , , , , , , , , , , , , ,38, , , , , , , , , , , , , , , , , , , , , , , , , , , , , , , , , , , , , , , , , , , , , , , , , , , , , , , , , , , ,2, , , , , , , , , , , , , , , , , , , ,2, , , , , , , , , , , , , , , , , , , ,2, , , , , , , , , , , , , , , , , , , ,2,33.986806666666666 74.75220666666668 1593.5 10.7, , ,1,8,2,11,1987, , , ,1,6,1,2,2,1,2,1,1,2,1,1,2,1,2,1,1,2, ,2,3, ,3, , , , , , , , , , , , , , , , , , , , , , , , , , , , , , , , , , , , , , , , , , , , , , , , , , , , , , , , , , , , , , , , ,2, , , , , , , , , , , , , , , , ,3, ,3, , , , , , , , , , , , , , , , , , , , , , , , , , , , , , , , , , , , , , , , , , , , , , , , , , , , , , , , , , , ,2, ,2, ,2, , , , , , , , , , , , , , , , , , , , , , , , , , , , , , , , , , , , , , , , , , , , , ,3, , ,2, , , , ,2, ,2, ,2, , ,2, ,1,2,2, ,2, ,2, ,1,1, , , , , , , , , , , , , , , , , , , , , , , , , , , , , , ,2,2,2,2,2,2,2,2,2,2, , ,2,2,2,2,2,2,2,2,2,2,2, , ,2, , , , , , ,2,2,2,2,2,2,2,2,2,2,2,2,2,2, ,2,2,2,2,2,2,2,2,2,2,2,2, ,2,2,2,2,2,2,2,2,2,2,2,2,2,2,2,2,2,2,2,2,2,2,1,1,1,1,1,1,1,2,1,1,1,1,1, , ,2,Respondent was cooperative,38
991195,160104,Haryana,HR-U256,Urban,District name, ,PSU name,Census/UFS PSU number,Address,HH/Flat/Apt number,Door number,GATS-3/012/05,Head name,Head father/spouse name,Observation,Female,1/29/2026 2:02:51 PM,1/29/2026 2:13:37 PM,1/29/2026 2:11:51 PM,1/29/2026 2:31:03 PM,3,20,2,Afroza,0.268170038,200,1/29/2026 2:11:49 PM,400,1/29/2026 2:31:02 PM,200,1/29/2026 2:11:49 PM,400,1/29/2026 2:31:02 PM, , , , , , , , , , , , , , , , ,33.98631 74.75209 1586.9 16.6,1,9,9, ,4,Moglee,Amina,Afroza,Iqra, , , , , , , , , , , , , , , , ,54,30,20,18, , , , , , , , , , , , , , , , , , , , , , , , , , , , , , , , , , , , , , , , , , , , , , , , , , , , , , , , ,2,2,2,2, , , , , , , , , , , , , , , , ,2,2,2,2, , , , , , , , , , , , , , , , ,2,2,2,2, , , , , , , , , , , , , , , , ,2, , , ,1,8,2,3,1993, , , ,4,6,1,1,2,1,2,2,1,2,2,1,2,1,2,1,1,2, ,1,3, ,3, , , , , , , , , , , , , , , , , , , , , , , , , , , , , , , , , , , , , , , , , , , , , , , , , , , , , , , , , , , , , , , , ,2, , , , , , , , , , , , , , , , ,3, ,3, , , , , , , , , , , , , , , , , , , , , , , , , , , , , , , , , , , , , , , , , , , , , , , , , , , , , , , , , , , ,2, ,2, ,2, , , , , , , , , , , , , , , , , , , , , , , , , , , , , , , , , , , , , , , , , , , , , ,1,2,2,2, , , , ,2, ,1,2,2, , ,2, ,1,2,2, ,2, ,2, ,1,1, , , , , , , , , , , , , , , , , , , , , , , , , , , , , , ,2,2,2,1,2,2,2,2,2,2, , ,2,2,2,2,2,2,2,2,2,2,2, , ,2, , , , , , ,2,2,2,2,2,2,2,2,2,2,2,2,2,2, ,2,2,2,2,2,2,2,2,2,2,2,2, ,2,2,2,2,2,2,2,2,2,2,2,2,2,2,2,2,2,2,2,2,2,2,1,1,1,1,1,1,1,2,1,1,1,1,1, , ,2,Respondent was cooperative,32
991196,160104,Haryana,HR-R019,Rural,District name,Sub-district name,PSU name,Census/UFS PSU number,Address,HH/Flat/Apt number,Door number,GATS-3/229/01,Head name,Head father/spouse name,Observation,Female,1/29/2026 3:16:16 PM,1/29/2026 3:21:31 PM,1/29/2026 3:21:24 PM,1/29/2026 3:36:32 PM,2,22,2,Shahida Zehar,0.02434349,200,1/29/2026 3:21:21 PM,400,1/29/2026 3:36:28 PM,200,1/29/2026 3:21:21 PM,400,1/29/2026 3:36:28 PM, , , , , , , , , , , , , , , , , ,1,4,4, ,2,Reshma,Shahida Zehar, , , , , , , , , , , , , , , , , , ,40,22, , , , , , , , , , , , , , , , , , , , , , , , , , , , , , , , , , , , , , , , , , , , , , , , , , , , , , , , , , ,2,2, , , , , , , , , , , , , , , , , , ,2,2, , , , , , , , , , , , , , , , , , ,2,2, , , , , , , , , , , , , , , , , , ,2,33.98725 74.752275 1365.1 8.2, , ,1,8,2,6,2005, , , ,5,6,1,1,2,1,1,1,1,2,2,1,2,1,2,1,4,2, ,1,3, ,3, , , , , , , , , , , , , , , , , , , , , , , , , , , , , , , , , , , , , , , , , , , , , , , , , , , , , , , , , , , , , , , , ,2, , , , , , , , , , , , , , , , ,3, ,3, , , , , , , , , , , , , , , , , , , , , , , , , , , , , , , , , , , , , , , , , , , , , , , , , , , , , , , , , , , ,2, ,2, ,2, , , , , , , , , , , , , , , , , , , , , , , , , , , , , , , , , , , , , , , , , , , , , ,1,2,1,2, , , , ,2, ,2, ,2, , ,2, ,2, ,2, ,2, ,2, ,1,1, , , , , , , , , , , , , , , , , , , , , , , , , , , , , , ,2,1,2,2,2,1,2,2,2,2, , ,2,2,2,2,2,2,2,2,2,2,2, , ,2, , , , , , ,2,2,2,2,2,2,2,2,2,2,2,2,2,2, ,2,2,2,2,2,2,2,2,2,2,2,2, ,2,2,2,2,2,2,2,2,2,2,2,2,2,2,2,2,2,2,2,2,2,2,1,1,1,1,1,1,1,2,1,1,1,1,1, , ,2,Respondent was cooperative,20
991197,160104,Haryana,HR-R708,Rural,District name,Sub-district name,PSU name,Census/UFS PSU number,Address,HH/Flat/Apt number,Door number,GATS-3/272/06,Head name,Head father/spouse name,Observation,Female,1/30/2026 11:30:10 AM,1/30/2026 11:34:56 AM,1/30/2026 11:34:50 AM,1/30/2026 11:56:33 AM,2,32,2,Amina Bano,0.075369167,200,1/30/2026 11:34:46 AM,400,1/30/2026 11:56:32 AM,200,1/30/2026 11:34:46 AM,400,1/30/2026 11:56:32 AM, , , , , , , , , , , , , , , , , ,1,6,4,0,2,Jameela Bano,Amina Bano, , , , , , , , , , , , , , , , , , ,60,32, , , , , , , , , , , , , , , , , , , , , , , , , , , , , , , , , , , , , , , , , , , , , , , , , , , , , , , , , , ,2,2, , , , , , , , , , , , , , , , , , ,2,2, , , , , , , , , , , , , , , , , , ,2,2, , , , , , , , , , , , , , , , , , ,2, , , ,1,8,2,11,1993, , , ,1,6,1,1,2,1,1,2,1,1,2,1,1,1,2,1,4,2, ,2,3, ,3, , , , , , , , , , , , , , , , , , , , , , , , , , , , , , , , , , , , , , , , , , , , , , , , , , , , , , , , , , , , , , , , ,2, , , , , , , , , , , , , , , , ,3, ,3, , , , , , , , , , , , , , , , , , , , , , , , , , , , , , , , , , , , , , , , , , , , , , , , , , , , , , , , , , , ,2, ,2, ,2, , , , , , , , , , , , , , , , , , , , , , , , , , , , , , , , , , , , , , , , , , , , , ,1,1,1,2, , , , ,2, ,2, ,2, , ,2, ,1,1,2, ,2, ,2, ,1,1, , , , , , , , , , , , , , , , , , , , , , , , , , , , , , ,2,1,2,2,2,2,2,2,2,2, , ,1,2,2,2,2,2,2,2,2,2,2, , ,2, , , , , , ,2,2,2,2,2,2,2,2,2,2,2,2,2,2, ,2,2,2,2,2,2,2,2,2,2,2,2, ,2,2,2,2,2,2,2,2,2,2,2,2,2,2,2,2,2,2,2,2,2,2,1,1,1,1,1,1,1,2,1,1,1,1,1, , ,2,Respondent was cooperative,32
991198,160104,Haryana,HR-R991,Rural,District name,Sub-district name,PSU name,Census/UFS PSU number,Address,HH/Flat/Apt number,Door number,GATS-3/137/03,Head name,Head father/spouse name,Observation,Female,1/30/2026 12:08:42 PM,1/30/2026 12:13:39 PM,1/30/2026 12:13:01 PM,1/30/2026 12:25:04 PM,3,27,2,Gulshan Fatima,0.222552218,200,1/30/2026 12:12:59 PM,400,1/30/2026 12:24:59 PM,200,1/30/2026 12:12:59 PM,400,1/30/2026 12:24:59 PM, , , , , , , , , , , , , , , , ,33.987465 74.75133333333333 1614.0 14.2,1,9,6,2,3,Fatima Bano,Tabasum Bano,Gulshan Fatima, , , , , , , , , , , , , , , , , ,58,40,27, , , , , , , , , , , , , , , , , , , , , , , , , , , , , , , , , , , , , , , , , , , , , , , , , , , , , , , , , ,2,2,2, , , , , , , , , , , , , , , , , ,2,2,2, , , , , , , , , , , , , , , , , ,2,2,2, , , , , , , , , , , , , , , , , ,2,33.987795 74.751715 1614.0 8.2, , ,1,8,2,5,1998, , , ,3,4,1,1,2,1,1,2,1,2,2,1,2,1,2,1,4,2, ,2,3, ,3, , , , , , , , , , , , , , , , , , , , , , , , , , , , , , , , , , , , , , , , , , , , , , , , , , , , , , , , , , , , , , , , ,2, , , , , , , , , , , , , , , , ,3, ,3, , , , , , , , , , , , , , , , , , , , , , , , , , , , , , , , , , , , , , , , , , , , , , , , , , , , , , , , , , , ,2, ,2, ,2, , , , , , , , , , , , , , , , , , , , , , , , , , , , , , , , , , , , , , , , , , , , , ,3, , ,2, , , , ,2, ,1,2,2, , ,2, ,1,2,2, ,2, ,2, ,1,1, , , , , , , , , , , , , , , , , , , , , , , , , , , , , , ,2,1,2,2,2,2,2,2,2,2, , ,2,2,2,2,2,2,2,2,2,2,2, , ,2, , , , , , ,2,2,2,2,2,2,2,2,2,2,2,2,2,2, ,2,2,2,2,2,2,2,2,2,2,2,2, ,2,2,2,2,2,2,2,2,2,2,2,2,2,2,2,2,2,2,2,2,2,2,1,1,1,1,1,2,1,1,1,1,1,1,1, , ,2,Respondent was cooperative,27
991199,160104,Haryana,HR-U177,Urban,District name, ,PSU name,Census/UFS PSU number,Address,HH/Flat/Apt number,Door number,GATS-3/235/05,Head name,Head father/spouse name,Observation,Female,1/30/2026 12:57:18 PM,1/30/2026 1:04:47 PM,1/30/2026 1:04:03 PM,1/30/2026 1:23:40 PM,1,41,2,Zamruda Bano,0.689052319,200,1/30/2026 1:04:01 PM,400,1/30/2026 1:23:39 PM,200,1/30/2026 1:04:01 PM,400,1/30/2026 1:23:39 PM, , , , , , , , , , , , , , , , ,33.987195 74.75356166666667 1601.5 7.4,1,6,6, ,3,Zamruda Bano,Sakeena Bano,Fatima Bano, , , , , , , , , , , , , , , , , ,41,28,28, , , , , , , , , , , , , , , , , , , , , , , , , , , , , , , , , , , , , , , , , , , , , , , , , , , , , , , , , ,2,2,2, , , , , , , , , , , , , , , , , ,1,2,2, , , , , , , , , , , , , , , , , ,2,2,2, , , , , , , , , , , , , , , , , ,2, , , ,1,8,2,2,1984, , , ,1,4,1,1,2,1,1,2,1,2,1,1,2,1,2,1,4,2, ,2,2,2, ,33, , , , , , , , , , , , , , , , , ,0,0,0,0,2,0, , , , , , , , , , , , , , , , , , , , , , , , , , , , , , , , ,2, ,2,0,1, ,2,1,2, , , , , , , , , , , , , , , , ,3, ,3, , , , , , , , , , , , , , , , , , , , , , , , , , , , , , , , , , , , , , , , , , , , , , , , , , , , , , , , , , , ,2, ,2, ,2, ,1,1,4, , ,2,2,2,2,2,2,2,2,2,1,2, ,1,2,1,1,3, , , , , , , , , , , , , , , , , , , , , , ,1,2,2,2, , , , ,2, ,2, ,2, , ,2, ,1,2,2, ,2, ,2, ,1,1, , , , , , , , , , , , , , , , , , , , , , , , , , , , , , ,2,2,2,2,2,2,2,2,2,2, , ,2,2,2,2,2,2,2,2,2,2,2, , ,2,2, , , , , ,2,2,2,2,2,2,2,2,2,2,2,2,2,2, ,2,2,2,2,2,2,2,2,2,2,2,2, ,2,2,2,2,2,2,2,2,2,2,2,2,2,2,2,2,2,2,2,2,2,2,1,1,1,1,1,2,1,1,1,1,1,1,1,2, ,2,respondent was cooperative,41
991200,160104,Haryana,HR-R468,Rural,District name,Sub-district name,PSU name,Census/UFS PSU number,Address,HH/Flat/Apt number,Door number,GATS-3/294/01,Head name,Head father/spouse name,Observation,Female,1/30/2026 2:41:58 PM,1/30/2026 2:45:27 PM,1/30/2026 2:45:20 PM,1/30/2026 3:04:22 PM,2,32,2,Nargis Akhtar,0.090847956,200,1/30/2026 2:45:18 PM,400,1/30/2026 3:04:21 PM,200,1/30/2026 2:45:18 PM,400,1/30/2026 3:04:21 PM, , , , , , , , , , , , , , , , , ,1,7,6,0,2,Saima Akhtar,Nargis Akhtar, , , , , , , , , , , , , , , , , , ,40,32, , , , , , , , , , , , , , , , , , , , , , , , , , , , , , , , , , , , , , , , , , , , , , , , , , , , , , , , , , ,2,2, , , , , , , , , , , , , , , , , , ,2,2, , , , , , , , , , , , , , , , , , ,2,2, , , , , , , , , , , , , , , , , , ,2, , , ,1,8,2,11,1993, , , ,4,4,1,1,2,1,1,1,1,1,1,1,1,1,2,1,4,2, ,2,3, ,3, , , , , , , , , , , , , , , , , , , , , , , , , , , , , , , , , , , , , , , , , , , , , , , , , , , , , , , , , , , , , , , , ,1,3,2, , , , , , , , , , , , , ,2,3, ,3, , , , , , , , , , , , , , , , , , , , , , , , , , , , , , , , , , , , , , , , , , , , , , , , , , , , , , , , , , , ,2, ,2, ,2, , , , , , , , , , , , , , , , , , , , , , , , , , , , , , , , , , , , , , , , , , , , , ,1,1,1,2, , , , ,2, ,1,2,2, , ,2, ,1,1,2, ,2, ,2, ,1,1, , , , , , , , , , , , , , , , , , , , , , , , , , , , , , ,2,1,2,1,2,1,2,2,2,2, , ,2,2,2,2,2,2,2,2,2,2,2, , ,2, , , , , , ,2,2,2,2,2,2,2,2,2,2,2,2,2,2, ,2,2,2,2,2,2,2,2,2,2,2,2, ,2,2,2,2,2,2,2,2,2,2,2,2,2,2,2,2,2,2,2,2,2,2,1,1,1,1,1,2,1,1,1,1,1,1,1, , ,2,respondent was cooperative,32
991201,160104,Haryana,HR-U721,Urban,District name, ,PSU name,Census/UFS PSU number,Address,HH/Flat/Apt number,Door number,GATS-3/087/06,Head name,Head father/spouse name,Observation,Female,1/30/2026 3:16:30 PM, ,1/30/2026 3:16:42 PM, , , , , , ,103,1/30/2026 3:17:00 PM, , ,103,1/30/2026 3:17:00 PM, , , , , , , , , , , , , , , , , , , ,2, , , , , , , , , , , , , , , , , , , , , , , , , , , , , , , , , , , , , , , , , , , , , , , , , , , , , , , , , , , , , , , , , , , , , , , , , , , , , , , , , , , , , , , , , , , , , , , , , , , , , , , , , , , , , , , , , , , , , , , , , , , , , , , , , , , , , , , , , , , , , , , , , , , , , , , , , , , , , , , , , , , , , , , , , , , , , , , , , , , , , , , , , , , , , , , , , , , , , , , , , , , , , , , , , , , , , , , , , , , , , , , , , , , , , , , , , , , , , , , , , , , , , , , , , , , , , , , , , , , , , , , , , , , , , , , , , , , , , , , , , , , , , , , , , , , , , , , , , , , , , , , , , , , , , , , , , , , , , , , , , , , , , , , , , , , , , , , , , , , , , , , , , , , , , , , , , , , , , , , , , , , , , , , , , , , , , , , , , , , , , , , , , , , , , , , , , , , , , , , , , , , , , , , , , , , , , , , , , , , , , , , , , , , , , , , , , , , , , , , , , , , , , , , , , , , , , , , , , , , , , , , , , , , , , , , , , , , , , , , , , , , , , , , , , , , , , , , , , , , , , , , , , , , , , , , , , , , , , , , , , , , , , , , , , 
991202,160104,Haryana,HR-R434,Rural,District name,Sub-district name,PSU name,Census/UFS PSU number,Address,HH/Flat/Apt number,Door number,GATS-3/281/04,Head name,Head father/spouse name,Observation,Female, , , , , , , , , , , , , , , , , , , , , , , , , , , , , , , , , , , , , , , , , , , , , , , , , , , , , , , , , , , , , , , , , , , , , , , , , , , , , , , , , , , , , , , , , , , , , , , , , , , , , , , , , , , , , , , , , , , , , , , , , , , , , , , , , , , , , , , , , , , , , , , , , , , , , , , , , , , , , , , , , , , , , , , , , , , , , , , , , , , , , , , , , , , , , , , , , , , , , , , , , , , , , , , , , , , , , , , , , , , , , , , , , , , , , , , , , , , , , , , , , , , , , , , , , , , , , , , , , , , , , , , , , , , , , , , , , , , , , , , , , , , , , , , , , , , , , , , , , , , , , , , , , , , , , , , , , , , , , , , , , , , , , , , , , , , , , , , , , , , , , , , , , , , , , , , , , , , , , , , , , , , , , , , , , , , , , , , , , , , , , , , , , , , , , , , , , , , , , , , , , , , , , , , , , , , , , , , , , , , , , , , , , , , , , , , , , , , , , , , , , , , , , , , , , , , , , , , , , , , , , , , , , , , , , , , , , , , , , , , , , , , , , , , , , , , , , , , , , , , , , , , , , , , , , , , , , , , , , , , , , , , , , , , , , , , , , , , , , , , , , , , , , , , , , , , , , , , , , , , , , , , , 
991203,160104,Haryana,HR-U328,Urban,District name, ,PSU name,Census/UFS PSU number,Address,HH/Flat/Apt number,Door number,GATS-3/121/02,Head name,Head father/spouse name,Observation,Female, , , , , , , , , , , , , , , , , , , , , , , , , , , , , , , , , , , , , , , , , , , , , , , , , , , , , , , , , , , , , , , , , , , , , , , , , , , , , , , , , , , , , , , , , , , , , , , , , , , , , , , , , , , , , , , , , , , , , , , , , , , , , , , , , , , , , , , , , , , , , , , , , , , , , , , , , , , , , , , , , , , , , , , , , , , , , , , , , , , , , , , , , , , , , , , , , , , , , , , , , , , , , , , , , , , , , , , , , , , , , , , , , , , , , , , , , , , , , , , , , , , , , , , , , , , , , , , , , , , , , , , , , , , , , , , , , , , , , , , , , , , , , , , , , , , , , , , , , , , , , , , , , , , , , , , , , , , , , , , , , , , , , , , , , , , , , , , , , , , , , , , , , , , , , , , , , , , , , , , , , , , , , , , , , , , , , , , , , , , , , , , , , , , , , , , , , , , , , , , , , , , , , , , , , , , , , , , , , , , , , , , , , , , , , , , , , , , , , , , , , , , , , , , , , , , , , , , , , , , , , , , , , , , , , , , , , , , , , , , , , , , , , , , , , , , , , , , , , , , , , , , , , , , , , , , , , , , , , , , , , , , , , , , , , , , , , , , , , , , , , , , , , , , , , , , , , , , , , , , , , , , , 
991204,160104,Haryana,HR-U102,Urban,District name, ,PSU name,Census/UFS PSU number,Address,HH/Flat/Apt number,Door number,GATS-3/076/04,Head name,Head father/spouse name,Observation,Female, , , , , , , , , , , , , , , , , , , , , , , , , , , , , , , , , , , , , , , , , , , , , , , , , , , , , , , , , , , , , , , , , , , , , , , , , , , , , , , , , , , , , , , , , , , , , , , , , , , , , , , , , , , , , , , , , , , , , , , , , , , , , , , , , , , , , , , , , , , , , , , , , , , , , , , , , , , , , , , , , , , , , , , , , , , , , , , , , , , , , , , , , , , , , , , , , , , , , , , , , , , , , , , , , , , , , , , , , , , , , , , , , , , , , , , , , , , , , , , , , , , , , , , , , , , , , , , , , , , , , , , , , , , , , , , , , , , , , , , , , , , , , , , , , , , , , , , , , , , , , , , , , , , , , , , , , , , , , , , , , , , , , , , , , , , , , , , , , , , , , , , , , , , , , , , , , , , , , , , , , , , , , , , , , , , , , , , , , , , , , , , , , , , , , , , , , , , , , , , , , , , , , , , , , , , , , , , , , , , , , , , , , , , , , , , , , , , , , , , , , , , , , , , , , , , , , , , , , , , , , , , , , , , , , , , , , , , , , , , , , , , , , , , , , , , , , , , , , , , , , , , , , , , , , , , , , , , , , , , , , , , , , , , , , , , , , , , , , , , , , , , , , , , , , , , , , , , , , , , , , , , , 
991205,160104,Haryana,HR-R552,Rural,District name,Sub-district name,PSU name,Census/UFS PSU number,Address,HH/Flat/Apt number,Door number,GATS-3/180/01,Head name,Head father/spouse name,Observation,Female, , , , , , , , , , , , , , , , , , , , , , , , , , , , , , , , , , , , , , , , , , , , , , , , , , , , , , , , , , , , , , , , , , , , , , , , , , , , , , , , , , , , , , , , , , , , , , , , , , , , , , , , , , , , , , , , , , , , , , , , , , , , , , , , , , , , , , , , , , , , , , , , , , , , , , , , , , , , , , , , , , , , , , , , , , , , , , , , , , , , , , , , , , , , , , , , , , , , , , , , , , , , , , , , , , , , , , , , , , , , , , , , , , , , , , , , , , , , , , , , , , , , , , , , , , , , , , , , , , , , , , , , , , , , , , , , , , , , , , , , , , , , , , , , , , , , , , , , , , , , , , , , , , , , , , , , , , , , , , , , , , , , , , , , , , , , , , , , , , , , , , , , , , , , , , , , , , , , , , , , , , , , , , , , , , , , , , , , , , , , , , , , , , , , , , , , , , , , , , , , , , , , , , , , , , , , , , , , , , , , , , , , , , , , , , , , , , , , , , , , , , , , , , , , , , , , , , , , , , , , , , , , , , , , , , , , , , , , , , , , , , , , , , , , , , , , , , , , , , , , , , , , , , , , , , , , , , , , , , , , , , , , , , , , , , , , , , , , , , , , , , , , , , , , , , , , , , , , , , , , , , , , 
991206,160104,Haryana,HR-R390,Rural,District name,Sub-district name,PSU name,Census/UFS PSU number,Address,HH/Flat/Apt number,Door number,GATS-3/232/09,Head name,Head father/spouse name,Observation,Female, , , , , , , , , , , , , , , , , , , , , , , , , , , , , , , , , , , , , , , , , , , , , , , , , , , , , , , , , , , , , , , , , , , , , , , , , , , , , , , , , , , , , , , , , , , , , , , , , , , , , , , , , , , , , , , , , , , , , , , , , , , , , , , , , , , , , , , , , , , , , , , , , , , , , , , , , , , , , , , , , , , , , , , , , , , , , , , , , , , , , , , , , , , , , , , , , , , , , , , , , , , , , , , , , , , , , , , , , , , , , , , , , , , , , , , , , , , , , , , , , , , , , , , , , , , , , , , , , , , , , , , , , , , , , , , , , , , , , , , , , , , , , , , , , , , , , , , , , , , , , , , , , , , , , , , , , , , , , , , , , , , , , , , , , , , , , , , , , , , , , , , , , , , , , , , , , , , , , , , , , , , , , , , , , , , , , , , , , , , , , , , , , , , , , , , , , , , , , , , , , , , , , , , , , , , , , , , , , , , , , , , , , , , , , , , , , , , , , , , , , , , , , , , , , , , , , , , , , , , , , , , , , , , , , , , , , , , , , , , , , , , , , , , , , , , , , , , , , , , , , , , , , , , , , , , , , , , , , , , , , , , , , , , , , , , , , , , , , , , , , , , , , , , , , , , , , , , , , , , , , , , , 
991207,160104,Haryana,HR-R864,Rural,District name,Sub-district name,PSU name,Census/UFS PSU number,Address,HH/Flat/Apt number,Door number,GATS-3/120/07,Head name,Head father/spouse name,Observation,Female, , , , , , , , , , , , , , , , , , , , , , , , , , , , , , , , , , , , , , , , , , , , , , , , , , , , , , , , , , , , , , , , , , , , , , , , , , , , , , , , , , , , , , , , , , , , , , , , , , , , , , , , , , , , , , , , , , , , , , , , , , , , , , , , , , , , , , , , , , , , , , , , , , , , , , , , , , , , , , , , , , , , , , , , , , , , , , , , , , , , , , , , , , , , , , , , , , , , , , , , , , , , , , , , , , , , , , , , , , , , , , , , , , , , , , , , , , , , , , , , , , , , , , , , , , , , , , , , , , , , , , , , , , , , , , , , , , , , , , , , , , , , , , , , , , , , , , , , , , , , , , , , , , , , , , , , , , , , , , , , , , , , , , , , , , , , , , , , , , , , , , , , , , , , , , , , , , , , , , , , , , , , , , , , , , , , , , , , , , , , , , , , , , , , , , , , , , , , , , , , , , , , , , , , , , , , , , , , , , , , , , , , , , , , , , , , , , , , , , , , , , , , , , , , , , , , , , , , , , , , , , , , , , , , , , , , , , , , , , , , , , , , , , , , , , , , , , , , , , , , , , , , , , , , , , , , , , , , , , , , , , , , , , , , , , , , , , , , , , , , , , , , , , , , , , , , , , , , , , , , , , , , 
991208,160104,Haryana,HR-R118,Rural,District name,Sub-district name,PSU name,Census/UFS PSU number,Address,HH/Flat/Apt number,Door number,GATS-3/103/06,Head name,Head father/spouse name,Observation,Female, , , , , , , , , , , , , , , , , , , , , , , , , , , , , , , , , , , , , , , , , , , , , , , , , , , , , , , , , , , , , , , , , , , , , , , , , , , , , , , , , , , , , , , , , , , , , , , , , , , , , , , , , , , , , , , , , , , , , , , , , , , , , , , , , , , , , , , , , , , , , , , , , , , , , , , , , , , , , , , , , , , , , , , , , , , , , , , , , , , , , , , , , , , , , , , , , , , , , , , , , , , , , , , , , , , , , , , , , , , , , , , , , , , , , , , , , , , , , , , , , , , , , , , , , , , , , , , , , , , , , , , , , , , , , , , , , , , , , , , , , , , , , , , , , , , , , , , , , , , , , , , , , , , , , , , , , , , , , , , , , , , , , , , , , , , , , , , , , , , , , , , , , , , , , , , , , , , , , , , , , , , , , , , , , , , , , , , , , , , , , , , , , , , , , , , , , , , , , , , , , , , , , , , , , , , , , , , , , , , , , , , , , , , , , , , , , , , , , , , , , , , , , , , , , , , , , , , , , , , , , , , , , , , , , , , , , , , , , , , , , , , , , , , , , , , , , , , , , , , , , , , , , , , , , , , , , , , , , , , , , , , , , , , , , , , , , , , , , , , , , , , , , , , , , , , , , , , , , , , , , , , , 
991209,160104,Haryana,HR-U847,Urban,District name, ,PSU name,Census/UFS PSU number,Address,HH/Flat/Apt number,Door number,GATS-3/035/05,Head name,Head father/spouse name,Observation,Female, , , , , , , , , , , , , , , , , , , , , , , , , , , , , , , , , , , , , , , , , , , , , , , , , , , , , , , , , , , , , , , , , , , , , , , , , , , , , , , , , , , , , , , , , , , , , , , , , , , , , , , , , , , , , , , , , , , , , , , , , , , , , , , , , , , , , , , , , , , , , , , , , , , , , , , , , , , , , , , , , , , , , , , , , , , , , , , , , , , , , , , , , , , , , , , , , , , , , , , , , , , , , , , , , , , , , , , , , , , , , , , , , , , , , , , , , , , , , , , , , , , , , , , , , , , , , , , , , , , , , , , , , , , , , , , , , , , , , , , , , , , , , , , , , , , , , , , , , , , , , , , , , , , , , , , , , , , , , , , , , , , , , , , , , , , , , , , , , , , , , , , , , , , , , , , , , , , , , , , , , , , , , , , , , , , , , , , , , , , , , , , , , , , , , , , , , , , , , , , , , , , , , , , , , , , , , , , , , , , , , , , , , , , , , , , , , , , , , , , , , , , , , , , , , , , , , , , , , , , , , , , , , , , , , , , , , , , , , , , , , , , , , , , , , , , , , , , , , , , , , , , , , , , , , , , , , , , , , , , , , , , , , , , , , , , , , , , , , , , , , , , , , , , , , , , , , , , , , , , , , , , , 
991210,160104,Haryana,HR-U740,Urban,District name, ,PSU name,Census/UFS PSU number,Address,HH/Flat/Apt number,Door number,GATS-3/161/03,Head name,Head father/spouse name,Observation,Female, , , , , , , , , , , , , , , , , , , , , , , , , , , , , , , , , , , , , , , , , , , , , , , , , , , , , , , , , , , , , , , , , , , , , , , , , , , , , , , , , , , , , , , , , , , , , , , , , , , , , , , , , , , , , , , , , , , , , , , , , , , , , , , , , , , , , , , , , , , , , , , , , , , , , , , , , , , , , , , , , , , , , , , , , , , , , , , , , , , , , , , , , , , , , , , , , , , , , , , , , , , , , , , , , , , , , , , , , , , , , , , , , , , , , , , , , , , , , , , , , , , , , , , , , , , , , , , , , , , , , , , , , , , , , , , , , , , , , , , , , , , , , , , , , , , , , , , , , , , , , , , , , , , , , , , , , , , , , , , , , , , , , , , , , , , , , , , , , , , , , , , , , , , , , , , , , , , , , , , , , , , , , , , , , , , , , , , , , , , , , , , , , , , , , , , , , , , , , , , , , , , , , , , , , , , , , , , , , , , , , , , , , , , , , , , , , , , , , , , , , , , , , , , , , , , , , , , , , , , , , , , , , , , , , , , , , , , , , , , , , , , , , , , , , , , , , , , , , , , , , , , , , , , , , , , , , , , , , , , , , , , , , , , , , , , , , , , , , , , , , , , , , , , , , , , , , , , , , , , , , , , , 
991211,160104,Haryana,HR-U030,Urban,District name, ,PSU name,Census/UFS PSU number,Address,HH/Flat/Apt number,Door number,GATS-3/265/02,Head name,Head father/spouse name,Observation,Female, , , , , , , , , , , , , , , , , , , , , , , , , , , , , , , , , , , , , , , , , , , , , , , , , , , , , , , , , , , , , , , , , , , , , , , , , , , , , , , , , , , , , , , , , , , , , , , , , , , , , , , , , , , , , , , , , , , , , , , , , , , , , , , , , , , , , , , , , , , , , , , , , , , , , , , , , , , , , , , , , , , , , , , , , , , , , , , , , , , , , , , , , , , , , , , , , , , , , , , , , , , , , , , , , , , , , , , , , , , , , , , , , , , , , , , , , , , , , , , , , , , , , , , , , , , , , , , , , , , , , , , , , , , , , , , , , , , , , , , , , , , , , , , , , , , , , , , , , , , , , , , , , , , , , , , , , , , , , , , , , , , , , , , , , , , , , , , , , , , , , , , , , , , , , , , , , , , , , , , , , , , , , , , , , , , , , , , , , , , , , , , , , , , , , , , , , , , , , , , , , , , , , , , , , , , , , , , , , , , , , , , , , , , , , , , , , , , , , , , , , , , , , , , , , , , , , , , , , , , , , , , , , , , , , , , , , , , , , , , , , , , , , , , , , , , , , , , , , , , , , , , , , , , , , , , , , , , , , , , , , , , , , , , , , , , , , , , , , , , , , , , , , , , , , , , , , , , , , , , , , , , , 
991212,160104,Haryana,HR-U120,Urban,District name, ,PSU name,Census/UFS PSU number,Address,HH/Flat/Apt number,Door number,GATS-3/224/01,Head name,Head father/spouse name,Observation,Female, , , , , , , , , , , , , , , , , , , , , , , , , , , , , , , , , , , , , , , , , , , , , , , , , , , , , , , , , , , , , , , , , , , , , , , , , , , , , , , , , , , , , , , , , , , , , , , , , , , , , , , , , , , , , , , , , , , , , , , , , , , , , , , , , , , , , , , , , , , , , , , , , , , , , , , , , , , , , , , , , , , , , , , , , , , , , , , , , , , , , , , , , , , , , , , , , , , , , , , , , , , , , , , , , , , , , , , , , , , , , , , , , , , , , , , , , , , , , , , , , , , , , , , , , , , , , , , , , , , , , , , , , , , , , , , , , , , , , , , , , , , , , , , , , , , , , , , , , , , , , , , , , , , , , , , , , , , , , , , , , , , , , , , , , , , , , , , , , , , , , , , , , , , , , , , , , , , , , , , , , , , , , , , , , , , , , , , , , , , , , , , , , , , , , , , , , , , , , , , , , , , , , , , , , , , , , , , , , , , , , , , , , , , , , , , , , , , , , , , , , , , , , , , , , , , , , , , , , , , , , , , , , , , , , , , , , , , , , , , , , , , , , , , , , , , , , , , , , , , , , , , , , , , , , , , , , , , , , , , , , , , , , , , , , , , , , , , , , , , , , , , , , , , , , , , , , , , , , , , , , , , , 
991213,160104,Haryana,HR-U174,Urban,District name, ,PSU name,Census/UFS PSU number,Address,HH/Flat/Apt number,Door number,GATS-3/181/07,Head name,Head father/spouse name,Observation,Female, , , , , , , , , , , , , , , , , , , , , , , , , , , , , , , , , , , , , , , , , , , , , , , , , , , , , , , , , , , , , , , , , , , , , , , , , , , , , , , , , , , , , , , , , , , , , , , , , , , , , , , , , , , , , , , , , , , , , , , , , , , , , , , , , , , , , , , , , , , , , , , , , , , , , , , , , , , , , , , , , , , , , , , , , , , , , , , , , , , , , , , , , , , , , , , , , , , , , , , , , , , , , , , , , , , , , , , , , , , , , , , , , , , , , , , , , , , , , , , , , , , , , , , , , , , , , , , , , , , , , , , , , , , , , , , , , , , , , , , , , , , , , , , , , , , , , , , , , , , , , , , , , , , , , , , , , , , , , , , , , , , , , , , , , , , , , , , , , , , , , , , , , , , , , , , , , , , , , , , , , , , , , , , , , , , , , , , , , , , , , , , , , , , , , , , , , , , , , , , , , , , , , , , , , , , , , , , , , , , , , , , , , , , , , , , , , , , , , , , , , , , , , , , , , , , , , , , , , , , , , , , , , , , , , , , , , , , , , , , , , , , , , , , , , , , , , , , , , , , , , , , , , , , , , , , , , , , , , , , , , , , , , , , , , , , , , , , , , , , , , , , , , , , , , , , , , , , , , , , , , , , , 
991214,160104,Haryana,HR-R259,Rural,District name,Sub-district name,PSU name,Census/UFS PSU number,Address,HH/Flat/Apt number,Door number,GATS-3/046/07,Head name,Head father/spouse name,Observation,Female, , , , , , , , , , , , , , , , , , , , , , , , , , , , , , , , , , , , , , , , , , , , , , , , , , , , , , , , , , , , , , , , , , , , , , , , , , , , , , , , , , , , , , , , , , , , , , , , , , , , , , , , , , , , , , , , , , , , , , , , , , , , , , , , , , , , , , , , , , , , , , , , , , , , , , , , , , , , , , , , , , , , , , , , , , , , , , , , , , , , , , , , , , , , , , , , , , , , , , , , , , , , , , , , , , , , , , , , , , , , , , , , , , , , , , , , , , , , , , , , , , , , , , , , , , , , , , , , , , , , , , , , , , , , , , , , , , , , , , , , , , , , , , , , , , , , , , , , , , , , , , , , , , , , , , , , , , , , , , , , , , , , , , , , , , , , , , , , , , , , , , , , , , , , , , , , , , , , , , , , , , , , , , , , , , , , , , , , , , , , , , , , , , , , , , , , , , , , , , , , , , , , , , , , , , , , , , , , , , , , , , , , , , , , , , , , , , , , , , , , , , , , , , , , , , , , , , , , , , , , , , , , , , , , , , , , , , , , , , , , , , , , , , , , , , , , , , , , , , , , , , , , , , , , , , , , , , , , , , , , , , , , , , , , , , , , , , , , , , , , , , , , , , , , , , , , , , , , , , , , , , , , 
991215,160104,Haryana,HR-U560,Urban,District name, ,PSU name,Census/UFS PSU number,Address,HH/Flat/Apt number,Door number,GATS-3/194/02,Head name,Head father/spouse name,Observation,Female, , , , , , , , , , , , , , , , , , , , , , , , , , , , , , , , , , , , , , , , , , , , , , , , , , , , , , , , , , , , , , , , , , , , , , , , , , , , , , , , , , , , , , , , , , , , , , , , , , , , , , , , , , , , , , , , , , , , , , , , , , , , , , , , , , , , , , , , , , , , , , , , , , , , , , , , , , , , , , , , , , , , , , , , , , , , , , , , , , , , , , , , , , , , , , , , , , , , , , , , , , , , , , , , , , , , , , , , , , , , , , , , , , , , , , , , , , , , , , , , , , , , , , , , , , , , , , , , , , , , , , , , , , , , , , , , , , , , , , , , , , , , , , , , , , , , , , , , , , , , , , , , , , , , , , , , , , , , , , , , , , , , , , , , , , , , , , , , , , , , , , , , , , , , , , , , , , , , , , , , , , , , , , , , , , , , , , , , , , , , , , , , , , , , , , , , , , , , , , , , , , , , , , , , , , , , , , , , , , , , , , , , , , , , , , , , , , , , , , , , , , , , , , , , , , , , , , , , , , , , , , , , , , , , , , , , , , , , , , , , , , , , , , , , , , , , , , , , , , , , , , , , , , , , , , , , , , , , , , , , , , , , , , , , , , , , , , , , , , , , , , , , , , , , , , , , , , , , , , , , , , , , 
991216,160104,Haryana,HR-R483,Rural,District name,Sub-district name,PSU name,Census/UFS PSU number,Address,HH/Flat/Apt number,Door number,GATS-3/115/07,Head name,Head father/spouse name,Observation,Female, , , , , , , , , , , , , , , , , , , , , , , , , , , , , , , , , , , , , , , , , , , , , , , , , , , , , , , , , , , , , , , , , , , , , , , , , , , , , , , , , , , , , , , , , , , , , , , , , , , , , , , , , , , , , , , , , , , , , , , , , , , , , , , , , , , , , , , , , , , , , , , , , , , , , , , , , , , , , , , , , , , , , , , , , , , , , , , , , , , , , , , , , , , , , , , , , , , , , , , , , , , , , , , , , , , , , , , , , , , , , , , , , , , , , , , , , , , , , , , , , , , , , , , , , , , , , , , , , , , , , , , , , , , , , , , , , , , , , , , , , , , , , , , , , , , , , , , , , , , , , , , , , , , , , , , , , , , , , , , , , , , , , , , , , , , , , , , , , , , , , , , , , , , , , , , , , , , , , , , , , , , , , , , , , , , , , , , , , , , , , , , , , , , , , , , , , , , , , , , , , , , , , , , , , , , , , , , , , , , , , , , , , , , , , , , , , , , , , , , , , , , , , , , , , , , , , , , , , , , , , , , , , , , , , , , , , , , , , , , , , , , , , , , , , , , , , , , , , , , , , , , , , , , , , , , , , , , , , , , , , , , , , , , , , , , , , , , , , , , , , , , , , , , , , , , , , , , , , , , , , , , , 
991217,160104,Haryana,HR-R993,Rural,District name,Sub-district name,PSU name,Census/UFS PSU number,Address,HH/Flat/Apt number,Door number,GATS-3/132/04,Head name,Head father/spouse name,Observation,Female, , , , , , , , , , , , , , , , , , , , , , , , , , , , , , , , , , , , , , , , , , , , , , , , , , , , , , , , , , , , , , , , , , , , , , , , , , , , , , , , , , , , , , , , , , , , , , , , , , , , , , , , , , , , , , , , , , , , , , , , , , , , , , , , , , , , , , , , , , , , , , , , , , , , , , , , , , , , , , , , , , , , , , , , , , , , , , , , , , , , , , , , , , , , , , , , , , , , , , , , , , , , , , , , , , , , , , , , , , , , , , , , , , , , , , , , , , , , , , , , , , , , , , , , , , , , , , , , , , , , , , , , , , , , , , , , , , , , , , , , , , , , , , , , , , , , , , , , , , , , , , , , , , , , , , , , , , , , , , , , , , , , , , , , , , , , , , , , , , , , , , , , , , , , , , , , , , , , , , , , , , , , , , , , , , , , , , , , , , , , , , , , , , , , , , , , , , , , , , , , , , , , , , , , , , , , , , , , , , , , , , , , , , , , , , , , , , , , , , , , , , , , , , , , , , , , , , , , , , , , , , , , , , , , , , , , , , , , , , , , , , , , , , , , , , , , , , , , , , , , , , , , , , , , , , , , , , , , , , , , , , , , , , , , , , , , , , , , , , , , , , , , , , , , , , , , , , , , , , , , , , , , 
991218,160104,Haryana,HR-U835,Urban,District name, ,PSU name,Census/UFS PSU number,Address,HH/Flat/Apt number,Door number,GATS-3/100/06,Head name,Head father/spouse name,Observation,Female, , , , , , , , , , , , , , , , , , , , , , , , , , , , , , , , , , , , , , , , , , , , , , , , , , , , , , , , , , , , , , , , , , , , , , , , , , , , , , , , , , , , , , , , , , , , , , , , , , , , , , , , , , , , , , , , , , , , , , , , , , , , , , , , , , , , , , , , , , , , , , , , , , , , , , , , , , , , , , , , , , , , , , , , , , , , , , , , , , , , , , , , , , , , , , , , , , , , , , , , , , , , , , , , , , , , , , , , , , , , , , , , , , , , , , , , , , , , , , , , , , , , , , , , , , , , , , , , , , , , , , , , , , , , , , , , , , , , , , , , , , , , , , , , , , , , , , , , , , , , , , , , , , , , , , , , , , , , , , , , , , , , , , , , , , , , , , , , , , , , , , , , , , , , , , , , , , , , , , , , , , , , , , , , , , , , , , , , , , , , , , , , , , , , , , , , , , , , , , , , , , , , , , , , , , , , , , , , , , , , , , , , , , , , , , , , , , , , , , , , , , , , , , , , , , , , , , , , , , , , , , , , , , , , , , , , , , , , , , , , , , , , , , , , , , , , , , , , , , , , , , , , , , , , , , , , , , , , , , , , , , , , , , , , , , , , , , , , , , , , , , , , , , , , , , , , , , , , , , , , , , , , 
991219,160104,Haryana,HR-R499,Rural,District name,Sub-district name,PSU name,Census/UFS PSU number,Address,HH/Flat/Apt number,Door number,GATS-3/185/01,Head name,Head father/spouse name,Observation,Female, , , , , , , , , , , , , , , , , , , , , , , , , , , , , , , , , , , , , , , , , , , , , , , , , , , , , , , , , , , , , , , , , , , , , , , , , , , , , , , , , , , , , , , , , , , , , , , , , , , , , , , , , , , , , , , , , , , , , , , , , , , , , , , , , , , , , , , , , , , , , , , , , , , , , , , , , , , , , , , , , , , , , , , , , , , , , , , , , , , , , , , , , , , , , , , , , , , , , , , , , , , , , , , , , , , , , , , , , , , , , , , , , , , , , , , , , , , , , , , , , , , , , , , , , , , , , , , , , , , , , , , , , , , , , , , , , , , , , , , , , , , , , , , , , , , , , , , , , , , , , , , , , , , , , , , , , , , , , , , , , , , , , , , , , , , , , , , , , , , , , , , , , , , , , , , , , , , , , , , , , , , , , , , , , , , , , , , , , , , , , , , , , , , , , , , , , , , , , , , , , , , , , , , , , , , , , , , , , , , , , , , , , , , , , , , , , , , , , , , , , , , , , , , , , , , , , , , , , , , , , , , , , , , , , , , , , , , , , , , , , , , , , , , , , , , , , , , , , , , , , , , , , , , , , , , , , , , , , , , , , , , , , , , , , , , , , , , , , , , , , , , , , , , , , , , , , , , , , , , , , , , , 
991220,160104,Haryana,HR-U045,Urban,District name, ,PSU name,Census/UFS PSU number,Address,HH/Flat/Apt number,Door number,GATS-3/119/08,Head name,Head father/spouse name,Observation,Female, , , , , , , , , , , , , , , , , , , , , , , , , , , , , , , , , , , , , , , , , , , , , , , , , , , , , , , , , , , , , , , , , , , , , , , , , , , , , , , , , , , , , , , , , , , , , , , , , , , , , , , , , , , , , , , , , , , , , , , , , , , , , , , , , , , , , , , , , , , , , , , , , , , , , , , , , , , , , , , , , , , , , , , , , , , , , , , , , , , , , , , , , , , , , , , , , , , , , , , , , , , , , , , , , , , , , , , , , , , , , , , , , , , , , , , , , , , , , , , , , , , , , , , , , , , , , , , , , , , , , , , , , , , , , , , , , , , , , , , , , , , , , , , , , , , , , , , , , , , , , , , , , , , , , , , , , , , , , , , , , , , , , , , , , , , , , , , , , , , , , , , , , , , , , , , , , , , , , , , , , , , , , , , , , , , , , , , , , , , , , , , , , , , , , , , , , , , , , , , , , , , , , , , , , , , , , , , , , , , , , , , , , , , , , , , , , , , , , , , , , , , , , , , , , , , , , , , , , , , , , , , , , , , , , , , , , , , , , , , , , , , , , , , , , , , , , , , , , , , , , , , , , , , , , , , , , , , , , , , , , , , , , , , , , , , , , , , , , , , , , , , , , , , , , , , , , , , , , , , , , , , , 
991221,160201,Haryana,HR-U235,Urban,District name, ,PSU name,Census/UFS PSU number,Address,HH/Flat/Apt number,Door number,GATS-3/179/02,Head name,Head father/spouse name,Observation,Male, , , , , , , , , , , , , , , , , , , , , , , , , , , , , , , , , , , , , , , , , , , , , , , , , , , , , , , , , , , , , , , , , , , , , , , , , , , , , , , , , , , , , , , , , , , , , , , , , , , , , , , , , , , , , , , , , , , , , , , , , , , , , , , , , , , , , , , , , , , , , , , , , , , , , , , , , , , , , , , , , , , , , , , , , , , , , , , , , , , , , , , , , , , , , , , , , , , , , , , , , , , , , , , , , , , , , , , , , , , , , , , , , , , , , , , , , , , , , , , , , , , , , , , , , , , , , , , , , , , , , , , , , , , , , , , , , , , , , , , , , , , , , , , , , , , , , , , , , , , , , , , , , , , , , , , , , , , , , , , , , , , , , , , , , , , , , , , , , , , , , , , , , , , , , , , , , , , , , , , , , , , , , , , , , , , , , , , , , , , , , , , , , , , , , , , , , , , , , , , , , , , , , , , , , , , , , , , , , , , , , , , , , , , , , , , , , , , , , , , , , , , , , , , , , , , , , , , , , , , , , , , , , , , , , , , , , , , , , , , , , , , , , , , , , , , , , , , , , , , , , , , , , , , , , , , , , , , , , , , , , , , , , , , , , , , , , , , , , , , , , , , , , , , , , , , , , , , , , , , , , , , , 
991222,160201,Haryana,HR-U980,Urban,District name, ,PSU name,Census/UFS PSU number,Address,HH/Flat/Apt number,Door number,GATS-3/279/09,Head name,Head father/spouse name,Observation,Male,1/28/2026 8:29:18 PM,1/30/2026 8:18:00 PM,1/28/2026 8:31:42 PM,1/30/2026 8:26:58 PM,2,30,1,bashir,0.430226038,200,1/28/2026 8:31:38 PM,400,1/30/2026 8:26:57 PM,200,1/28/2026 8:31:38 PM,400,1/30/2026 8:26:57 PM, , , , , , , , , , , , , , , , ,34.07903833333333 74.650925 1460.3000000000002 12.8,1,6,4,0,2,farooq,bashir, , , , , , , , , , , , , , , , , , ,35,30, , , , , , , , , , , , , , , , , , , , , , , , , , , , , , , , , , , , , , , , , , , , , , , , , , , , , , , , , , ,1,1, , , , , , , , , , , , , , , , , , ,1,2, , , , , , , , , , , , , , , , , , ,2,1, , , , , , , , , , , , , , , , , , ,2,34.079985 74.65015 1527.0 10.3, , ,1,8,1,7,1988, , , ,5,4,1,1,2,1,2,2,1,2,2,1,1,2,2,1,4,2, ,2,3, ,3, , , , , , , , , , , , , , , , , , , , , , , , , , , , , , , , , , , , , , , , , , , , , , , , , , , , , , , , , , , , , , , , ,2, , , , , , , , , , , , , , , , ,3, ,3, , , , , , , , , , , , , , , , , , , , , , , , , , , , , , , , , , , , , , , , , , , , , , , , , , , , , , , , , , , ,2, ,2, ,2, , , , , , , , , , , , , , , , , , , , , , , , , , , , , , , , , , , , , , , , , , , , , ,2,2,5,1,2,1,2,2,1,2,1,2,1,1,1,2, ,1,1,2, ,2, ,2, ,1,1, , , , , , , , , , , , , , , , , , , , , , , , , , , , , , ,1,2,2,1,2,1,1,1,1,2, , ,2,1,2,2,1,2,1,1,1,1,2, , ,2, , , , , , ,1,2,2,2,2,2,2,2,2,1,2,2,2,2, ,2,2,2,2,2,2,2,2,2,2,2,2, ,1,2,1,2,2,2,2,2,2,2,2,2,-7,2,2,2,2,2,2,2,2,2,1,1,1,1,1,1,1,2,1,1,1,1,2, , , ,Cooperative,37
991223,160201,Haryana,HR-U404,Urban,District name, ,PSU name,Census/UFS PSU number,Address,HH/Flat/Apt number,Door number,GATS-3/253/09,Head name,Head father/spouse name,Observation,Male,1/30/2026 8:15:14 PM,1/30/2026 9:29:37 PM,1/30/2026 8:17:34 PM,1/30/2026 9:30:41 PM,2,38,1,Nissar ahmad,0.236946583,200,1/30/2026 8:17:31 PM, , ,200,1/30/2026 8:17:31 PM, , ,104,1/28/2026 9:58:00 PM, , , , , , , , , , , , , , ,34.080313333333336 74.649445 1514.3000000000002 10.3,1,8,6,2,2,Gh mohd rather,Nissar ahmad, , , , , , , , , , , , , , , , , , ,60,38, , , , , , , , , , , , , , , , , , , , , , , , , , , , , , , , , , , , , , , , , , , , , , , , , , , , , , , , , , ,1,1, , , , , , , , , , , , , , , , , , ,1,2, , , , , , , , , , , , , , , , , , ,2,2, , , , , , , , , , , , , , , , , , , , , , , , , , , , , , , , , , , , , , , , , , , , , , , , , , , , , , , , , , , , , , , , , , , , , , , , , , , , , , , , , , , , , , , , , , , , , , , , , , , , , , , , , , , , , , , , , , , , , , , , , , , , , , , , , , , , , , , , , , , , , , , , , , , , , , , , , , , , , , , , , , , , , , , , , , , , , , , , , , , , , , , , , , , , , , , , , , , , , , , , , , , , , , , , , , , , , , , , , , , , , , , , , , , , , , , , , , , , , , , , , , , , , , , , , , , , , , , , , , , , , , , , , , , , , , , , , , , , , , , , , , , , , , , , , , , , , , , , , , , , , , , , , , , , , , , , , , , , , , , , , , , , , , , , , , , , , , , , , , , , , , , , , , , , , , , , , , , , , , , , , , , , , , , , , , , , , , , , , , , , , , , , , , , , , , , , , , , , , , , , , , , 
991224,160201,Haryana,HR-U809,Urban,District name, ,PSU name,Census/UFS PSU number,Address,HH/Flat/Apt number,Door number,GATS-3/063/03,Head name,Head father/spouse name,Observation,Male,1/29/2026 11:35:07 AM,1/29/2026 11:39:48 AM,1/29/2026 11:39:33 AM,1/29/2026 11:41:08 AM,2,42,1,showket hussain shah,0.140262152,200,1/29/2026 11:38:32 AM,309,1/29/2026 11:42:00 AM,200,1/29/2026 11:38:32 AM,309,1/29/2026 11:42:00 AM, , , , , , , , , , , , , , , , ,33.98448833333334 74.75303833333334 1545.6 7.8,1,6,4,1,2,gh mohd shah,showket hussain shah, , , , , , , , , , , , , , , , , , ,70,42, , , , , , , , , , , , , , , , , , , , , , , , , , , , , , , , , , , , , , , , , , , , , , , , , , , , , , , , , , ,1,1, , , , , , , , , , , , , , , , , , ,1,2, , , , , , , , , , , , , , , , , , ,2,2, , , , , , , , , , , , , , , , , , ,2,33.984473333333334 74.75264666666666 1545.6 12.1, , ,2, , , , , , , , , , , , , , , , , , , , , , , , , , , , , , , , , , , , , , , , , , , , , , , , , , , , , , , , , , , , , , , , , , , , , , , , , , , , , , , , , , , , , , , , , , , , , , , , , , , , , , , , , , , , , , , , , , , , , , , , , , , , , , , , , , , , , , , , , , , , , , , , , , , , , , , , , , , , , , , , , , , , , , , , , , , , , , , , , , , , , , , , , , , , , , , , , , , , , , , , , , , , , , , , , , , , , , , , , , , , , , , , , , , , , , , , , , , , , , , , , , , , , , , , , , , , , , , , , , , , , , , , , , , , , , , , , , , , , , , , , , , , , , , , , , , , , , , , , , , , , , , , , , , , , , , , , , , , , , , , , , , , , , , , , , , , , , , , , , , , , , , , , , , , , , , , , , , , , , , , , , , , , , , , , , , , , , , , , , , , 
991225,160201,Haryana,HR-U256,Urban,District name, ,PSU name,Census/UFS PSU number,Address,HH/Flat/Apt number,Door number,GATS-3/012/05,Head name,Head father/spouse name,Observation,Male,1/29/2026 11:53:10 AM,1/29/2026 11:57:13 AM,1/29/2026 11:57:02 AM,1/29/2026 12:16:17 PM,1,60,1,m Ibrahim,0.849248341,200,1/29/2026 11:56:59 AM,400,1/29/2026 12:16:15 PM,200,1/29/2026 11:56:59 AM,400,1/29/2026 12:16:15 PM, , , , , , , , , , , , , , , , ,33.98420833333333 74.75352833333334 1620.3 9.3,1,9,6,1,3,m Ibrahim,aijaz hussain,mubashir ahmad, , , , , , , , , , , , , , , , , ,60,43,37, , , , , , , , , , , , , , , , , , , , , , , , , , , , , , , , , , , , , , , , , , , , , , , , , , , , , , , , , ,1,1,1, , , , , , , , , , , , , , , , , ,1,1,2, , , , , , , , , , , , , , , , , ,2,2,2, , , , , , , , , , , , , , , , , ,2,33.98439333333333 74.75319166666667 1620.4 11.2, , ,1,8,1,1,1965, , , ,1,8,1,1,2,1,2,2,1,2,2,1,2,2,2,1,4,2, ,2,1, , ,23, ,23, ,3, ,0, ,0, ,0, ,6, ,0, , ,4, , , , , , , , , , , , , , , , , , , , , , , , , , , , , , , , , , , , , , ,2, ,3,2,1, ,2,1,2, , , , , , , , , , , , , , , , ,3, ,3, , , , , , , , , , , , , , , , , , , , , , , , , , , , , , , , , , , , , , , , , , , , , , , , , , , , , , , , , , , ,2, ,2, ,2, ,1,3, , ,2,2,2,2,2,2,2,2,2,2,2,2, ,2, , , ,1, , , , , , , , , , , , , , , , , , , , , , ,2,2,1,2, , , , ,2, ,2, ,2, , ,2, ,1,2,2, ,2, ,2, ,1,1,1, ,2, , , , , ,12,2, , , , , , , , , , , , , , , , , , , , ,2,2,1,2,2,2,2,1,1,2, ,2,2,2,2,2,2,2,2,2,1,2,2, , ,2,1,1, , , , ,2,2,2,2,1,2,2,2,2,2,2,2,2,2, ,1,2,2,2,2,2,2,2,2,2,2,2, ,1,2,2,1,2,2,2,2,2,2,2,2,2,2,1,2,2,1,2,2,2,2,1,1,1,2,1,2,1,2,1,1,1,1,1,4, , ,cooperative,61
991226,160201,Haryana,HR-R019,Rural,District name,Sub-district name,PSU name,Census/UFS PSU number,Address,HH/Flat/Apt number,Door number,GATS-3/229/01,Head name,Head father/spouse name,Observation,Male,1/29/2026 12:31:45 PM,1/29/2026 12:35:31 PM,1/29/2026 12:35:21 PM,1/29/2026 12:54:14 PM,1,62,1,mohd taqi rather,0.745530579,200,1/29/2026 12:35:19 PM,400,1/29/2026 12:54:12 PM,200,1/29/2026 12:35:19 PM,400,1/29/2026 12:54:12 PM, , , , , , , , , , , , , , , , ,33.98421 74.75336333333333 1605.8 10.8,1,5,5, ,1,mohd taqi rather, , , , , , , , , , , , , , , , , , , ,62, , , , , , , , , , , , , , , , , , , , , , , , , , , , , , , , , , , , , , , , , , , , , , , , , , , , , , , , , , , ,1, , , , , , , , , , , , , , , , , , , ,1, , , , , , , , , , , , , , , , , , , ,2, , , , , , , , , , , , , , , , , , , ,2,33.98439166666667 74.753475 1591.8 13.2, , ,1,8,1,8,1964, , , ,1,6,1,2,2,1,2,1,2,2,2,1,2,2,2,1,4,2, ,2,1, , ,25, ,26, ,0, ,0, ,0, ,0, ,6, ,0, , ,4, , , , , , , , , , , , , , , , , , , , , , , , , , , , , , , , , , , , , , ,2, ,2,3,1, ,2,1,2, , , , , , , , , , , , , , , , ,3, ,3, , , , , , , , , , , , , , , , , , , , , , , , , , , , , , , , , , , , , , , , , , , , , , , , , , , , , , , , , , , ,2, ,2, ,2, ,1,1,10, , ,2,2,2,2,2,2,2,2,2,2,2, ,1,3,1,1,1, , , , , , , , , , , , , , , , , , , , , , ,2,2,1,1,2,2, , ,2, ,1,2,2, , ,2, ,1,2,2, ,2, ,2, ,2,1, , , , , , , , , , , , , , , , , , , , , , , , , , , , , , ,2,2,2,2,2,2,2,2,1,2, ,2,2,2,2,1,2,2,2,2,2,2,2, , ,2,2, , , , , ,2,2,1,2,2,2,2,2,2,2,2,1,1,2, ,2,2,2,2,2,2,2,2,2,2,2,2, ,2,2,2,2,2,2,2,2,2,2,2,2,2,2,2,2,2,2,2,2,2,2,1,2,2,2,1,2,1,2,2,1,2,1,1,4, , ,cooperative,61
991227,160201,Haryana,HR-R708,Rural,District name,Sub-district name,PSU name,Census/UFS PSU number,Address,HH/Flat/Apt number,Door number,GATS-3/272/06,Head name,Head father/spouse name,Observation,Male,1/29/2026 1:16:58 PM,1/29/2026 1:23:00 PM,1/29/2026 1:21:40 PM,1/29/2026 1:37:12 PM,1,65,1,Gh mohiudin bhat,0.786741799,200,1/29/2026 1:21:37 PM,400,1/29/2026 1:37:11 PM,200,1/29/2026 1:21:37 PM,400,1/29/2026 1:37:11 PM, , , , , , , , , , , , , , , , ,33.98475833333334 74.75343333333333 1627.5 8.0,1,6,4,1,2,Gh mohiudin bhat,Tanveer hussain, , , , , , , , , , , , , , , , , , ,65,36, , , , , , , , , , , , , , , , , , , , , , , , , , , , , , , , , , , , , , , , , , , , , , , , , , , , , , , , , , ,1,1, , , , , , , , , , , , , , , , , , ,1,2, , , , , , , , , , , , , , , , , , ,2,2, , , , , , , , , , , , , , , , , , ,2,33.98485 74.753485 1607.4 11.3, , ,1,8,1,8,1960, , , ,3,4,1,1,2,1,1,1,1,1,2,1,2,2,1,1,4,2, ,2,1, , ,30, ,32, ,0, ,0, ,0, ,0, ,2, ,0, , ,4, , , , , , , , , , , , , , , , , , , , , , , , , , , , , , , , , , , , , , ,2, ,2,1,1, ,2,1,2, , , , , , , , , , , , , , , , ,3, ,3, , , , , , , , , , , , , , , , , , , , , , , , , , , , , , , , , , , , , , , , , , , , , , , , , , , , , , , , , , , ,2, ,2, ,2, ,1,1,1, , ,2,2,2,2,2,2,2,2,2,2,2, ,1,3,1,1,2, , , , , , , , , , , , , , , , , , , , , , ,2,2,1,2, , , , ,2, ,1,2,2, , ,2, ,1,2,2, ,2, ,2, ,1,1, , , , , , , , , , , , , , , , , , , , , , , , , , , , , , ,1,2,1,2,2,1,2,1,1,2, ,1,2,1,2,1,2,2,1,2,1,1,2, , ,2,1,1, , , , ,1,2,1,2,1,2,1,1,2,1,2,1,1,2, ,1,2,1,2,1,1,2,1,2,1,1,2, ,1,2,1,2,2,2,2,2,2,2,2,2,2,2,2,2,2,2,2,2,2,2,1,1,1,1,1,2,1,2,1,1,1,1,1,4, , ,cooperative,65
991228,160201,Haryana,HR-R991,Rural,District name,Sub-district name,PSU name,Census/UFS PSU number,Address,HH/Flat/Apt number,Door number,GATS-3/137/03,Head name,Head father/spouse name,Observation,Male, , , , , , , , , , , , , , , , , , , , , , , , , , , , , , , , , , , , , , , , , , , , , , , , , , , , , , , , , , , , , , , , , , , , , , , , , , , , , , , , , , , , , , , , , , , , , , , , , , , , , , , , , , , , , , , , , , , , , , , , , , , , , , , , , , , , , , , , , , , , , , , , , , , , , , , , , , , , , , , , , , , , , , , , , , , , , , , , , , , , , , , , , , , , , , , , , , , , , , , , , , , , , , , , , , , , , , , , , , , , , , , , , , , , , , , , , , , , , , , , , , , , , , , , , , , , , , , , , , , , , , , , , , , , , , , , , , , , , , , , , , , , , , , , , , , , , , , , , , , , , , , , , , , , , , , , , , , , , , , , , , , , , , , , , , , , , , , , , , , , , , , , , , , , , , , , , , , , , , , , , , , , , , , , , , , , , , , , , , , , , , , , , , , , , , , , , , , , , , , , , , , , , , , , , , , , , , , , , , , , , , , , , , , , , , , , , , , , , , , , , , , , , , , , , , , , , , , , , , , , , , , , , , , , , , , , , , , , , , , , , , , , , , , , , , , , , , , , , , , , , , , , , , , , , , , , , , , , , , , , , , , , , , , , , , , , , , , , , , , , , , , , , , , , , , , , , , , , , , , , , , , , 
991229,160201,Haryana,HR-U177,Urban,District name, ,PSU name,Census/UFS PSU number,Address,HH/Flat/Apt number,Door number,GATS-3/235/05,Head name,Head father/spouse name,Observation,Male,1/29/2026 2:28:15 PM,1/29/2026 2:30:54 PM,1/29/2026 2:30:37 PM,1/29/2026 2:42:07 PM,1,55,1,Altaf hussain,0.482534447,200,1/29/2026 2:30:35 PM,400,1/29/2026 2:42:06 PM,200,1/29/2026 2:30:35 PM,400,1/29/2026 2:42:06 PM, , , , , , , , , , , , , , , , ,33.984685 74.75445666666666 1569.5 6.5,1,2,2, ,1,Altaf hussain, , , , , , , , , , , , , , , , , , , ,55, , , , , , , , , , , , , , , , , , , , , , , , , , , , , , , , , , , , , , , , , , , , , , , , , , , , , , , , , , , ,1, , , , , , , , , , , , , , , , , , , ,2, , , , , , , , , , , , , , , , , , , ,2, , , , , , , , , , , , , , , , , , , ,2,33.98469166666666 74.75498166666667 1570.4 13.1, , ,1,8,1,3,1969, , , ,5,4,1,1,2,1,2,2,1,1,2,1,2,2,2,1,4,2, ,2,3, ,3, , , , , , , , , , , , , , , , , , , , , , , , , , , , , , , , , , , , , , , , , , , , , , , , , , , , , , , , , , , , , , , , ,2, , , , , , , , , , , , , , , , ,3, ,3, , , , , , , , , , , , , , , , , , , , , , , , , , , , , , , , , , , , , , , , , , , , , , , , , , , , , , , , , , , ,2, ,2, ,2, , , , , , , , , , , , , , , , , , , , , , , , , , , , , , , , , , , , , , , , , , , , , ,3, , ,1,2,1,3,2,1,2,2, ,2, , ,2, ,1,1,2, ,2, ,2, ,1,1, , , , , , , , , , , , , , , , , , , , , , , , , , , , , , ,1,2,2,2,2,2,2,2,2,2, , ,2,2,2,2,2,2,2,2,2,2,2, , ,2, , , , , , ,1,1,2,2,2,2,2,2,2,2,2,2,2,2, ,2,2,2,2,2,2,2,2,2,2,2,2, ,2,2,2,2,2,2,2,2,2,2,2,2,2,2,2,2,2,2,2,2,2,2,2,1,1,1,1,2,1,2,2,1,1,2,2, , , ,Cooperative,56
991230,160201,Haryana,HR-R468,Rural,District name,Sub-district name,PSU name,Census/UFS PSU number,Address,HH/Flat/Apt number,Door number,GATS-3/294/01,Head name,Head father/spouse name,Observation,Male,1/30/2026 11:40:18 AM,1/30/2026 11:42:31 AM,1/30/2026 11:42:23 AM,1/30/2026 12:03:24 PM,1,36,1,Imtiyaz hussain,0.160780381,200,1/30/2026 11:42:19 AM,400,1/30/2026 12:03:22 PM,200,1/30/2026 11:42:19 AM,400,1/30/2026 12:03:22 PM, , , , , , , , , , , , , , , , ,33.9842591 74.7541484 1613.9000244140625 42.5,1,5,3,0,1,Imtiyaz hussain, , , , , , , , , , , , , , , , , , , ,36, , , , , , , , , , , , , , , , , , , , , , , , , , , , , , , , , , , , , , , , , , , , , , , , , , , , , , , , , , , ,1, , , , , , , , , , , , , , , , , , , ,1, , , , , , , , , , , , , , , , , , , ,2, , , , , , , , , , , , , , , , , , , ,2,33.984225 74.75402166666666 1604.1 6.9, , ,1,8,1,9,1986, , , ,7,4,1,1,2,1,2,2,1,2,2,1,2,2,2,1,4,2, ,2,1, , ,24, ,24, ,10, ,0, ,0, ,0, ,0, ,0, , ,4, , , , , , , , , , , , , , , , , , , , , , , , , , , , , , , , , , , , , , , , , , , , , , ,1,3,2, , , , , , , , , , , , , ,1,3, ,3, , , , , , , , , , , , , , , , , , , , , , , , , , , , , , , , , , , , , , , , , , , , , , , , , , , , , , , , , , , ,2, ,2, ,2, ,1,3, , ,6,2,2,1,2,2,2,2,2,2,1,2, ,1,1,2, ,1, , , , , , , , , , , , , , , , , , , , , , ,2,2,1,1,2,2, , ,2, ,1,1,1,2,2,2, ,1,1,2, ,2, ,2, ,1,1,1, ,8, , , , , ,48,2, , , , , , , , , , , , , , , , , , , , ,1,2,2,1,2,1,1,1,1,2, ,1,2,1,2,2,1,2,1,1,1,1,2, , ,2,1,1, , , , ,1,1,1,2,2,1,1,1,2,1,1,1,1,2, ,2,2,2,1,1,1,2,1,1,1,1,2, ,2,2,1,2,2,2,2,2,2,2,2,2,2,2,2,2,2,2,2,2,2,2,1,1,1,1,1,1,1,2,1,1,1,1,1,4, , ,cooperative Respondent,39
991231,160201,Haryana,HR-U721,Urban,District name, ,PSU name,Census/UFS PSU number,Address,HH/Flat/Apt number,Door number,GATS-3/087/06,Head name,Head father/spouse name,Observation,Male, , , , , , , , , , , , , , , , , , , , , , , , , , , , , , , , , , , , , , , , , , , , , , , , , , , , , , , , , , , , , , , , , , , , , , , , , , , , , , , , , , , , , , , , , , , , , , , , , , , , , , , , , , , , , , , , , , , , , , , , , , , , , , , , , , , , , , , , , , , , , , , , , , , , , , , , , , , , , , , , , , , , , , , , , , , , , , , , , , , , , , , , , , , , , , , , , , , , , , , , , , , , , , , , , , , , , , , , , , , , , , , , , , , , , , , , , , , , , , , , , , , , , , , , , , , , , , , , , , , , , , , , , , , , , , , , , , , , , , , , , , , , , , , , , , , , , , , , , , , , , , , , , , , , , , , , , , , , , , , , , , , , , , , , , , , , , , , , , , , , , , , , , , , , , , , , , , , , , , , , , , , , , , , , , , , , , , , , , , , , , , , , , , , , , , , , , , , , , , , , , , , , , , , , , , , , , , , , , , , , , , , , , , , , , , , , , , , , , , , , , , , , , , , , , , , , , , , , , , , , , , , , , , , , , , , , , , , , , , , , , , , , , , , , , , , , , , , , , , , , , , , , , , , , , , , , , , , , , , , , , , , , , , , , , , , , , , , , , , , , , , , , , , , , , , , , , , , , , , , , , , , , 
991232,160201,Haryana,HR-R434,Rural,District name,Sub-district name,PSU name,Census/UFS PSU number,Address,HH/Flat/Apt number,Door number,GATS-3/281/04,Head name,Head father/spouse name,Observation,Male,1/30/2026 2:42:34 PM,1/30/2026 2:45:32 PM,1/30/2026 2:45:02 PM,1/30/2026 2:57:53 PM,2,36,1,Altaf hussain bhat,0.313669239,200,1/30/2026 2:44:59 PM,400,1/30/2026 2:57:52 PM,200,1/30/2026 2:44:59 PM,400,1/30/2026 2:57:52 PM, , , , , , , , , , , , , , , , ,33.98369 74.754965 1603.1 8.8,1,6,2,2,2,Gh hussain ghat,Altaf hussain bhat, , , , , , , , , , , , , , , , , , ,75,36, , , , , , , , , , , , , , , , , , , , , , , , , , , , , , , , , , , , , , , , , , , , , , , , , , , , , , , , , , ,1,1, , , , , , , , , , , , , , , , , , ,1,2, , , , , , , , , , , , , , , , , , ,2,2, , , , , , , , , , , , , , , , , , ,2,33.98365833333333 74.75521833333333 1602.2 7.3, , ,1,8,1,3,1989, , , ,5,4,1,2,2,1,2,2,1,2,1,2,1,2,2,1,4,2, ,2,3, ,3, , , , , , , , , , , , , , , , , , , , , , , , , , , , , , , , , , , , , , , , , , , , , , , , , , , , , , , , , , , , , , , , ,2, , , , , , , , , , , , , , , , ,3, ,3, , , , , , , , , , , , , , , , , , , , , , , , , , , , , , , , , , , , , , , , , , , , , , , , , , , , , , , , , , , ,2, ,2, ,2, , , , , , , , , , , , , , , , , , , , , , , , , , , , , , , , , , , , , , , , , , , , , ,2,2,1,1,3, ,4,-7,1,1,1,1,2, , ,2, ,1,2,2, ,1,2,2, ,1,1, , , , , , , , , , , , , , , , , , , , , , , , , , , , , , ,1,2,2,1,2,1,1,1,1,2, , ,2,1,2,2,1,2,1,1,1,1,2, , ,2, , , , , , ,1,2,2,2,2,2,2,1,2,1,1,2,2,2, ,1,2,2,1,2,1,2,2,2,2,2,2, ,1,2,1,1,2,2,2,2,2,2,2,2,2,2,2,2,2,2,2,2,2,2,1,1,1,1,1,2,1,2,1,1,1,1,1, , , ,Well participate,36
991233,160201,Haryana,HR-U328,Urban,District name, ,PSU name,Census/UFS PSU number,Address,HH/Flat/Apt number,Door number,GATS-3/121/02,Head name,Head father/spouse name,Observation,Male, , , , , , , , , , , , , , , , , , , , , , , , , , , , , , , , , , , , , , , , , , , , , , , , , , , , , , , , , , , , , , , , , , , , , , , , , , , , , , , , , , , , , , , , , , , , , , , , , , , , , , , , , , , , , , , , , , , , , , , , , , , , , , , , , , , , , , , , , , , , , , , , , , , , , , , , , , , , , , , , , , , , , , , , , , , , , , , , , , , , , , , , , , , , , , , , , , , , , , , , , , , , , , , , , , , , , , , , , , , , , , , , , , , , , , , , , , , , , , , , , , , , , , , , , , , , , , , , , , , , , , , , , , , , , , , , , , , , , , , , , , , , , , , , , , , , , , , , , , , , , , , , , , , , , , , , , , , , , , , , , , , , , , , , , , , , , , , , , , , , , , , , , , , , , , , , , , , , , , , , , , , , , , , , , , , , , , , , , , , , , , , , , , , , , , , , , , , , , , , , , , , , , , , , , , , , , , , , , , , , , , , , , , , , , , , , , , , , , , , , , , , , , , , , , , , , , , , , , , , , , , , , , , , , , , , , , , , , , , , , , , , , , , , , , , , , , , , , , , , , , , , , , , , , , , , , , , , , , , , , , , , , , , , , , , , , , , , , , , , , , , , , , , , , , , , , , , , , , , , , , , , , 
991234,160201,Haryana,HR-U102,Urban,District name, ,PSU name,Census/UFS PSU number,Address,HH/Flat/Apt number,Door number,GATS-3/076/04,Head name,Head father/spouse name,Observation,Male, , , , , , , , , , , , , , , , , , , , , , , , , , , , , , , , , , , , , , , , , , , , , , , , , , , , , , , , , , , , , , , , , , , , , , , , , , , , , , , , , , , , , , , , , , , , , , , , , , , , , , , , , , , , , , , , , , , , , , , , , , , , , , , , , , , , , , , , , , , , , , , , , , , , , , , , , , , , , , , , , , , , , , , , , , , , , , , , , , , , , , , , , , , , , , , , , , , , , , , , , , , , , , , , , , , , , , , , , , , , , , , , , , , , , , , , , , , , , , , , , , , , , , , , , , , , , , , , , , , , , , , , , , , , , , , , , , , , , , , , , , , , , , , , , , , , , , , , , , , , , , , , , , , , , , , , , , , , , , , , , , , , , , , , , , , , , , , , , , , , , , , , , , , , , , , , , , , , , , , , , , , , , , , , , , , , , , , , , , , , , , , , , , , , , , , , , , , , , , , , , , , , , , , , , , , , , , , , , , , , , , , , , , , , , , , , , , , , , , , , , , , , , , , , , , , , , , , , , , , , , , , , , , , , , , , , , , , , , , , , , , , , , , , , , , , , , , , , , , , , , , , , , , , , , , , , , , , , , , , , , , , , , , , , , , , , , , , , , , , , , , , , , , , , , , , , , , , , , , , , , , , , 
991235,160201,Haryana,HR-R552,Rural,District name,Sub-district name,PSU name,Census/UFS PSU number,Address,HH/Flat/Apt number,Door number,GATS-3/180/01,Head name,Head father/spouse name,Observation,Male,1/30/2026 12:15:39 PM,1/30/2026 12:22:27 PM,1/30/2026 12:20:28 PM,1/30/2026 12:32:03 PM,2,22,1,sahil hussain,0.221532996,200,1/30/2026 12:20:24 PM,400,1/30/2026 12:32:02 PM,200,1/30/2026 12:20:24 PM,400,1/30/2026 12:32:02 PM, , , , , , , , , , , , , , , , ,33.98509 74.75431333333333 1659.9 7.7,1,4,4, ,2,Mohd Ibrahim bhat,sahil hussain, , , , , , , , , , , , , , , , , , ,60,22, , , , , , , , , , , , , , , , , , , , , , , , , , , , , , , , , , , , , , , , , , , , , , , , , , , , , , , , , , ,1,1, , , , , , , , , , , , , , , , , , ,2,2, , , , , , , , , , , , , , , , , , ,2,2, , , , , , , , , , , , , , , , , , ,2,33.98465833333333 74.75395833333333 1644.1 10.0, , ,1,8,1,8,2002, , , ,1,8,1,1,2,1,2,1,1,2,2,1,2,2,2,1,4,2, ,3,3, ,3, , , , , , , , , , , , , , , , , , , , , , , , , , , , , , , , , , , , , , , , , , , , , , , , , , , , , , , , , , , , , , , , ,1,3,2, , , , , , , , , , , , , ,1,3, ,3, , , , , , , , , , , , , , , , , , , , , , , , , , , , , , , , , , , , , , , , , , , , , , , , , , , , , , , , , , , ,2, ,2, ,2, , , , , , , , , , , , , , , , , , , , , , , , , , , , , , , , , , , , , , , , , , , , , ,2,2,1,1,3, ,3,1,2, ,1,1,2, , ,2, ,1,1,2, ,2, ,2, ,1,1, , , , , , , , , , , , , , , , , , , , , , , , , , , , , , ,1,2,2,1,1,1,1,1,1,2, , ,2,1,2,2,1,1,1,1,1,1,2, , ,2, , , , , , ,1,1,1,2,2,1,1,1,2,1,2,1,1,2, ,2,2,2,2,2,2,2,2,2,1,1,2, ,2,1,1,1,2,2,2,2,2,2,2,2,2,2,2,2,2,2,2,2,2,1,1,1,1,1,1,2,1,2,1,1,1,1,2, , , ,Cooperative respondent,23
991236,160201,Haryana,HR-R390,Rural,District name,Sub-district name,PSU name,Census/UFS PSU number,Address,HH/Flat/Apt number,Door number,GATS-3/232/09,Head name,Head father/spouse name,Observation,Male,1/30/2026 12:51:33 PM,1/30/2026 12:56:07 PM,1/30/2026 12:55:52 PM,1/30/2026 1:07:06 PM,3,21,1,Aijaz rasool bhat,0.043272662,200,1/30/2026 12:55:49 PM,400,1/30/2026 1:07:05 PM,200,1/30/2026 12:55:49 PM,400,1/30/2026 1:07:05 PM, , , , , , , , , , , , , , , , ,33.98557666666667 74.75421 1584.8 12.7,1,5,5, ,3,Gh rasool bhat,Taseen bhat,Aijaz rasool bhat, , , , , , , , , , , , , , , , , ,45,25,21, , , , , , , , , , , , , , , , , , , , , , , , , , , , , , , , , , , , , , , , , , , , , , , , , , , , , , , , , ,1,1,1, , , , , , , , , , , , , , , , , ,1,2,2, , , , , , , , , , , , , , , , , ,2,2,2, , , , , , , , , , , , , , , , , ,2,33.98540666666667 74.75414 1584.6 8.9, , ,1,8,1,3,2004, , , ,5,4,1,1,2,1,2,2,1,2,2,1,2,2,2,1,4,2, ,3,3, ,3, , , , , , , , , , , , , , , , , , , , , , , , , , , , , , , , , , , , , , , , , , , , , , , , , , , , , , , , , , , , , , , , ,2, , , , , , , , , , , , , , , , ,3, ,3, , , , , , , , , , , , , , , , , , , , , , , , , , , , , , , , , , , , , , , , , , , , , , , , , , , , , , , , , , , ,2, ,2, ,2, , , , , , , , , , , , , , , , , , , , , , , , , , , , , , , , , , , , , , , , , , , , , ,3, , ,1,2,2, , ,2, ,2, ,2, , ,2, ,1,1,2, ,2, ,2, ,1,1, , , , , , , , , , , , , , , , , , , , , , , , , , , , , , ,1,2,2,1,2,1,1,1,1,2, , ,2,2,2,2,2,2,1,2,1,2,2, , ,2, , , , , , ,1,2,2,2,2,1,1,1,2,1,1,1,1,2, ,1,2,2,1,2,1,2,1,1,1,1,2, ,2,2,1,2,2,2,2,2,2,2,2,2,2,2,2,1,2,2,2,2,2,1,1,1,1,1,1,2,1,2,1,1,1,1,1, , , ,Cpooreative,21
991237,160201,Haryana,HR-R864,Rural,District name,Sub-district name,PSU name,Census/UFS PSU number,Address,HH/Flat/Apt number,Door number,GATS-3/120/07,Head name,Head father/spouse name,Observation,Male,1/30/2026 3:03:49 PM,1/30/2026 3:06:47 PM,1/30/2026 3:06:35 PM,1/30/2026 3:21:41 PM,1,47,1,Irfan Ali dar,0.046797565,200,1/30/2026 3:06:32 PM,400,1/30/2026 3:21:40 PM,200,1/30/2026 3:06:32 PM,400,1/30/2026 3:21:40 PM, , , , , , , , , , , , , , , , ,33.9836852 74.755055 1602.5999755859375 20.0,1,3,3, ,1,Irfan Ali dar, , , , , , , , , , , , , , , , , , , ,47, , , , , , , , , , , , , , , , , , , , , , , , , , , , , , , , , , , , , , , , , , , , , , , , , , , , , , , , , , , ,1, , , , , , , , , , , , , , , , , , , ,1, , , , , , , , , , , , , , , , , , , ,2, , , , , , , , , , , , , , , , , , , ,2,33.9836868 74.7550554 1602.5999755859375 20.0, , ,1,8,1,4,1978, , , ,4,4,1,1,2,1,2,2,2,2,2,1,2,2,2,1,4,2, ,2,1, , ,15, ,25, ,0, ,0, ,0, ,0, ,6, ,0, , ,4, , , , , , , , , , , , , , , , , , , , , , , , , , , , , , , , , , , , , , ,2, ,2,0,1, ,2,1,2, , , , , , , , , , , , , , , , ,3, ,3, , , , , , , , , , , , , , , , , , , , , , , , , , , , , , , , , , , , , , , , , , , , , , , , , , , , , , , , , , , ,2, ,2, ,2, ,1,3, , ,5,1,1,1,2,2,2,2,2,2,2,2, ,1,2,1,1,1, , , , , , , , , , , , , , , , , , , , , , ,2,2,1,1,2,1,2,1,2, ,1,1,2, , ,2, ,1,1,2, ,2, ,2, ,1,1, , , , , , , , , , , , , , , , , , , , , , , , , , , , , , ,1,2,2,1,2,1,1,1,1,2, ,1,2,1,2,2,1,2,1,1,1,2,2, , ,2,1,2, , , , ,1,2,2,2,2,2,2,2,2,2,2,2,2,2, ,2,2,2,1,2,2,2,2,2,2,2,2, ,2,2,2,2,2,2,2,2,2,2,2,2,2,2,1,2,1,2,2,2,2,1,1,1,1,1,1,1,1,2,1,1,1,1,1,4, , ,Cooperate,47
991238,160201,Haryana,HR-R118,Rural,District name,Sub-district name,PSU name,Census/UFS PSU number,Address,HH/Flat/Apt number,Door number,GATS-3/103/06,Head name,Head father/spouse name,Observation,Male, , , , , , , , , , , , , , , , , , , , , , , , , , , , , , , , , , , , , , , , , , , , , , , , , , , , , , , , , , , , , , , , , , , , , , , , , , , , , , , , , , , , , , , , , , , , , , , , , , , , , , , , , , , , , , , , , , , , , , , , , , , , , , , , , , , , , , , , , , , , , , , , , , , , , , , , , , , , , , , , , , , , , , , , , , , , , , , , , , , , , , , , , , , , , , , , , , , , , , , , , , , , , , , , , , , , , , , , , , , , , , , , , , , , , , , , , , , , , , , , , , , , , , , , , , , , , , , , , , , , , , , , , , , , , , , , , , , , , , , , , , , , , , , , , , , , , , , , , , , , , , , , , , , , , , , , , , , , , , , , , , , , , , , , , , , , , , , , , , , , , , , , , , , , , , , , , , , , , , , , , , , , , , , , , , , , , , , , , , , , , , , , , , , , , , , , , , , , , , , , , , , , , , , , , , , , , , , , , , , , , , , , , , , , , , , , , , , , , , , , , , , , , , , , , , , , , , , , , , , , , , , , , , , , , , , , , , , , , , , , , , , , , , , , , , , , , , , , , , , , , , , , , , , , , , , , , , , , , , , , , , , , , , , , , , , , , , , , , , , , , , , , , , , , , , , , , , , , , , , , , , , , 
991239,160201,Haryana,HR-U847,Urban,District name, ,PSU name,Census/UFS PSU number,Address,HH/Flat/Apt number,Door number,GATS-3/035/05,Head name,Head father/spouse name,Observation,Male, , , , , , , , , , , , , , , , , , , , , , , , , , , , , , , , , , , , , , , , , , , , , , , , , , , , , , , , , , , , , , , , , , , , , , , , , , , , , , , , , , , , , , , , , , , , , , , , , , , , , , , , , , , , , , , , , , , , , , , , , , , , , , , , , , , , , , , , , , , , , , , , , , , , , , , , , , , , , , , , , , , , , , , , , , , , , , , , , , , , , , , , , , , , , , , , , , , , , , , , , , , , , , , , , , , , , , , , , , , , , , , , , , , , , , , , , , , , , , , , , , , , , , , , , , , , , , , , , , , , , , , , , , , , , , , , , , , , , , , , , , , , , , , , , , , , , , , , , , , , , , , , , , , , , , , , , , , , , , , , , , , , , , , , , , , , , , , , , , , , , , , , , , , , , , , , , , , , , , , , , , , , , , , , , , , , , , , , , , , , , , , , , , , , , , , , , , , , , , , , , , , , , , , , , , , , , , , , , , , , , , , , , , , , , , , , , , , , , , , , , , , , , , , , , , , , , , , , , , , , , , , , , , , , , , , , , , , , , , , , , , , , , , , , , , , , , , , , , , , , , , , , , , , , , , , , , , , , , , , , , , , , , , , , , , , , , , , , , , , , , , , , , , , , , , , , , , , , , , , , , , , , 
991240,160201,Haryana,HR-U740,Urban,District name, ,PSU name,Census/UFS PSU number,Address,HH/Flat/Apt number,Door number,GATS-3/161/03,Head name,Head father/spouse name,Observation,Male, , , , , , , , , , , , , , , , , , , , , , , , , , , , , , , , , , , , , , , , , , , , , , , , , , , , , , , , , , , , , , , , , , , , , , , , , , , , , , , , , , , , , , , , , , , , , , , , , , , , , , , , , , , , , , , , , , , , , , , , , , , , , , , , , , , , , , , , , , , , , , , , , , , , , , , , , , , , , , , , , , , , , , , , , , , , , , , , , , , , , , , , , , , , , , , , , , , , , , , , , , , , , , , , , , , , , , , , , , , , , , , , , , , , , , , , , , , , , , , , , , , , , , , , , , , , , , , , , , , , , , , , , , , , , , , , , , , , , , , , , , , , , , , , , , , , , , , , , , , , , , , , , , , , , , , , , , , , , , , , , , , , , , , , , , , , , , , , , , , , , , , , , , , , , , , , , , , , , , , , , , , , , , , , , , , , , , , , , , , , , , , , , , , , , , , , , , , , , , , , , , , , , , , , , , , , , , , , , , , , , , , , , , , , , , , , , , , , , , , , , , , , , , , , , , , , , , , , , , , , , , , , , , , , , , , , , , , , , , , , , , , , , , , , , , , , , , , , , , , , , , , , , , , , , , , , , , , , , , , , , , , , , , , , , , , , , , , , , , , , , , , , , , , , , , , , , , , , , , , , , , , , 
991241,160201,Haryana,HR-U030,Urban,District name, ,PSU name,Census/UFS PSU number,Address,HH/Flat/Apt number,Door number,GATS-3/265/02,Head name,Head father/spouse name,Observation,Male, , , , , , , , , , , , , , , , , , , , , , , , , , , , , , , , , , , , , , , , , , , , , , , , , , , , , , , , , , , , , , , , , , , , , , , , , , , , , , , , , , , , , , , , , , , , , , , , , , , , , , , , , , , , , , , , , , , , , , , , , , , , , , , , , , , , , , , , , , , , , , , , , , , , , , , , , , , , , , , , , , , , , , , , , , , , , , , , , , , , , , , , , , , , , , , , , , , , , , , , , , , , , , , , , , , , , , , , , , , , , , , , , , , , , , , , , , , , , , , , , , , , , , , , , , , , , , , , , , , , , , , , , , , , , , , , , , , , , , , , , , , , , , , , , , , , , , , , , , , , , , , , , , , , , , , , , , , , , , , , , , , , , , , , , , , , , , , , , , , , , , , , , , , , , , , , , , , , , , , , , , , , , , , , , , , , , , , , , , , , , , , , , , , , , , , , , , , , , , , , , , , , , , , , , , , , , , , , , , , , , , , , , , , , , , , , , , , , , , , , , , , , , , , , , , , , , , , , , , , , , , , , , , , , , , , , , , , , , , , , , , , , , , , , , , , , , , , , , , , , , , , , , , , , , , , , , , , , , , , , , , , , , , , , , , , , , , , , , , , , , , , , , , , , , , , , , , , , , , , , , , , , 
991242,160201,Haryana,HR-U120,Urban,District name, ,PSU name,Census/UFS PSU number,Address,HH/Flat/Apt number,Door number,GATS-3/224/01,Head name,Head father/spouse name,Observation,Male, , , , , , , , , , , , , , , , , , , , , , , , , , , , , , , , , , , , , , , , , , , , , , , , , , , , , , , , , , , , , , , , , , , , , , , , , , , , , , , , , , , , , , , , , , , , , , , , , , , , , , , , , , , , , , , , , , , , , , , , , , , , , , , , , , , , , , , , , , , , , , , , , , , , , , , , , , , , , , , , , , , , , , , , , , , , , , , , , , , , , , , , , , , , , , , , , , , , , , , , , , , , , , , , , , , , , , , , , , , , , , , , , , , , , , , , , , , , , , , , , , , , , , , , , , , , , , , , , , , , , , , , , , , , , , , , , , , , , , , , , , , , , , , , , , , , , , , , , , , , , , , , , , , , , , , , , , , , , , , , , , , , , , , , , , , , , , , , , , , , , , , , , , , , , , , , , , , , , , , , , , , , , , , , , , , , , , , , , , , , , , , , , , , , , , , , , , , , , , , , , , , , , , , , , , , , , , , , , , , , , , , , , , , , , , , , , , , , , , , , , , , , , , , , , , , , , , , , , , , , , , , , , , , , , , , , , , , , , , , , , , , , , , , , , , , , , , , , , , , , , , , , , , , , , , , , , , , , , , , , , , , , , , , , , , , , , , , , , , , , , , , , , , , , , , , , , , , , , , , , , , , , 
991243,160201,Haryana,HR-U174,Urban,District name, ,PSU name,Census/UFS PSU number,Address,HH/Flat/Apt number,Door number,GATS-3/181/07,Head name,Head father/spouse name,Observation,Male, , , , , , , , , , , , , , , , , , , , , , , , , , , , , , , , , , , , , , , , , , , , , , , , , , , , , , , , , , , , , , , , , , , , , , , , , , , , , , , , , , , , , , , , , , , , , , , , , , , , , , , , , , , , , , , , , , , , , , , , , , , , , , , , , , , , , , , , , , , , , , , , , , , , , , , , , , , , , , , , , , , , , , , , , , , , , , , , , , , , , , , , , , , , , , , , , , , , , , , , , , , , , , , , , , , , , , , , , , , , , , , , , , , , , , , , , , , , , , , , , , , , , , , , , , , , , , , , , , , , , , , , , , , , , , , , , , , , , , , , , , , , , , , , , , , , , , , , , , , , , , , , , , , , , , , , , , , , , , , , , , , , , , , , , , , , , , , , , , , , , , , , , , , , , , , , , , , , , , , , , , , , , , , , , , , , , , , , , , , , , , , , , , , , , , , , , , , , , , , , , , , , , , , , , , , , , , , , , , , , , , , , , , , , , , , , , , , , , , , , , , , , , , , , , , , , , , , , , , , , , , , , , , , , , , , , , , , , , , , , , , , , , , , , , , , , , , , , , , , , , , , , , , , , , , , , , , , , , , , , , , , , , , , , , , , , , , , , , , , , , , , , , , , , , , , , , , , , , , , , , , , , 
991244,160201,Haryana,HR-R259,Rural,District name,Sub-district name,PSU name,Census/UFS PSU number,Address,HH/Flat/Apt number,Door number,GATS-3/046/07,Head name,Head father/spouse name,Observation,Male,1/30/2026 3:47:29 PM,1/30/2026 3:52:36 PM,1/30/2026 3:51:53 PM,1/30/2026 3:58:59 PM,2,40,1,Mohsin hussain bhat,0.505080215,200,1/30/2026 3:51:50 PM,400,1/30/2026 3:58:58 PM,200,1/30/2026 3:51:50 PM,400,1/30/2026 3:58:58 PM, , , , , , , , , , , , , , , , ,33.985414999999996 74.75405500000001 1606.7 7.4,1,9,6,3,3,Gh mohiudin bhat,Mohsin hussain bhat,Arif hussain bhat, , , , , , , , , , , , , , , , , ,66,40,30, , , , , , , , , , , , , , , , , , , , , , , , , , , , , , , , , , , , , , , , , , , , , , , , , , , , , , , , , ,1,1,1, , , , , , , , , , , , , , , , , ,2,2,2, , , , , , , , , , , , , , , , , ,2,2,2, , , , , , , , , , , , , , , , , ,2,33.98540333333334 74.75412 1636.8 7.3, , ,1,8,1,4,1986, , , ,5,4,1,1,2,1,2,2,1,2,2,1,2,2,2,1,4,2, ,2,3, ,3, , , , , , , , , , , , , , , , , , , , , , , , , , , , , , , , , , , , , , , , , , , , , , , , , , , , , , , , , , , , , , , , ,2, , , , , , , , , , , , , , , , ,3, ,3, , , , , , , , , , , , , , , , , , , , , , , , , , , , , , , , , , , , , , , , , , , , , , , , , , , , , , , , , , , ,2, ,2, ,2, , , , , , , , , , , , , , , , , , , , , , , , , , , , , , , , , , , , , , , , , , , , , ,3, , ,1,2,2, , ,2, ,2, ,2, , ,2, ,1,1,2, ,2, ,2, ,2,1, , , , , , , , , , , , , , , , , , , , , , , , , , , , , , ,1,2,2,1,2,1,1,1,1,2, , ,2,1,2,2,1,2,1,1,1,1,2, , ,2, , , , , , ,1,7,2,2,2,2,2,2,2,2,2,2,2,2, ,2,2,2,2,2,2,2,2,2,2,2,2, ,2,2,1,1,2,2,2,2,2,2,2,2,2,2,2,2,2,2,-7,2,2,2,1,1,1,1,1,2,1,2,1,1,1,1,1, , , ,Cooperative,39
991245,160201,Haryana,HR-U560,Urban,District name, ,PSU name,Census/UFS PSU number,Address,HH/Flat/Apt number,Door number,GATS-3/194/02,Head name,Head father/spouse name,Observation,Male, , , , , , , , , , , , , , , , , , , , , , , , , , , , , , , , , , , , , , , , , , , , , , , , , , , , , , , , , , , , , , , , , , , , , , , , , , , , , , , , , , , , , , , , , , , , , , , , , , , , , , , , , , , , , , , , , , , , , , , , , , , , , , , , , , , , , , , , , , , , , , , , , , , , , , , , , , , , , , , , , , , , , , , , , , , , , , , , , , , , , , , , , , , , , , , , , , , , , , , , , , , , , , , , , , , , , , , , , , , , , , , , , , , , , , , , , , , , , , , , , , , , , , , , , , , , , , , , , , , , , , , , , , , , , , , , , , , , , , , , , , , , , , , , , , , , , , , , , , , , , , , , , , , , , , , , , , , , , , , , , , , , , , , , , , , , , , , , , , , , , , , , , , , , , , , , , , , , , , , , , , , , , , , , , , , , , , , , , , , , , , , , , , , , , , , , , , , , , , , , , , , , , , , , , , , , , , , , , , , , , , , , , , , , , , , , , , , , , , , , , , , , , , , , , , , , , , , , , , , , , , , , , , , , , , , , , , , , , , , , , , , , , , , , , , , , , , , , , , , , , , , , , , , , , , , , , , , , , , , , , , , , , , , , , , , , , , , , , , , , , , , , , , , , , , , , , , , , , , , , , , , , 
991246,160201,Haryana,HR-R483,Rural,District name,Sub-district name,PSU name,Census/UFS PSU number,Address,HH/Flat/Apt number,Door number,GATS-3/115/07,Head name,Head father/spouse name,Observation,Male, , , , , , , , , , , , , , , , , , , , , , , , , , , , , , , , , , , , , , , , , , , , , , , , , , , , , , , , , , , , , , , , , , , , , , , , , , , , , , , , , , , , , , , , , , , , , , , , , , , , , , , , , , , , , , , , , , , , , , , , , , , , , , , , , , , , , , , , , , , , , , , , , , , , , , , , , , , , , , , , , , , , , , , , , , , , , , , , , , , , , , , , , , , , , , , , , , , , , , , , , , , , , , , , , , , , , , , , , , , , , , , , , , , , , , , , , , , , , , , , , , , , , , , , , , , , , , , , , , , , , , , , , , , , , , , , , , , , , , , , , , , , , , , , , , , , , , , , , , , , , , , , , , , , , , , , , , , , , , , , , , , , , , , , , , , , , , , , , , , , , , , , , , , , , , , , , , , , , , , , , , , , , , , , , , , , , , , , , , , , , , , , , , , , , , , , , , , , , , , , , , , , , , , , , , , , , , , , , , , , , , , , , , , , , , , , , , , , , , , , , , , , , , , , , , , , , , , , , , , , , , , , , , , , , , , , , , , , , , , , , , , , , , , , , , , , , , , , , , , , , , , , , , , , , , , , , , , , , , , , , , , , , , , , , , , , , , , , , , , , , , , , , , , , , , , , , , , , , , , , , , , , 
991247,160201,Haryana,HR-R993,Rural,District name,Sub-district name,PSU name,Census/UFS PSU number,Address,HH/Flat/Apt number,Door number,GATS-3/132/04,Head name,Head father/spouse name,Observation,Male, , , , , , , , , , , , , , , , , , , , , , , , , , , , , , , , , , , , , , , , , , , , , , , , , , , , , , , , , , , , , , , , , , , , , , , , , , , , , , , , , , , , , , , , , , , , , , , , , , , , , , , , , , , , , , , , , , , , , , , , , , , , , , , , , , , , , , , , , , , , , , , , , , , , , , , , , , , , , , , , , , , , , , , , , , , , , , , , , , , , , , , , , , , , , , , , , , , , , , , , , , , , , , , , , , , , , , , , , , , , , , , , , , , , , , , , , , , , , , , , , , , , , , , , , , , , , , , , , , , , , , , , , , , , , , , , , , , , , , , , , , , , , , , , , , , , , , , , , , , , , , , , , , , , , , , , , , , , , , , , , , , , , , , , , , , , , , , , , , , , , , , , , , , , , , , , , , , , , , , , , , , , , , , , , , , , , , , , , , , , , , , , , , , , , , , , , , , , , , , , , , , , , , , , , , , , , , , , , , , , , , , , , , , , , , , , , , , , , , , , , , , , , , , , , , , , , , , , , , , , , , , , , , , , , , , , , , , , , , , , , , , , , , , , , , , , , , , , , , , , , , , , , , , , , , , , , , , , , , , , , , , , , , , , , , , , , , , , , , , , , , , , , , , , , , , , , , , , , , , , , , , , 
991248,160201,Haryana,HR-U835,Urban,District name, ,PSU name,Census/UFS PSU number,Address,HH/Flat/Apt number,Door number,GATS-3/100/06,Head name,Head father/spouse name,Observation,Male, , , , , , , , , , , , , , , , , , , , , , , , , , , , , , , , , , , , , , , , , , , , , , , , , , , , , , , , , , , , , , , , , , , , , , , , , , , , , , , , , , , , , , , , , , , , , , , , , , , , , , , , , , , , , , , , , , , , , , , , , , , , , , , , , , , , , , , , , , , , , , , , , , , , , , , , , , , , , , , , , , , , , , , , , , , , , , , , , , , , , , , , , , , , , , , , , , , , , , , , , , , , , , , , , , , , , , , , , , , , , , , , , , , , , , , , , , , , , , , , , , , , , , , , , , , , , , , , , , , , , , , , , , , , , , , , , , , , , , , , , , , , , , , , , , , , , , , , , , , , , , , , , , , , , , , , , , , , , , , , , , , , , , , , , , , , , , , , , , , , , , , , , , , , , , , , , , , , , , , , , , , , , , , , , , , , , , , , , , , , , , , , , , , , , , , , , , , , , , , , , , , , , , , , , , , , , , , , , , , , , , , , , , , , , , , , , , , , , , , , , , , , , , , , , , , , , , , , , , , , , , , , , , , , , , , , , , , , , , , , , , , , , , , , , , , , , , , , , , , , , , , , , , , , , , , , , , , , , , , , , , , , , , , , , , , , , , , , , , , , , , , , , , , , , , , , , , , , , , , , , , , , 
991249,160201,Haryana,HR-R499,Rural,District name,Sub-district name,PSU name,Census/UFS PSU number,Address,HH/Flat/Apt number,Door number,GATS-3/185/01,Head name,Head father/spouse name,Observation,Male, , , , , , , , , , , , , , , , , , , , , , , , , , , , , , , , , , , , , , , , , , , , , , , , , , , , , , , , , , , , , , , , , , , , , , , , , , , , , , , , , , , , , , , , , , , , , , , , , , , , , , , , , , , , , , , , , , , , , , , , , , , , , , , , , , , , , , , , , , , , , , , , , , , , , , , , , , , , , , , , , , , , , , , , , , , , , , , , , , , , , , , , , , , , , , , , , , , , , , , , , , , , , , , , , , , , , , , , , , , , , , , , , , , , , , , , , , , , , , , , , , , , , , , , , , , , , , , , , , , , , , , , , , , , , , , , , , , , , , , , , , , , , , , , , , , , , , , , , , , , , , , , , , , , , , , , , , , , , , , , , , , , , , , , , , , , , , , , , , , , , , , , , , , , , , , , , , , , , , , , , , , , , , , , , , , , , , , , , , , , , , , , , , , , , , , , , , , , , , , , , , , , , , , , , , , , , , , , , , , , , , , , , , , , , , , , , , , , , , , , , , , , , , , , , , , , , , , , , , , , , , , , , , , , , , , , , , , , , , , , , , , , , , , , , , , , , , , , , , , , , , , , , , , , , , , , , , , , , , , , , , , , , , , , , , , , , , , , , , , , , , , , , , , , , , , , , , , , , , , , , , , , 
991250,160201,Haryana,HR-U045,Urban,District name, ,PSU name,Census/UFS PSU number,Address,HH/Flat/Apt number,Door number,GATS-3/119/08,Head name,Head father/spouse name,Observation,Male, , , , , , , , , , , , , , , , , , , , , , , , , , , , , , , , , , , , , , , , , , , , , , , , , , , , , , , , , , , , , , , , , , , , , , , , , , , , , , , , , , , , , , , , , , , , , , , , , , , , , , , , , , , , , , , , , , , , , , , , , , , , , , , , , , , , , , , , , , , , , , , , , , , , , , , , , , , , , , , , , , , , , , , , , , , , , , , , , , , , , , , , , , , , , , , , , , , , , , , , , , , , , , , , , , , , , , , , , , , , , , , , , , , , , , , , , , , , , , , , , , , , , , , , , , , , , , , , , , , , , , , , , , , , , , , , , , , , , , , , , , , , , , , , , , , , , , , , , , , , , , , , , , , , , , , , , , , , , , , , , , , , , , , , , , , , , , , , , , , , , , , , , , , , , , , , , , , , , , , , , , , , , , , , , , , , , , , , , , , , , , , , , , , , , , , , , , , , , , , , , , , , , , , , , , , , , , , , , , , , , , , , , , , , , , , , , , , , , , , , , , , , , , , , , , , , , , , , , , , , , , , , , , , , , , , , , , , , , , , , , , , , , , , , , , , , , , , , , , , , , , , , , , , , , , , , , , , , , , , , , , , , , , , , , , , , , , , , , , , , , , , , , , , , , , , , , , , , , , , , , , , , 
991251,160202,Haryana,HR-U235,Urban,District name, ,PSU name,Census/UFS PSU number,Address,HH/Flat/Apt number,Door number,GATS-3/179/02,Head name,Head father/spouse name,Observation,Female,1/29/2026 11:34:22 AM,1/29/2026 11:36:52 AM,1/29/2026 11:36:45 AM,1/29/2026 11:55:14 AM,1,53,2,Raja bano,0.826605566,200,1/29/2026 11:36:42 AM,400,1/29/2026 11:55:12 AM,200,1/29/2026 11:36:42 AM,400,1/29/2026 11:55:12 AM, , , , , , , , , , , , , , , , , ,1,2,2, ,2,Raja bano,Arifa, , , , , , , , , , , , , , , , , , ,53,22, , , , , , , , , , , , , , , , , , , , , , , , , , , , , , , , , , , , , , , , , , , , , , , , , , , , , , , , , , ,2,2, , , , , , , , , , , , , , , , , , ,2,2, , , , , , , , , , , , , , , , , , ,2,2, , , , , , , , , , , , , , , , , , ,2, , , ,1,8,2,4,1972, , , ,1,1,1,1,2,1,1,2,1,2,2,1,2,1,2,1,4,2, ,5,3, ,3, , , , , , , , , , , , , , , , , , , , , , , , , , , , , , , , , , , , , , , , , , , , , , , , , , , , , , , , , , , , , , , , ,2, , , , , , , , , , , , , , , , ,3, ,3, , , , , , , , , , , , , , , , , , , , , , , , , , , , , , , , , , , , , , , , , , , , , , , , , , , , , , , , , , , ,2, ,2, ,2, , , , , , , , , , , , , , , , , , , , , , , , , , , , , , , , , , , , , , , , , , , , , ,4, ,5,1,3, ,3,2,1,2,1,1,2, , ,2, ,2, ,2, ,1,2,2, ,1,1, , , , , , , , , , , , , , , , , , , , , , , , , , , , , , ,2,1,2,2,2,2,2,2,2,2, , ,2,2,1,2,2,2,2,2,2,2,2, , ,2, , , , , , ,2,2,2,1,2,2,2,2,2,2,2,2,2,2, ,2,1,2,2,2,1,2,2,2,2,2,2, ,2,2,2,2,2,2,2,2,2,2,2,2,2,2,2,2,2,2,2,2,2,2,1,1,1,1,1,1,1,-7,1,1,1,1,2, , , ,good response,53
991252,160202,Haryana,HR-U980,Urban,District name, ,PSU name,Census/UFS PSU number,Address,HH/Flat/Apt number,Door number,GATS-3/279/09,Head name,Head father/spouse name,Observation,Female,1/29/2026 12:44:40 PM,1/29/2026 12:50:41 PM,1/29/2026 12:50:34 PM,1/29/2026 1:16:45 PM,1,38,2,Rehena Lateef,0.848175841,200,1/29/2026 12:50:33 PM,400,1/29/2026 1:16:44 PM,200,1/29/2026 12:50:33 PM,400,1/29/2026 1:16:44 PM, , , , , , , , , , , , , , , , , ,1,5,2,1,1,Rehena Lateef, , , , , , , , , , , , , , , , , , , ,38, , , , , , , , , , , , , , , , , , , , , , , , , , , , , , , , , , , , , , , , , , , , , , , , , , , , , , , , , , , ,2, , , , , , , , , , , , , , , , , , , ,2, , , , , , , , , , , , , , , , , , , ,2, , , , , , , , , , , , , , , , , , , ,2,33.98500666666666 74.75410833333333 1558.8 15.8, , ,1,8,2,3,1987, , , ,5,2,1,2,2,1,2,2,2,2,2,1,2,1,2,1,3,2, ,2,3, ,2,22, , , , , , , , , , , , , , , , , , , , , , , , ,1,2, , , , , , , , , , , , , , , , , , , , , , , , , , , , , , , , , , , , , ,2, , , , , , , , , , , , , , , , ,3, ,3, , , , , , , , , , , , , , , , , , , , , , , , , , , , , , , , , , , , , , , , , , , , , , , , , , , , , , , , , , , ,2, ,2, ,2, , , , , , , , , , , , , , , , , , , , , , , , , , , , , , , , , , , , , , , , , , , , , ,1,1,2,1,3, ,3,2,1,1,2, ,2, , ,2, ,2, ,2, ,1,1,2, ,1,1, , , , , , , , , , , , , , , , , , , , , , , , , , , , , , ,1,2,2,2,2,2,2,2,2,2, , ,2,2,2,2,2,2,2,2,2,2,2, , ,2, , , , , , ,1,1,2,2,2,2,2,2,2,2,2,2,2,2, ,2,2,2,2,2,2,2,2,2,2,2,2, ,2,2,2,2,2,2,2,2,2,2,2,2,2,2,2,2,2,2,2,2,2,2,1,1,1,1,1,1,1,2,1,1,1,2,1, , ,2,good response,38
991253,160202,Haryana,HR-U404,Urban,District name, ,PSU name,Census/UFS PSU number,Address,HH/Flat/Apt number,Door number,GATS-3/253/09,Head name,Head father/spouse name,Observation,Female,1/29/2026 2:13:05 PM,1/29/2026 2:20:50 PM,1/29/2026 2:20:03 PM,1/29/2026 2:52:15 PM,4,40,2,Haseena,0.523176019,200,1/29/2026 2:20:00 PM,400,1/29/2026 2:52:13 PM,200,1/29/2026 2:20:00 PM,400,1/29/2026 2:52:13 PM, , , , , , , , , , , , , , , , ,33.983963333333335 74.75304666666666 1664.1 12.4,1,11,10,0,5,kulsuma,sugra bano,tasleema,Haseena,Anjumum, , , , , , , , , , , , , , , ,70,45,40,40,20, , , , , , , , , , , , , , , , , , , , , , , , , , , , , , , , , , , , , , , , , , , , , , , , , , , , , , , ,2,2,2,2,2, , , , , , , , , , , , , , , ,1,2,2,2,2, , , , , , , , , , , , , , , ,2,2,2,2,2, , , , , , , , , , , , , , , ,2,33.983855 74.75242499999999 1658.5 10.9, , ,1,8,2,4,1955, , , ,1,6,2,2,2,2,2,2,1,2,2,1,2,2,2,1,4,2, ,5,2,1, ,13, ,20, , , , , , , , , , , , , , , ,0,0,0,0,12,0, , , , , , , , , , , , , , , , , , , , , , , , , , , , , , , , ,2, ,5,0,1, ,2,1,2, , , , , , , , , , , , , , , , ,3, ,3, , , , , , , , , , , , , , , , , , , , , , , , , , , , , , , , , , , , , , , , , , , , , , , , , , , , , , , , , , , ,2, ,2, ,2, ,2, , , , , , , , , , , , , , , , ,1,2,2, ,4, , , , , , , , , , , , , , , , , , , , , , ,1,2,1,2, , , , ,1,2,2, ,2, , ,2, ,2, ,2, ,2, ,2, ,1,1, , , , , , , , , , , , , , , , , , , , , , , , , , , , , , ,2,2,2,2,2,2,2,2,2,2, , ,2,2,2,2,2,2,2,2,2,2,2, , ,2,2, , , , , ,2,2,2,2,2,2,2,2,2,2,2,2,2,2, ,2,2,2,2,2,2,2,2,2,2,2,2, ,2,2,2,2,2,2,2,2,2,2,2,2,2,2,2,2,2,2,2,2,2,2,2,1,1,1,1,1,1,2,1,1,1,1,1,2, , ,good,70
991254,160202,Haryana,HR-U809,Urban,District name, ,PSU name,Census/UFS PSU number,Address,HH/Flat/Apt number,Door number,GATS-3/063/03,Head name,Head father/spouse name,Observation,Female,1/29/2026 12:29:37 PM, ,1/29/2026 12:34:21 PM, ,2,33,2,masrat,0.473700021,200,1/29/2026 12:34:19 PM,309,1/29/2026 12:36:00 PM,200,1/29/2026 12:34:19 PM,309,1/29/2026 12:36:00 PM, , , , , , , , , , , , , , , , , ,1,9,5,4,2,mudaber,masrat, , , , , , , , , , , , , , , , , , ,38,33, , , , , , , , , , , , , , , , , , , , , , , , , , , , , , , , , , , , , , , , , , , , , , , , , , , , , , , , , , ,2,2, , , , , , , , , , , , , , , , , , ,2,2, , , , , , , , , , , , , , , , , , ,1,2, , , , , , , , , , , , , , , , , , , , , , , , , , , , , , , , , , , , , , , , , , , , , , , , , , , , , , , , , , , , , , , , , , , , , , , , , , , , , , , , , , , , , , , , , , , , , , , , , , , , , , , , , , , , , , , , , , , , , , , , , , , , , , , , , , , , , , , , , , , , , , , , , , , , , , , , , , , , , , , , , , , , , , , , , , , , , , , , , , , , , , , , , , , , , , , , , , , , , , , , , , , , , , , , , , , , , , , , , , , , , , , , , , , , , , , , , , , , , , , , , , , , , , , , , , , , , , , , , , , , , , , , , , , , , , , , , , , , , , , , , , , , , , , , , , , , , , , , , , , , , , , , , , , , , , , , , , , , , , , , , , , , , , , , , , , , , , , , , , , , , , , , , , , , , , , , , , , , , , , , , , , , , , , , , , , , , , , , , , , , , , , , , , , , , , , , , , , , , , , , , , , 
991255,160202,Haryana,HR-U256,Urban,District name, ,PSU name,Census/UFS PSU number,Address,HH/Flat/Apt number,Door number,GATS-3/012/05,Head name,Head father/spouse name,Observation,Female,1/29/2026 3:08:09 PM,1/29/2026 3:14:46 PM,1/29/2026 3:12:16 PM,1/29/2026 3:33:20 PM,3,25,2,Rifat,0.452241967,200,1/29/2026 3:12:13 PM,400,1/29/2026 3:33:19 PM,200,1/29/2026 3:12:13 PM,400,1/29/2026 3:33:19 PM, , , , , , , , , , , , , , , , , ,1,5,5, ,4,kulsuma,fareeda,Rifat,subiya, , , , , , , , , , , , , , , , ,70,49,25,20, , , , , , , , , , , , , , , , , , , , , , , , , , , , , , , , , , , , , , , , , , , , , , , , , , , , , , , , ,2,2,2,2, , , , , , , , , , , , , , , , ,2,2,2,2, , , , , , , , , , , , , , , , ,2,2,2,2, , , , , , , , , , , , , , , , ,2,33.98475 74.75238333333333 1562.5 8.6, , ,1,8,2,4,2002, , , ,8,5,1,1,2,1,1,2,1,2,1,1,2,1,2,1,4,2, ,1,3, ,3, , , , , , , , , , , , , , , , , , , , , , , , , , , , , , , , , , , , , , , , , , , , , , , , , , , , , , , , , , , , , , , , ,2, , , , , , , , , , , , , , , , ,3, ,3, , , , , , , , , , , , , , , , , , , , , , , , , , , , , , , , , , , , , , , , , , , , , , , , , , , , , , , , , , , ,2, ,2, ,2, , , , , , , , , , , , , , , , , , , , , , , , , , , , , , , , , , , , , , , , , , , , , ,3, , ,2, , , , ,2, ,1,1,1,2,2,2, ,1,2,2, ,2, ,2, ,1,1, , , , , , , , , , , , , , , , , , , , , , , , , , , , , , ,1,1,2,1,2,1,1,1,1,2, , ,1,2,1,2,1,2,1,2,1,1,2, , ,2, , , , , , ,1,2,2,1,2,2,2,1,2,1,2,2,2,2, ,2,1,2,2,2,1,2,1,2,1,2,2, ,2,2,2,2,2,2,2,2,2,2,2,2,2,2,2,2,2,2,2,2,2,2,2,1,1,1,1,1,1,2,2,1,1,1,1, , ,2,good,23
991256,160202,Haryana,HR-R019,Rural,District name,Sub-district name,PSU name,Census/UFS PSU number,Address,HH/Flat/Apt number,Door number,GATS-3/229/01,Head name,Head father/spouse name,Observation,Female,1/30/2026 11:21:15 AM,1/30/2026 11:50:33 AM,1/30/2026 11:23:01 AM,1/30/2026 12:03:46 PM,1,70,2,Jana,0.888535151,200,1/30/2026 11:22:58 AM,400,1/30/2026 12:03:44 PM,200,1/30/2026 11:22:58 AM,400,1/30/2026 12:03:44 PM, , , , , , , , , , , , , , , , , ,1,6,6, ,2,Jana,Kulsuma, , , , , , , , , , , , , , , , , , ,70,45, , , , , , , , , , , , , , , , , , , , , , , , , , , , , , , , , , , , , , , , , , , , , , , , , , , , , , , , , , ,2,2, , , , , , , , , , , , , , , , , , ,2,2, , , , , , , , , , , , , , , , , , ,2,2, , , , , , , , , , , , , , , , , , ,2, , , ,1,8,2,7,1955, , , ,1,6,1,1,2,2,1,2,1,1,2,1,2,1,2,1,4,2, ,2,3, ,3, , , , , , , , , , , , , , , , , , , , , , , , , , , , , , , , , , , , , , , , , , , , , , , , , , , , , , , , , , , , , , , , ,2, , , , , , , , , , , , , , , , ,3, ,3, , , , , , , , , , , , , , , , , , , , , , , , , , , , , , , , , , , , , , , , , , , , , , , , , , , , , , , , , , , ,2, ,2, ,2, , , , , , , , , , , , , , , , , , , , , , , , , , , , , , , , , , , , , , , , , , , , , ,2,2,3,2, , , , ,2, ,2, ,2, , ,2, ,2, ,2, ,2, ,2, ,2,2, , , , , , , , , , , , , , , , , , , , , , , , , , , , , , ,2,2,2,2,2,2,2,2,2,2, , ,2,2,2,2,2,2,1,2,2,2,2, , ,2, , , , , , ,2,2,2,1,2,1,2,2,2,1,2,2,2,2, ,2,2,2,2,2,2,2,2,2,2,2,2, ,2,2,2,2,2,2,2,2,2,2,2,2,2,2,2,2,2,2,2,2,2,2,1,1,1,1,1,1,1,2,1,1,1,1,1, , , ,very good response,70
991257,160202,Haryana,HR-R708,Rural,District name,Sub-district name,PSU name,Census/UFS PSU number,Address,HH/Flat/Apt number,Door number,GATS-3/272/06,Head name,Head father/spouse name,Observation,Female,1/30/2026 11:23:34 AM,1/30/2026 11:32:41 AM,1/30/2026 11:32:30 AM,1/30/2026 11:46:30 AM,1,70,2,jaleema,0.697723195,200,1/30/2026 11:32:27 AM,400,1/30/2026 11:46:28 AM,200,1/30/2026 11:32:27 AM,400,1/30/2026 11:46:28 AM, , , , , , , , , , , , , , , , , ,1,7,7, ,2,jaleema,Haleema, , , , , , , , , , , , , , , , , , ,70,44, , , , , , , , , , , , , , , , , , , , , , , , , , , , , , , , , , , , , , , , , , , , , , , , , , , , , , , , , , ,2,2, , , , , , , , , , , , , , , , , , ,2,2, , , , , , , , , , , , , , , , , , ,2,2, , , , , , , , , , , , , , , , , , ,2, , , ,1,8,2,5,1981, , , ,2,6,1,1,2,1,1,2,1,1,2,1,2,1,2,1,4,2, ,2,3, ,3, , , , , , , , , , , , , , , , , , , , , , , , , , , , , , , , , , , , , , , , , , , , , , , , , , , , , , , , , , , , , , , , ,2, , , , , , , , , , , , , , , , ,3, ,3, , , , , , , , , , , , , , , , , , , , , , , , , , , , , , , , , , , , , , , , , , , , , , , , , , , , , , , , , , , ,2, ,2, ,2, , , , , , , , , , , , , , , , , , , , , , , , , , , , , , , , , , , , , , , , , , , , , ,1,2,1,2, , , , ,2, ,2, ,2, , ,2, ,2, ,2, ,2, ,2, ,1,1, , , , , , , , , , , , , , , , , , , , , , , , , , , , , , ,2,1,2,2,2,2,2,2,2,2, , ,2,2,1,2,2,2,2,2,2,2,2, , ,2, , , , , , ,2,2,2,2,2,2,2,2,2,1,2,2,2,2, ,2,2,2,2,2,1,2,2,2,2,2,2, ,2,2,2,2,2,2,2,2,2,2,2,2,2,2,2,2,2,2,2,2,2,2,2,1,1,1,1,1,1,2,1,1,1,1,1, , ,2,response is very good,44
991258,160202,Haryana,HR-R991,Rural,District name,Sub-district name,PSU name,Census/UFS PSU number,Address,HH/Flat/Apt number,Door number,GATS-3/137/03,Head name,Head father/spouse name,Observation,Female,1/30/2026 12:24:14 PM,1/30/2026 12:26:35 PM,1/30/2026 12:26:06 PM,1/30/2026 12:39:23 PM,1,47,2,fareeda bano,0.872549369,200,1/30/2026 12:26:04 PM,400,1/30/2026 12:38:58 PM,200,1/30/2026 12:26:04 PM,400,1/30/2026 12:38:58 PM, , , , , , , , , , , , , , , , , ,1,6,6, ,3,fareeda bano,uzma fatima,Nidah Fatima, , , , , , , , , , , , , , , , , ,47,26,21, , , , , , , , , , , , , , , , , , , , , , , , , , , , , , , , , , , , , , , , , , , , , , , , , , , , , , , , , ,2,2,2, , , , , , , , , , , , , , , , , ,2,2,2, , , , , , , , , , , , , , , , , ,2,2,2, , , , , , , , , , , , , , , , , ,2, , , ,1,8,2,3,1978, , , ,1,6,1,1,2,1,1,2,1,1,2,1,1,1,2,1,4,2, ,2,3, ,3, , , , , , , , , , , , , , , , , , , , , , , , , , , , , , , , , , , , , , , , , , , , , , , , , , , , , , , , , , , , , , , , ,2, , , , , , , , , , , , , , , , ,3, ,3, , , , , , , , , , , , , , , , , , , , , , , , , , , , , , , , , , , , , , , , , , , , , , , , , , , , , , , , , , , ,2, ,2, ,2, , , , , , , , , , , , , , , , , , , , , , , , , , , , , , , , , , , , , , , , , , , , , ,2,2,3,2, , , , ,2, ,2, ,2, , ,2, ,2, ,2, ,2, ,2, ,1,1, , , , , , , , , , , , , , , , , , , , , , , , , , , , , , ,2,1,2,2,2,2,2,2,2,2, , ,2,2,1,2,2,2,2,2,2,2,2, , ,2, , , , , , ,2,2,2,1,2,2,2,2,2,2,2,2,2,2, ,2,1,2,2,2,2,2,2,2,2,2,2, ,2,2,2,2,2,2,2,2,2,2,2,2,2,2,2,2,2,2,2,2,2,2,1,1,1,1,1,1,1,1,1,1,1,1,1, , ,1,very good response,47
991259,160202,Haryana,HR-U177,Urban,District name, ,PSU name,Census/UFS PSU number,Address,HH/Flat/Apt number,Door number,GATS-3/235/05,Head name,Head father/spouse name,Observation,Female,1/30/2026 1:10:29 PM,1/30/2026 1:13:38 PM,1/30/2026 1:13:05 PM,1/30/2026 1:41:08 PM,1,52,2,Naseema,0.608477122,200,1/30/2026 1:13:02 PM,400,1/30/2026 1:41:04 PM,200,1/30/2026 1:13:02 PM,400,1/30/2026 1:41:04 PM, , , , , , , , , , , , , , , , , ,1,3,3, ,2,Naseema,saima Batool, , , , , , , , , , , , , , , , , , ,52,26, , , , , , , , , , , , , , , , , , , , , , , , , , , , , , , , , , , , , , , , , , , , , , , , , , , , , , , , , , ,2,2, , , , , , , , , , , , , , , , , , ,2,2, , , , , , , , , , , , , , , , , , ,2,2, , , , , , , , , , , , , , , , , , ,2, , , ,1,8,2,6,1973, , , ,2,6,2,1,2,1,1,2,1,1,2,1,1,1,2,1,4,2, ,2,3, ,3, , , , , , , , , , , , , , , , , , , , , , , , , , , , , , , , , , , , , , , , , , , , , , , , , , , , , , , , , , , , , , , , ,2, , , , , , , , , , , , , , , , ,3, ,3, , , , , , , , , , , , , , , , , , , , , , , , , , , , , , , , , , , , , , , , , , , , , , , , , , , , , , , , , , , ,2, ,2, ,2, , , , , , , , , , , , , , , , , , , , , , , , , , , , , , , , , , , , , , , , , , , , , ,4, ,1,2, , , , ,2, ,2, ,2, , ,2, ,2, ,2, ,2, ,2, ,2,1, , , , , , , , , , , , , , , , , , , , , , , , , , , , , , ,2,1,2,2,2,1,2,2,2,2, , ,2,2,1,2,2,2,1,2,2,2,2, , ,2, , , , , , ,2,2,2,1,2,2,2,2,2,2,2,2,2,2, ,2,1,2,2,2,2,2,2,2,2,2,2, ,2,2,2,2,2,2,2,2,2,2,2,2,2,2,2,2,2,2,2,2,2,-7,2,1,1,1,1,1,1,2,1,1,1,1,1, , , ,very good response,52
991260,160202,Haryana,HR-R468,Rural,District name,Sub-district name,PSU name,Census/UFS PSU number,Address,HH/Flat/Apt number,Door number,GATS-3/294/01,Head name,Head father/spouse name,Observation,Female,1/30/2026 2:54:40 PM, ,1/30/2026 2:55:29 PM, , , , , , ,201,1/30/2026 2:55:27 PM, , ,201,1/30/2026 2:55:27 PM, , , , , , , , , , , , , , , , , , ,33.98278666666667 74.75352166666667 1661.0 10.6,1,3,3, ,0, , , , , , , , , , , , , , , , , , , , , , , , , , , , , , , , , , , , , , , , , , , , , , , , , , , , , , , , , , , , , , , , , , , , , , , , , , , , , , , , , , , , , , , , , , , , , , , , , , , , , , , , , , , , , , , , , , , , , , , , , , , , , , , , , , , , , , , , , , , , , , , , , , , , , , , , , , , , , , , , , , , , , , , , , , , , , , , , , , , , , , , , , , , , , , , , , , , , , , , , , , , , , , , , , , , , , , , , , , , , , , , , , , , , , , , , , , , , , , , , , , , , , , , , , , , , , , , , , , , , , , , , , , , , , , , , , , , , , , , , , , , , , , , , , , , , , , , , , , , , , , , , , , , , , , , , , , , , , , , , , , , , , , , , , , , , , , , , , , , , , , , , , , , , , , , , , , , , , , , , , , , , , , , , , , , , , , , , , , , , , , , , , , , , , , , , , , , , , , , , , , , , , , , , , , , , , , , , , , , , , , , , , , , , , , , , , , , , , , , , , , , , , , , , , , , , , , , , , , , , , , , , , , , , , , , , , , , , , , , , , , , , , , , , , , , , , , , , , , , , , , , , , , , , , , , , , , , , , , , , , , , , , 
991261,160202,Haryana,HR-U721,Urban,District name, ,PSU name,Census/UFS PSU number,Address,HH/Flat/Apt number,Door number,GATS-3/087/06,Head name,Head father/spouse name,Observation,Female,1/30/2026 2:55:37 PM,1/30/2026 2:57:36 PM,1/30/2026 2:57:18 PM,1/30/2026 3:23:00 PM,1,60,2,jameela,0.35051114,200,1/30/2026 2:57:16 PM,400,1/30/2026 3:22:59 PM,200,1/30/2026 2:57:16 PM,400,1/30/2026 3:22:59 PM, , , , , , , , , , , , , , , , ,33.982996666666665 74.754535 1661.0 9.9,1,3,3, ,1,jameela, , , , , , , , , , , , , , , , , , , ,60, , , , , , , , , , , , , , , , , , , , , , , , , , , , , , , , , , , , , , , , , , , , , , , , , , , , , , , , , , , ,2, , , , , , , , , , , , , , , , , , , ,2, , , , , , , , , , , , , , , , , , , ,2, , , , , , , , , , , , , , , , , , , ,2,33.983525 74.75553333333333 1662.8 9.6, , ,1,8,2,5,1965, , , ,1,6,1,1,2,1,1,2,1,2,2,1,2,2,2,1,4,2, ,2,3, ,3, , , , , , , , , , , , , , , , , , , , , , , , , , , , , , , , , , , , , , , , , , , , , , , , , , , , , , , , , , , , , , , , ,2, , , , , , , , , , , , , , , , ,3, ,3, , , , , , , , , , , , , , , , , , , , , , , , , , , , , , , , , , , , , , , , , , , , , , , , , , , , , , , , , , , ,2, ,2, ,2, , , , , , , , , , , , , , , , , , , , , , , , , , , , , , , , , , , , , , , , , , , , , ,4, ,1,2, , , , ,2, ,2, ,2, , ,2, ,2, ,2, ,2, ,2, ,2,1, , , , , , , , , , , , , , , , , , , , , , , , , , , , , , ,2,2,2,2,2,2,2,2,2,2, , ,2,2,2,2,2,2,2,2,2,2,2, , ,2, , , , , , ,2,2,2,1,2,2,2,2,2,2,2,2,2,2, ,2,2,2,2,2,2,2,2,2,2,2,2, ,2,2,2,2,2,2,2,2,2,2,2,2,2,2,2,2,2,2,2,2,2,2,1,1,1,1,2,1,1,2,1,1,1,2,1, , , ,very good response,60
991262,160202,Haryana,HR-R434,Rural,District name,Sub-district name,PSU name,Census/UFS PSU number,Address,HH/Flat/Apt number,Door number,GATS-3/281/04,Head name,Head father/spouse name,Observation,Female,1/30/2026 5:06:39 PM, ,1/30/2026 5:06:44 PM, , , , , , , , , , , , , , , , , , , , , , , , , , , , , , , , , , , , , , , , , , , , , , , , , , , , , , , , , , , , , , , , , , , , , , , , , , , , , , , , , , , , , , , , , , , , , , , , , , , , , , , , , , , , , , , , , , , , , , , , , , , , , , , , , , , , , , , , , , , , , , , , , , , , , , , , , , , , , , , , , , , , , , , , , , , , , , , , , , , , , , , , , , , , , , , , , , , , , , , , , , , , , , , , , , , , , , , , , , , , , , , , , , , , , , , , , , , , , , , , , , , , , , , , , , , , , , , , , , , , , , , , , , , , , , , , , , , , , , , , , , , , , , , , , , , , , , , , , , , , , , , , , , , , , , , , , , , , , , , , , , , , , , , , , , , , , , , , , , , , , , , , , , , , , , , , , , , , , , , , , , , , , , , , , , , , , , , , , , , , , , , , , , , , , , , , , , , , , , , , , , , , , , , , , , , , , , , , , , , , , , , , , , , , , , , , , , , , , , , , , , , , , , , , , , , , , , , , , , , , , , , , , , , , , , , , , , , , , , , , , , , , , , , , , , , , , , , , , , , , , , , , , , , , , , , , , , , , , , , , , , , , , , , , , , , , , , , , , , , , , , , , , , , , , , , , , , , , , , , , , 
991263,160202,Haryana,HR-U328,Urban,District name, ,PSU name,Census/UFS PSU number,Address,HH/Flat/Apt number,Door number,GATS-3/121/02,Head name,Head father/spouse name,Observation,Female, , , , , , , , , , , , , , , , , , , , , , , , , , , , , , , , , , , , , , , , , , , , , , , , , , , , , , , , , , , , , , , , , , , , , , , , , , , , , , , , , , , , , , , , , , , , , , , , , , , , , , , , , , , , , , , , , , , , , , , , , , , , , , , , , , , , , , , , , , , , , , , , , , , , , , , , , , , , , , , , , , , , , , , , , , , , , , , , , , , , , , , , , , , , , , , , , , , , , , , , , , , , , , , , , , , , , , , , , , , , , , , , , , , , , , , , , , , , , , , , , , , , , , , , , , , , , , , , , , , , , , , , , , , , , , , , , , , , , , , , , , , , , , , , , , , , , , , , , , , , , , , , , , , , , , , , , , , , , , , , , , , , , , , , , , , , , , , , , , , , , , , , , , , , , , , , , , , , , , , , , , , , , , , , , , , , , , , , , , , , , , , , , , , , , , , , , , , , , , , , , , , , , , , , , , , , , , , , , , , , , , , , , , , , , , , , , , , , , , , , , , , , , , , , , , , , , , , , , , , , , , , , , , , , , , , , , , , , , , , , , , , , , , , , , , , , , , , , , , , , , , , , , , , , , , , , , , , , , , , , , , , , , , , , , , , , , , , , , , , , , , , , , , , , , , , , , , , , , , , , , , , , 
991264,160202,Haryana,HR-U102,Urban,District name, ,PSU name,Census/UFS PSU number,Address,HH/Flat/Apt number,Door number,GATS-3/076/04,Head name,Head father/spouse name,Observation,Female, , , , , , , , , , , , , , , , , , , , , , , , , , , , , , , , , , , , , , , , , , , , , , , , , , , , , , , , , , , , , , , , , , , , , , , , , , , , , , , , , , , , , , , , , , , , , , , , , , , , , , , , , , , , , , , , , , , , , , , , , , , , , , , , , , , , , , , , , , , , , , , , , , , , , , , , , , , , , , , , , , , , , , , , , , , , , , , , , , , , , , , , , , , , , , , , , , , , , , , , , , , , , , , , , , , , , , , , , , , , , , , , , , , , , , , , , , , , , , , , , , , , , , , , , , , , , , , , , , , , , , , , , , , , , , , , , , , , , , , , , , , , , , , , , , , , , , , , , , , , , , , , , , , , , , , , , , , , , , , , , , , , , , , , , , , , , , , , , , , , , , , , , , , , , , , , , , , , , , , , , , , , , , , , , , , , , , , , , , , , , , , , , , , , , , , , , , , , , , , , , , , , , , , , , , , , , , , , , , , , , , , , , , , , , , , , , , , , , , , , , , , , , , , , , , , , , , , , , , , , , , , , , , , , , , , , , , , , , , , , , , , , , , , , , , , , , , , , , , , , , , , , , , , , , , , , , , , , , , , , , , , , , , , , , , , , , , , , , , , , , , , , , , , , , , , , , , , , , , , , , , , , 
991265,160202,Haryana,HR-R552,Rural,District name,Sub-district name,PSU name,Census/UFS PSU number,Address,HH/Flat/Apt number,Door number,GATS-3/180/01,Head name,Head father/spouse name,Observation,Female, , , , , , , , , , , , , , , , , , , , , , , , , , , , , , , , , , , , , , , , , , , , , , , , , , , , , , , , , , , , , , , , , , , , , , , , , , , , , , , , , , , , , , , , , , , , , , , , , , , , , , , , , , , , , , , , , , , , , , , , , , , , , , , , , , , , , , , , , , , , , , , , , , , , , , , , , , , , , , , , , , , , , , , , , , , , , , , , , , , , , , , , , , , , , , , , , , , , , , , , , , , , , , , , , , , , , , , , , , , , , , , , , , , , , , , , , , , , , , , , , , , , , , , , , , , , , , , , , , , , , , , , , , , , , , , , , , , , , , , , , , , , , , , , , , , , , , , , , , , , , , , , , , , , , , , , , , , , , , , , , , , , , , , , , , , , , , , , , , , , , , , , , , , , , , , , , , , , , , , , , , , , , , , , , , , , , , , , , , , , , , , , , , , , , , , , , , , , , , , , , , , , , , , , , , , , , , , , , , , , , , , , , , , , , , , , , , , , , , , , , , , , , , , , , , , , , , , , , , , , , , , , , , , , , , , , , , , , , , , , , , , , , , , , , , , , , , , , , , , , , , , , , , , , , , , , , , , , , , , , , , , , , , , , , , , , , , , , , , , , , , , , , , , , , , , , , , , , , , , , , , , , 
991266,160202,Haryana,HR-R390,Rural,District name,Sub-district name,PSU name,Census/UFS PSU number,Address,HH/Flat/Apt number,Door number,GATS-3/232/09,Head name,Head father/spouse name,Observation,Female, , , , , , , , , , , , , , , , , , , , , , , , , , , , , , , , , , , , , , , , , , , , , , , , , , , , , , , , , , , , , , , , , , , , , , , , , , , , , , , , , , , , , , , , , , , , , , , , , , , , , , , , , , , , , , , , , , , , , , , , , , , , , , , , , , , , , , , , , , , , , , , , , , , , , , , , , , , , , , , , , , , , , , , , , , , , , , , , , , , , , , , , , , , , , , , , , , , , , , , , , , , , , , , , , , , , , , , , , , , , , , , , , , , , , , , , , , , , , , , , , , , , , , , , , , , , , , , , , , , , , , , , , , , , , , , , , , , , , , , , , , , , , , , , , , , , , , , , , , , , , , , , , , , , , , , , , , , , , , , , , , , , , , , , , , , , , , , , , , , , , , , , , , , , , , , , , , , , , , , , , , , , , , , , , , , , , , , , , , , , , , , , , , , , , , , , , , , , , , , , , , , , , , , , , , , , , , , , , , , , , , , , , , , , , , , , , , , , , , , , , , , , , , , , , , , , , , , , , , , , , , , , , , , , , , , , , , , , , , , , , , , , , , , , , , , , , , , , , , , , , , , , , , , , , , , , , , , , , , , , , , , , , , , , , , , , , , , , , , , , , , , , , , , , , , , , , , , , , , , , , , , , 
991267,160202,Haryana,HR-R864,Rural,District name,Sub-district name,PSU name,Census/UFS PSU number,Address,HH/Flat/Apt number,Door number,GATS-3/120/07,Head name,Head father/spouse name,Observation,Female, , , , , , , , , , , , , , , , , , , , , , , , , , , , , , , , , , , , , , , , , , , , , , , , , , , , , , , , , , , , , , , , , , , , , , , , , , , , , , , , , , , , , , , , , , , , , , , , , , , , , , , , , , , , , , , , , , , , , , , , , , , , , , , , , , , , , , , , , , , , , , , , , , , , , , , , , , , , , , , , , , , , , , , , , , , , , , , , , , , , , , , , , , , , , , , , , , , , , , , , , , , , , , , , , , , , , , , , , , , , , , , , , , , , , , , , , , , , , , , , , , , , , , , , , , , , , , , , , , , , , , , , , , , , , , , , , , , , , , , , , , , , , , , , , , , , , , , , , , , , , , , , , , , , , , , , , , , , , , , , , , , , , , , , , , , , , , , , , , , , , , , , , , , , , , , , , , , , , , , , , , , , , , , , , , , , , , , , , , , , , , , , , , , , , , , , , , , , , , , , , , , , , , , , , , , , , , , , , , , , , , , , , , , , , , , , , , , , , , , , , , , , , , , , , , , , , , , , , , , , , , , , , , , , , , , , , , , , , , , , , , , , , , , , , , , , , , , , , , , , , , , , , , , , , , , , , , , , , , , , , , , , , , , , , , , , , , , , , , , , , , , , , , , , , , , , , , , , , , , , , , , , 
991268,160202,Haryana,HR-R118,Rural,District name,Sub-district name,PSU name,Census/UFS PSU number,Address,HH/Flat/Apt number,Door number,GATS-3/103/06,Head name,Head father/spouse name,Observation,Female, , , , , , , , , , , , , , , , , , , , , , , , , , , , , , , , , , , , , , , , , , , , , , , , , , , , , , , , , , , , , , , , , , , , , , , , , , , , , , , , , , , , , , , , , , , , , , , , , , , , , , , , , , , , , , , , , , , , , , , , , , , , , , , , , , , , , , , , , , , , , , , , , , , , , , , , , , , , , , , , , , , , , , , , , , , , , , , , , , , , , , , , , , , , , , , , , , , , , , , , , , , , , , , , , , , , , , , , , , , , , , , , , , , , , , , , , , , , , , , , , , , , , , , , , , , , , , , , , , , , , , , , , , , , , , , , , , , , , , , , , , , , , , , , , , , , , , , , , , , , , , , , , , , , , , , , , , , , , , , , , , , , , , , , , , , , , , , , , , , , , , , , , , , , , , , , , , , , , , , , , , , , , , , , , , , , , , , , , , , , , , , , , , , , , , , , , , , , , , , , , , , , , , , , , , , , , , , , , , , , , , , , , , , , , , , , , , , , , , , , , , , , , , , , , , , , , , , , , , , , , , , , , , , , , , , , , , , , , , , , , , , , , , , , , , , , , , , , , , , , , , , , , , , , , , , , , , , , , , , , , , , , , , , , , , , , , , , , , , , , , , , , , , , , , , , , , , , , , , , , , , , , 
991269,160202,Haryana,HR-U847,Urban,District name, ,PSU name,Census/UFS PSU number,Address,HH/Flat/Apt number,Door number,GATS-3/035/05,Head name,Head father/spouse name,Observation,Female, , , , , , , , , , , , , , , , , , , , , , , , , , , , , , , , , , , , , , , , , , , , , , , , , , , , , , , , , , , , , , , , , , , , , , , , , , , , , , , , , , , , , , , , , , , , , , , , , , , , , , , , , , , , , , , , , , , , , , , , , , , , , , , , , , , , , , , , , , , , , , , , , , , , , , , , , , , , , , , , , , , , , , , , , , , , , , , , , , , , , , , , , , , , , , , , , , , , , , , , , , , , , , , , , , , , , , , , , , , , , , , , , , , , , , , , , , , , , , , , , , , , , , , , , , , , , , , , , , , , , , , , , , , , , , , , , , , , , , , , , , , , , , , , , , , , , , , , , , , , , , , , , , , , , , , , , , , , , , , , , , , , , , , , , , , , , , , , , , , , , , , , , , , , , , , , , , , , , , , , , , , , , , , , , , , , , , , , , , , , , , , , , , , , , , , , , , , , , , , , , , , , , , , , , , , , , , , , , , , , , , , , , , , , , , , , , , , , , , , , , , , , , , , , , , , , , , , , , , , , , , , , , , , , , , , , , , , , , , , , , , , , , , , , , , , , , , , , , , , , , , , , , , , , , , , , , , , , , , , , , , , , , , , , , , , , , , , , , , , , , , , , , , , , , , , , , , , , , , , , , , , , 
991270,160202,Haryana,HR-U740,Urban,District name, ,PSU name,Census/UFS PSU number,Address,HH/Flat/Apt number,Door number,GATS-3/161/03,Head name,Head father/spouse name,Observation,Female, , , , , , , , , , , , , , , , , , , , , , , , , , , , , , , , , , , , , , , , , , , , , , , , , , , , , , , , , , , , , , , , , , , , , , , , , , , , , , , , , , , , , , , , , , , , , , , , , , , , , , , , , , , , , , , , , , , , , , , , , , , , , , , , , , , , , , , , , , , , , , , , , , , , , , , , , , , , , , , , , , , , , , , , , , , , , , , , , , , , , , , , , , , , , , , , , , , , , , , , , , , , , , , , , , , , , , , , , , , , , , , , , , , , , , , , , , , , , , , , , , , , , , , , , , , , , , , , , , , , , , , , , , , , , , , , , , , , , , , , , , , , , , , , , , , , , , , , , , , , , , , , , , , , , , , , , , , , , , , , , , , , , , , , , , , , , , , , , , , , , , , , , , , , , , , , , , , , , , , , , , , , , , , , , , , , , , , , , , , , , , , , , , , , , , , , , , , , , , , , , , , , , , , , , , , , , , , , , , , , , , , , , , , , , , , , , , , , , , , , , , , , , , , , , , , , , , , , , , , , , , , , , , , , , , , , , , , , , , , , , , , , , , , , , , , , , , , , , , , , , , , , , , , , , , , , , , , , , , , , , , , , , , , , , , , , , , , , , , , , , , , , , , , , , , , , , , , , , , , , , , , , 
991271,160202,Haryana,HR-U030,Urban,District name, ,PSU name,Census/UFS PSU number,Address,HH/Flat/Apt number,Door number,GATS-3/265/02,Head name,Head father/spouse name,Observation,Female, , , , , , , , , , , , , , , , , , , , , , , , , , , , , , , , , , , , , , , , , , , , , , , , , , , , , , , , , , , , , , , , , , , , , , , , , , , , , , , , , , , , , , , , , , , , , , , , , , , , , , , , , , , , , , , , , , , , , , , , , , , , , , , , , , , , , , , , , , , , , , , , , , , , , , , , , , , , , , , , , , , , , , , , , , , , , , , , , , , , , , , , , , , , , , , , , , , , , , , , , , , , , , , , , , , , , , , , , , , , , , , , , , , , , , , , , , , , , , , , , , , , , , , , , , , , , , , , , , , , , , , , , , , , , , , , , , , , , , , , , , , , , , , , , , , , , , , , , , , , , , , , , , , , , , , , , , , , , , , , , , , , , , , , , , , , , , , , , , , , , , , , , , , , , , , , , , , , , , , , , , , , , , , , , , , , , , , , , , , , , , , , , , , , , , , , , , , , , , , , , , , , , , , , , , , , , , , , , , , , , , , , , , , , , , , , , , , , , , , , , , , , , , , , , , , , , , , , , , , , , , , , , , , , , , , , , , , , , , , , , , , , , , , , , , , , , , , , , , , , , , , , , , , , , , , , , , , , , , , , , , , , , , , , , , , , , , , , , , , , , , , , , , , , , , , , , , , , , , , , , , , , 
991272,160202,Haryana,HR-U120,Urban,District name, ,PSU name,Census/UFS PSU number,Address,HH/Flat/Apt number,Door number,GATS-3/224/01,Head name,Head father/spouse name,Observation,Female, , , , , , , , , , , , , , , , , , , , , , , , , , , , , , , , , , , , , , , , , , , , , , , , , , , , , , , , , , , , , , , , , , , , , , , , , , , , , , , , , , , , , , , , , , , , , , , , , , , , , , , , , , , , , , , , , , , , , , , , , , , , , , , , , , , , , , , , , , , , , , , , , , , , , , , , , , , , , , , , , , , , , , , , , , , , , , , , , , , , , , , , , , , , , , , , , , , , , , , , , , , , , , , , , , , , , , , , , , , , , , , , , , , , , , , , , , , , , , , , , , , , , , , , , , , , , , , , , , , , , , , , , , , , , , , , , , , , , , , , , , , , , , , , , , , , , , , , , , , , , , , , , , , , , , , , , , , , , , , , , , , , , , , , , , , , , , , , , , , , , , , , , , , , , , , , , , , , , , , , , , , , , , , , , , , , , , , , , , , , , , , , , , , , , , , , , , , , , , , , , , , , , , , , , , , , , , , , , , , , , , , , , , , , , , , , , , , , , , , , , , , , , , , , , , , , , , , , , , , , , , , , , , , , , , , , , , , , , , , , , , , , , , , , , , , , , , , , , , , , , , , , , , , , , , , , , , , , , , , , , , , , , , , , , , , , , , , , , , , , , , , , , , , , , , , , , , , , , , , , , , , , 
991273,160202,Haryana,HR-U174,Urban,District name, ,PSU name,Census/UFS PSU number,Address,HH/Flat/Apt number,Door number,GATS-3/181/07,Head name,Head father/spouse name,Observation,Female, , , , , , , , , , , , , , , , , , , , , , , , , , , , , , , , , , , , , , , , , , , , , , , , , , , , , , , , , , , , , , , , , , , , , , , , , , , , , , , , , , , , , , , , , , , , , , , , , , , , , , , , , , , , , , , , , , , , , , , , , , , , , , , , , , , , , , , , , , , , , , , , , , , , , , , , , , , , , , , , , , , , , , , , , , , , , , , , , , , , , , , , , , , , , , , , , , , , , , , , , , , , , , , , , , , , , , , , , , , , , , , , , , , , , , , , , , , , , , , , , , , , , , , , , , , , , , , , , , , , , , , , , , , , , , , , , , , , , , , , , , , , , , , , , , , , , , , , , , , , , , , , , , , , , , , , , , , , , , , , , , , , , , , , , , , , , , , , , , , , , , , , , , , , , , , , , , , , , , , , , , , , , , , , , , , , , , , , , , , , , , , , , , , , , , , , , , , , , , , , , , , , , , , , , , , , , , , , , , , , , , , , , , , , , , , , , , , , , , , , , , , , , , , , , , , , , , , , , , , , , , , , , , , , , , , , , , , , , , , , , , , , , , , , , , , , , , , , , , , , , , , , , , , , , , , , , , , , , , , , , , , , , , , , , , , , , , , , , , , , , , , , , , , , , , , , , , , , , , , , , , , , 
991274,160202,Haryana,HR-R259,Rural,District name,Sub-district name,PSU name,Census/UFS PSU number,Address,HH/Flat/Apt number,Door number,GATS-3/046/07,Head name,Head father/spouse name,Observation,Female, , , , , , , , , , , , , , , , , , , , , , , , , , , , , , , , , , , , , , , , , , , , , , , , , , , , , , , , , , , , , , , , , , , , , , , , , , , , , , , , , , , , , , , , , , , , , , , , , , , , , , , , , , , , , , , , , , , , , , , , , , , , , , , , , , , , , , , , , , , , , , , , , , , , , , , , , , , , , , , , , , , , , , , , , , , , , , , , , , , , , , , , , , , , , , , , , , , , , , , , , , , , , , , , , , , , , , , , , , , , , , , , , , , , , , , , , , , , , , , , , , , , , , , , , , , , , , , , , , , , , , , , , , , , , , , , , , , , , , , , , , , , , , , , , , , , , , , , , , , , , , , , , , , , , , , , , , , , , , , , , , , , , , , , , , , , , , , , , , , , , , , , , , , , , , , , , , , , , , , , , , , , , , , , , , , , , , , , , , , , , , , , , , , , , , , , , , , , , , , , , , , , , , , , , , , , , , , , , , , , , , , , , , , , , , , , , , , , , , , , , , , , , , , , , , , , , , , , , , , , , , , , , , , , , , , , , , , , , , , , , , , , , , , , , , , , , , , , , , , , , , , , , , , , , , , , , , , , , , , , , , , , , , , , , , , , , , , , , , , , , , , , , , , , , , , , , , , , , , , , , , , , 
991275,160202,Haryana,HR-U560,Urban,District name, ,PSU name,Census/UFS PSU number,Address,HH/Flat/Apt number,Door number,GATS-3/194/02,Head name,Head father/spouse name,Observation,Female, , , , , , , , , , , , , , , , , , , , , , , , , , , , , , , , , , , , , , , , , , , , , , , , , , , , , , , , , , , , , , , , , , , , , , , , , , , , , , , , , , , , , , , , , , , , , , , , , , , , , , , , , , , , , , , , , , , , , , , , , , , , , , , , , , , , , , , , , , , , , , , , , , , , , , , , , , , , , , , , , , , , , , , , , , , , , , , , , , , , , , , , , , , , , , , , , , , , , , , , , , , , , , , , , , , , , , , , , , , , , , , , , , , , , , , , , , , , , , , , , , , , , , , , , , , , , , , , , , , , , , , , , , , , , , , , , , , , , , , , , , , , , , , , , , , , , , , , , , , , , , , , , , , , , , , , , , , , , , , , , , , , , , , , , , , , , , , , , , , , , , , , , , , , , , , , , , , , , , , , , , , , , , , , , , , , , , , , , , , , , , , , , , , , , , , , , , , , , , , , , , , , , , , , , , , , , , , , , , , , , , , , , , , , , , , , , , , , , , , , , , , , , , , , , , , , , , , , , , , , , , , , , , , , , , , , , , , , , , , , , , , , , , , , , , , , , , , , , , , , , , , , , , , , , , , , , , , , , , , , , , , , , , , , , , , , , , , , , , , , , , , , , , , , , , , , , , , , , , , , , , , , 
991276,160202,Haryana,HR-R483,Rural,District name,Sub-district name,PSU name,Census/UFS PSU number,Address,HH/Flat/Apt number,Door number,GATS-3/115/07,Head name,Head father/spouse name,Observation,Female, , , , , , , , , , , , , , , , , , , , , , , , , , , , , , , , , , , , , , , , , , , , , , , , , , , , , , , , , , , , , , , , , , , , , , , , , , , , , , , , , , , , , , , , , , , , , , , , , , , , , , , , , , , , , , , , , , , , , , , , , , , , , , , , , , , , , , , , , , , , , , , , , , , , , , , , , , , , , , , , , , , , , , , , , , , , , , , , , , , , , , , , , , , , , , , , , , , , , , , , , , , , , , , , , , , , , , , , , , , , , , , , , , , , , , , , , , , , , , , , , , , , , , , , , , , , , , , , , , , , , , , , , , , , , , , , , , , , , , , , , , , , , , , , , , , , , , , , , , , , , , , , , , , , , , , , , , , , , , , , , , , , , , , , , , , , , , , , , , , , , , , , , , , , , , , , , , , , , , , , , , , , , , , , , , , , , , , , , , , , , , , , , , , , , , , , , , , , , , , , , , , , , , , , , , , , , , , , , , , , , , , , , , , , , , , , , , , , , , , , , , , , , , , , , , , , , , , , , , , , , , , , , , , , , , , , , , , , , , , , , , , , , , , , , , , , , , , , , , , , , , , , , , , , , , , , , , , , , , , , , , , , , , , , , , , , , , , , , , , , , , , , , , , , , , , , , , , , , , , , , , , , 
991277,160202,Haryana,HR-R993,Rural,District name,Sub-district name,PSU name,Census/UFS PSU number,Address,HH/Flat/Apt number,Door number,GATS-3/132/04,Head name,Head father/spouse name,Observation,Female, , , , , , , , , , , , , , , , , , , , , , , , , , , , , , , , , , , , , , , , , , , , , , , , , , , , , , , , , , , , , , , , , , , , , , , , , , , , , , , , , , , , , , , , , , , , , , , , , , , , , , , , , , , , , , , , , , , , , , , , , , , , , , , , , , , , , , , , , , , , , , , , , , , , , , , , , , , , , , , , , , , , , , , , , , , , , , , , , , , , , , , , , , , , , , , , , , , , , , , , , , , , , , , , , , , , , , , , , , , , , , , , , , , , , , , , , , , , , , , , , , , , , , , , , , , , , , , , , , , , , , , , , , , , , , , , , , , , , , , , , , , , , , , , , , , , , , , , , , , , , , , , , , , , , , , , , , , , , , , , , , , , , , , , , , , , , , , , , , , , , , , , , , , , , , , , , , , , , , , , , , , , , , , , , , , , , , , , , , , , , , , , , , , , , , , , , , , , , , , , , , , , , , , , , , , , , , , , , , , , , , , , , , , , , , , , , , , , , , , , , , , , , , , , , , , , , , , , , , , , , , , , , , , , , , , , , , , , , , , , , , , , , , , , , , , , , , , , , , , , , , , , , , , , , , , , , , , , , , , , , , , , , , , , , , , , , , , , , , , , , , , , , , , , , , , , , , , , , , , , , , , , 
991278,160202,Haryana,HR-U835,Urban,District name, ,PSU name,Census/UFS PSU number,Address,HH/Flat/Apt number,Door number,GATS-3/100/06,Head name,Head father/spouse name,Observation,Female, , , , , , , , , , , , , , , , , , , , , , , , , , , , , , , , , , , , , , , , , , , , , , , , , , , , , , , , , , , , , , , , , , , , , , , , , , , , , , , , , , , , , , , , , , , , , , , , , , , , , , , , , , , , , , , , , , , , , , , , , , , , , , , , , , , , , , , , , , , , , , , , , , , , , , , , , , , , , , , , , , , , , , , , , , , , , , , , , , , , , , , , , , , , , , , , , , , , , , , , , , , , , , , , , , , , , , , , , , , , , , , , , , , , , , , , , , , , , , , , , , , , , , , , , , , , , , , , , , , , , , , , , , , , , , , , , , , , , , , , , , , , , , , , , , , , , , , , , , , , , , , , , , , , , , , , , , , , , , , , , , , , , , , , , , , , , , , , , , , , , , , , , , , , , , , , , , , , , , , , , , , , , , , , , , , , , , , , , , , , , , , , , , , , , , , , , , , , , , , , , , , , , , , , , , , , , , , , , , , , , , , , , , , , , , , , , , , , , , , , , , , , , , , , , , , , , , , , , , , , , , , , , , , , , , , , , , , , , , , , , , , , , , , , , , , , , , , , , , , , , , , , , , , , , , , , , , , , , , , , , , , , , , , , , , , , , , , , , , , , , , , , , , , , , , , , , , , , , , , , , , , , 
991279,160202,Haryana,HR-R499,Rural,District name,Sub-district name,PSU name,Census/UFS PSU number,Address,HH/Flat/Apt number,Door number,GATS-3/185/01,Head name,Head father/spouse name,Observation,Female, , , , , , , , , , , , , , , , , , , , , , , , , , , , , , , , , , , , , , , , , , , , , , , , , , , , , , , , , , , , , , , , , , , , , , , , , , , , , , , , , , , , , , , , , , , , , , , , , , , , , , , , , , , , , , , , , , , , , , , , , , , , , , , , , , , , , , , , , , , , , , , , , , , , , , , , , , , , , , , , , , , , , , , , , , , , , , , , , , , , , , , , , , , , , , , , , , , , , , , , , , , , , , , , , , , , , , , , , , , , , , , , , , , , , , , , , , , , , , , , , , , , , , , , , , , , , , , , , , , , , , , , , , , , , , , , , , , , , , , , , , , , , , , , , , , , , , , , , , , , , , , , , , , , , , , , , , , , , , , , , , , , , , , , , , , , , , , , , , , , , , , , , , , , , , , , , , , , , , , , , , , , , , , , , , , , , , , , , , , , , , , , , , , , , , , , , , , , , , , , , , , , , , , , , , , , , , , , , , , , , , , , , , , , , , , , , , , , , , , , , , , , , , , , , , , , , , , , , , , , , , , , , , , , , , , , , , , , , , , , , , , , , , , , , , , , , , , , , , , , , , , , , , , , , , , , , , , , , , , , , , , , , , , , , , , , , , , , , , , , , , , , , , , , , , , , , , , , , , , , , , , , 
991280,160202,Haryana,HR-U045,Urban,District name, ,PSU name,Census/UFS PSU number,Address,HH/Flat/Apt number,Door number,GATS-3/119/08,Head name,Head father/spouse name,Observation,Female, , , , , , , , , , , , , , , , , , , , , , , , , , , , , , , , , , , , , , , , , , , , , , , , , , , , , , , , , , , , , , , , , , , , , , , , , , , , , , , , , , , , , , , , , , , , , , , , , , , , , , , , , , , , , , , , , , , , , , , , , , , , , , , , , , , , , , , , , , , , , , , , , , , , , , , , , , , , , , , , , , , , , , , , , , , , , , , , , , , , , , , , , , , , , , , , , , , , , , , , , , , , , , , , , , , , , , , , , , , , , , , , , , , , , , , , , , , , , , , , , , , , , , , , , , , , , , , , , , , , , , , , , , , , , , , , , , , , , , , , , , , , , , , , , , , , , , , , , , , , , , , , , , , , , , , , , , , , , , , , , , , , , , , , , , , , , , , , , , , , , , , , , , , , , , , , , , , , , , , , , , , , , , , , , , , , , , , , , , , , , , , , , , , , , , , , , , , , , , , , , , , , , , , , , , , , , , , , , , , , , , , , , , , , , , , , , , , , , , , , , , , , , , , , , , , , , , , , , , , , , , , , , , , , , , , , , , , , , , , , , , , , , , , , , , , , , , , , , , , , , , , , , , , , , , , , , , , , , , , , , , , , , , , , , , , , , , , , , , , , , , , , , , , , , , , , , , , , , , , , , , , , 
991281,160203,Haryana,HR-U235,Urban,District name, ,PSU name,Census/UFS PSU number,Address,HH/Flat/Apt number,Door number,GATS-3/179/02,Head name,Head father/spouse name,Observation,Male,1/29/2026 11:35:07 AM,1/29/2026 11:45:49 AM,1/29/2026 11:41:05 AM,1/29/2026 12:03:54 PM,2,30,1,Nisar Ahmad Shah,0.551220646,200,1/29/2026 11:40:56 AM,400,1/29/2026 12:03:53 PM,200,1/29/2026 11:40:56 AM,400,1/29/2026 12:03:53 PM, , , , , , , , , , , , , , , , ,33.98524 74.75333833333335 1598.8 10.0,1,5,4,0,3,Ghulam Ahmad Shah,Nisar Ahmad Shah,Mujtaba Hussain Shah, , , , , , , , , , , , , , , , , ,52,30,16, , , , , , , , , , , , , , , , , , , ,3, , , , , , , , , , , , , , , , , , , ,2009, , , , , , , , , , , , , , , , , ,1,1,1, , , , , , , , , , , , , , , , , ,1,2,2, , , , , , , , , , , , , , , , , ,2,2,2, , , , , , , , , , , , , , , , , ,2,33.98439833333334 74.75308 1594.5 10.0, , ,1,8,1,6,1979, , , ,5,4,1,1,2,1,2,2,1,2,2,1,2,1,2,1,4,2, ,2,3, ,3, , , , , , , , , , , , , , , , , , , , , , , , , , , , , , , , , , , , , , , , , , , , , , , , , , , , , , , , , , , , , , , , ,2, , , , , , , , , , , , , , , , ,3, ,3, , , , , , , , , , , , , , , , , , , , , , , , , , , , , , , , , , , , , , , , , , , , , , , , , , , , , , , , , , , ,2, ,2, ,2, , , , , , , , , , , , , , , , , , , , , , , , , , , , , , , , , , , , , , , , , , , , , ,2,2,5,1,1, ,3,1,2, ,2, ,2, , ,2, ,1,2,2, ,2, ,2, ,1,1, , , , , , , , , , , , , , , , , , , , , , , , , , , , , , ,2,2,2,2,2,1,2,2,2,2, , ,2,2,2,2,2,2,2,2,2,2,2, , ,2, , , , , , ,2,2,1,2,2,1,1,2,2,1,2,2,2,2, ,2,2,2,2,2,2,2,2,2,2,2,2, ,2,2,2,2,2,2,2,2,2,2,2,2,2,2,2,2,2,2,2,2,2,1,1,1,1,1,1,1,1,1,1,1,1,1,1, , , ,postive response,46
991282,160203,Haryana,HR-U980,Urban,District name, ,PSU name,Census/UFS PSU number,Address,HH/Flat/Apt number,Door number,GATS-3/279/09,Head name,Head father/spouse name,Observation,Male,1/29/2026 1:24:15 PM,1/29/2026 1:28:58 PM,1/29/2026 1:28:01 PM,1/29/2026 1:50:53 PM,2,65,1,Haji Ghulam Mohammed Dar,0.461320652,200,1/29/2026 1:27:58 PM,400,1/29/2026 1:50:51 PM,200,1/29/2026 1:27:58 PM,400,1/29/2026 1:50:51 PM, , , , , , , , , , , , , , , , , ,1,7,5,1,3,Haji Ghulam Hussain Dar,Haji Ghulam Mohammed Dar,Firdous Ali Dar, , , , , , , , , , , , , , , , , ,98,65,42, , , , , , , , , , , , , , , , , , , , , , , , , , , , , , , , , , , , , , , , , , , , , , , , , , , , , , , , , ,1,1,1, , , , , , , , , , , , , , , , , ,2,1,2, , , , , , , , , , , , , , , , , ,2,2,2, , , , , , , , , , , , , , , , , ,2, , , ,1,8,1,4,1960, , , ,5,7,1,1,2,1,1,2,1,1,2,2,2,1,2,1,4,2, ,2,2,1, ,18, ,26, , , , , , , , , , , , , , , ,3,0,0,0,0,0, , , , , , , , , , , , , , , , , , , , , , , , , , , , , , , , , , , , , , , , ,2, , , , , , , , , , , , , , , , ,3, ,3, , , , , , , , , , , , , , , , , , , , , , , , , , , , , , , , , , , , , , , , , , , , , , , , , , , , , , , , , , , ,2, ,2, ,2, ,1,1,1, , ,1,2,2,2,2,2,2,2,2,2,2, ,1,1,1,1,1, , , , , , , , , , , , , , , , , , , , , , ,4, ,4,1,1, ,1,1,2, ,2, ,2, , ,2, ,1,2,2, ,2, ,2, ,1,1,1, ,3, , , , , ,18,2, , , , , , , , , , , , , , , , , , , , ,1,1,2,1,1,1,2,1,2,2, ,1,2,1,1,2,1,1,1,2,2,2,2, , ,2,1,1, , , , ,1,2,1,1,2,1,1,1,1,1,2,2,2,2, ,2,2,2,2,2,2,2,2,2,2,2,2, ,2,2,1,2,2,2,2,2,2,2,2,2,2,2,2,2,2,2,2,2,2,2,1,1,1,1,1,1,1,1,1,1,1,1,1,4, , ,very postive response,65
991283,160203,Haryana,HR-U404,Urban,District name, ,PSU name,Census/UFS PSU number,Address,HH/Flat/Apt number,Door number,GATS-3/253/09,Head name,Head father/spouse name,Observation,Male,1/29/2026 1:58:06 PM,1/29/2026 2:00:12 PM,1/29/2026 2:00:04 PM,1/29/2026 2:18:25 PM,1,31,1,Mohammad Yaseen,0.349094128,200,1/29/2026 2:00:02 PM,400,1/29/2026 2:18:24 PM,200,1/29/2026 2:00:02 PM,400,1/29/2026 2:18:24 PM, , , , , , , , , , , , , , , , , ,1,5,3,2,1,Mohammad Yaseen, , , , , , , , , , , , , , , , , , , ,31, , , , , , , , , , , , , , , , , , , , , , , , , , , , , , , , , , , , , , , , , , , , , , , , , , , , , , , , , , , ,1, , , , , , , , , , , , , , , , , , , ,2, , , , , , , , , , , , , , , , , , , ,2, , , , , , , , , , , , , , , , , , , ,2, , , ,1,8,1,5,1995, , , ,7,4,1,1,2,1,1,2,1,2,2,1,1,1,2,1,4,2, ,2,3, ,1,15, ,19, , , , , , , , , , , , , , , , , , , , , , ,2, ,2, , ,2, , , ,2,2,2,2,2,2,2,2,2,1,2, ,1,2,2,2,1,2,2,2,2,2, , , , , , , , ,1,3,2, , , , , , , , , , , , , ,2,3, ,3, , , , , , , , , , , , , , , , , , , , , , , , , , , , , , , , , , , , , , , , , , , , , , , , , , , , , , , , , , , ,2, ,2, ,2, , , , , , , , , , , , , , , , , , , , , , , , , , , , , , , , , , , , , , , , , , , , , ,3, , ,1,2,2, , ,2, ,1,2,1,2,2,2, ,1,2,2, ,2, ,2, ,1,1, , , , , , , , , , , , , , , , , , , , , , , , , , , , , , ,2,2,2,1,1,1,2,2,2,2, , ,1,2,1,2,1,2,1,2,2,2,2, , ,2, , , , , , ,1,1,2,2,2,1,1,2,2,1,2,2,2,2, ,2,2,2,2,2,2,2,2,2,2,2,2, ,1,2,1,2,2,2,2,2,2,2,2,2,2,2,2,2,2,2,2,2,2,2,1,1,1,1,1,1,1,1,-7,1,1,1,1, , , ,very postive response,30
991284,160203,Haryana,HR-U809,Urban,District name, ,PSU name,Census/UFS PSU number,Address,HH/Flat/Apt number,Door number,GATS-3/063/03,Head name,Head father/spouse name,Observation,Male,1/29/2026 3:00:46 PM,1/29/2026 3:02:59 PM,1/29/2026 3:02:21 PM,1/29/2026 3:19:37 PM,1,78,1,Ghulam Hussain Bhat,0.711470656,200,1/29/2026 3:02:19 PM,400,1/29/2026 3:19:36 PM,200,1/29/2026 3:02:19 PM,400,1/29/2026 3:19:36 PM, , , , , , , , , , , , , , , , , ,1,2,2, ,1,Ghulam Hussain Bhat, , , , , , , , , , , , , , , , , , , ,78, , , , , , , , , , , , , , , , , , , , , , , , , , , , , , , , , , , , , , , , , , , , , , , , , , , , , , , , , , , ,1, , , , , , , , , , , , , , , , , , , ,1, , , , , , , , , , , , , , , , , , , ,2, , , , , , , , , , , , , , , , , , , ,2, , , ,1,8,1,10,1947, , , ,5,9,1,1,2,1,2,2,1,2,2,1,2,2,2,1,4,2, ,2,1, , ,18, ,25, ,0, ,0, ,0, ,0, ,2, ,0, , ,4, , , , , , , , , , , , , , , , , , , , , , , , , , , , , , , , , , , , , , ,2, ,2,0,1, ,2,1,2, , , , , , , , , , , , , , , , ,3, ,3, , , , , , , , , , , , , , , , , , , , , , , , , , , , , , , , , , , , , , , , , , , , , , , , , , , , , , , , , , , ,2, ,2, ,2, ,1,1,2, , ,2,2,2,2,2,2,2,2,2,1,2, ,2, , , ,1, , , , , , , , , , , , , , , , , , , , , , ,2,2,2,2, , , , ,2, ,2, ,2, , ,2, ,2, ,2, ,2, ,2, ,1,1, , , , , , , , , , , , , , , , , , , , , , , , , , , , , , ,2,2,2,2,2,2,2,2,2,2, , ,2,2,2,2,2,2,2,2,2,2,2, , ,2,2, , , , , ,2,2,2,2,2,2,2,2,2,2,2,2,2,2, ,2,2,2,2,2,2,2,2,2,2,2,2, ,2,2,2,2,2,2,2,2,2,2,2,2,2,2,2,2,2,2,2,2,2,1,1,1,1,1,1,1,1,1,-7,1,1,-7,1,2, , ,postive response,78
991285,160203,Haryana,HR-U256,Urban,District name, ,PSU name,Census/UFS PSU number,Address,HH/Flat/Apt number,Door number,GATS-3/012/05,Head name,Head father/spouse name,Observation,Male,1/29/2026 3:27:51 PM,1/29/2026 3:32:42 PM,1/29/2026 3:32:02 PM, ,2,30,1,Abid Hussain Bhat,0.34790772,200,1/29/2026 3:31:59 PM,309,1/31/2026 10:24:00 AM,200,1/29/2026 3:31:59 PM,309,1/31/2026 10:24:00 AM, , ,309,1/31/2026 10:23:00 AM, , ,309,1/31/2026 10:23:00 AM, , ,309,1/29/2026 10:02:00 PM, , , , , ,1,4,4, ,3,Gh Hassan Bhat,Abid Hussain Bhat,Rouhullah Hussain Bhat, , , , , , , , , , , , , , , , , ,49,30,20, , , , , , , , , , , , , , , , , , , , , , , , , , , , , , , , , , , , , , , , , , , , , , , , , , , , , , , , , ,1,1,1, , , , , , , , , , , , , , , , , ,2,1,1, , , , , , , , , , , , , , , , , ,2,2,2, , , , , , , , , , , , , , , , , , , , , , , , , , , , , , , , , , , , , , , , , , , , , , , , , , , , , , , , , , , , , , , , , , , , , , , , , , , , , , , , , , , , , , , , , , , , , , , , , , , , , , , , , , , , , , , , , , , , , , , , , , , , , , , , , , , , , , , , , , , , , , , , , , , , , , , , , , , , , , , , , , , , , , , , , , , , , , , , , , , , , , , , , , , , , , , , , , , , , , , , , , , , , , , , , , , , , , , , , , , , , , , , , , , , , , , , , , , , , , , , , , , , , , , , , , , , , , , , , , , , , , , , , , , , , , , , , , , , , , , , , , , , , , , , , , , , , , , , , , , , , , , , , , , , , , , , , , , , , , , , , , , , , , , , , , , , , , , , , , , , , , , , , , , , , , , , , , , , , , , , , , , , , , , , , , , , , , , , , , , , , , , , , , , , , , , , , , , , , , , , , , 
991286,160203,Haryana,HR-R019,Rural,District name,Sub-district name,PSU name,Census/UFS PSU number,Address,HH/Flat/Apt number,Door number,GATS-3/229/01,Head name,Head father/spouse name,Observation,Male,1/29/2026 10:02:53 PM,1/29/2026 10:06:03 PM,1/29/2026 10:05:50 PM,1/29/2026 10:25:29 PM,2,29,1,Fazil Ahmad Beigh,0.497633392,200,1/29/2026 10:05:40 PM,400,1/29/2026 10:25:28 PM,200,1/29/2026 10:05:40 PM,400,1/29/2026 10:25:28 PM, , , , , , , , , , , , , , , , , ,1,6,4,2,2,Mohammad Afzal Beigh,Fazil Ahmad Beigh, , , , , , , , , , , , , , , , , , ,45,29, , , , , , , , , , , , , , , , , , , , , , , , , , , , , , , , , , , , , , , , , , , , , , , , , , , , , , , , , , ,1,1, , , , , , , , , , , , , , , , , , ,1,1, , , , , , , , , , , , , , , , , , ,1,2, , , , , , , , , , , , , , , , , , ,2, , , ,1,8,1,12,1996, , , ,8,1,1,1,2,1,1,2,1,1,1,1,1,1,2,1,4,2, ,2,1, , ,20, ,20, ,10, ,0, ,0, ,888,2,0, ,0, , ,3, , , , , , , , , , , , , , , , , , , , , , , , , , , , , , , , , , , , , , , , , , , , , , ,1,3,2, , , , , , , , , , , , , ,1,3, ,3, , , , , , , , , , , , , , , , , , , , , , , , , , , , , , , , , , , , , , , , , , , , , , , , , , , , , , , , , , , ,2, ,1,3,2, ,2, , , , , , , , , , , , , , , , ,1,1,2, ,3, , , , , , , , , , , , , , , , , , , , , , ,2,2,1,1,1, ,3,2,1,2,2, ,1,1,1,2, ,2, ,2, ,2, ,2, ,1,1,2, , ,1, ,1, , ,100,2, , , , , , , , , , , , , , , , , , , , ,2,1,2,1,2,1,1,1,1,2, ,1,1,2,1,2,2,1,1,2,2,2,2, , ,2,1,1, , , , ,1,2,1,2,2,2,1,2,2,1,2,2,2,2, ,2,1,2,2,1,2,1,1,2,2,2,2, ,2,2,1,2,2,2,2,2,2,2,2,2,2,2,2,2,2,2,2,2,2,1,1,1,1,1,1,1,1,1,1,1,1,1,1,1, , ,Respondent was very cooperative,29
991287,160203,Haryana,HR-R708,Rural,District name,Sub-district name,PSU name,Census/UFS PSU number,Address,HH/Flat/Apt number,Door number,GATS-3/272/06,Head name,Head father/spouse name,Observation,Male, , , , , , , , , , , , , , , , , , , , , , , , , , , , , , , , , , , , , , , , , , , , , , , , , , , , , , , , , , , , , , , , , , , , , , , , , , , , , , , , , , , , , , , , , , , , , , , , , , , , , , , , , , , , , , , , , , , , , , , , , , , , , , , , , , , , , , , , , , , , , , , , , , , , , , , , , , , , , , , , , , , , , , , , , , , , , , , , , , , , , , , , , , , , , , , , , , , , , , , , , , , , , , , , , , , , , , , , , , , , , , , , , , , , , , , , , , , , , , , , , , , , , , , , , , , , , , , , , , , , , , , , , , , , , , , , , , , , , , , , , , , , , , , , , , , , , , , , , , , , , , , , , , , , , , , , , , , , , , , , , , , , , , , , , , , , , , , , , , , , , , , , , , , , , , , , , , , , , , , , , , , , , , , , , , , , , , , , , , , , , , , , , , , , , , , , , , , , , , , , , , , , , , , , , , , , , , , , , , , , , , , , , , , , , , , , , , , , , , , , , , , , , , , , , , , , , , , , , , , , , , , , , , , , , , , , , , , , , , , , , , , , , , , , , , , , , , , , , , , , , , , , , , , , , , , , , , , , , , , , , , , , , , , , , , , , , , , , , , , , , , , , , , , , , , , , , , , , , , , , , , , , 
991288,160203,Haryana,HR-R991,Rural,District name,Sub-district name,PSU name,Census/UFS PSU number,Address,HH/Flat/Apt number,Door number,GATS-3/137/03,Head name,Head father/spouse name,Observation,Male, , , , , , , , , , , , , , , , , , , , , , , , , , , , , , , , , , , , , , , , , , , , , , , , , , , , , , , , , , , , , , , , , , , , , , , , , , , , , , , , , , , , , , , , , , , , , , , , , , , , , , , , , , , , , , , , , , , , , , , , , , , , , , , , , , , , , , , , , , , , , , , , , , , , , , , , , , , , , , , , , , , , , , , , , , , , , , , , , , , , , , , , , , , , , , , , , , , , , , , , , , , , , , , , , , , , , , , , , , , , , , , , , , , , , , , , , , , , , , , , , , , , , , , , , , , , , , , , , , , , , , , , , , , , , , , , , , , , , , , , , , , , , , , , , , , , , , , , , , , , , , , , , , , , , , , , , , , , , , , , , , , , , , , , , , , , , , , , , , , , , , , , , , , , , , , , , , , , , , , , , , , , , , , , , , , , , , , , , , , , , , , , , , , , , , , , , , , , , , , , , , , , , , , , , , , , , , , , , , , , , , , , , , , , , , , , , , , , , , , , , , , , , , , , , , , , , , , , , , , , , , , , , , , , , , , , , , , , , , , , , , , , , , , , , , , , , , , , , , , , , , , , , , , , , , , , , , , , , , , , , , , , , , , , , , , , , , , , , , , , , , , , , , , , , , , , , , , , , , , , , , , , 
991289,160203,Haryana,HR-U177,Urban,District name, ,PSU name,Census/UFS PSU number,Address,HH/Flat/Apt number,Door number,GATS-3/235/05,Head name,Head father/spouse name,Observation,Male, , , , , , , , , , , , , , , , , , , , , , , , , , , , , , , , , , , , , , , , , , , , , , , , , , , , , , , , , , , , , , , , , , , , , , , , , , , , , , , , , , , , , , , , , , , , , , , , , , , , , , , , , , , , , , , , , , , , , , , , , , , , , , , , , , , , , , , , , , , , , , , , , , , , , , , , , , , , , , , , , , , , , , , , , , , , , , , , , , , , , , , , , , , , , , , , , , , , , , , , , , , , , , , , , , , , , , , , , , , , , , , , , , , , , , , , , , , , , , , , , , , , , , , , , , , , , , , , , , , , , , , , , , , , , , , , , , , , , , , , , , , , , , , , , , , , , , , , , , , , , , , , , , , , , , , , , , , , , , , , , , , , , , , , , , , , , , , , , , , , , , , , , , , , , , , , , , , , , , , , , , , , , , , , , , , , , , , , , , , , , , , , , , , , , , , , , , , , , , , , , , , , , , , , , , , , , , , , , , , , , , , , , , , , , , , , , , , , , , , , , , , , , , , , , , , , , , , , , , , , , , , , , , , , , , , , , , , , , , , , , , , , , , , , , , , , , , , , , , , , , , , , , , , , , , , , , , , , , , , , , , , , , , , , , , , , , , , , , , , , , , , , , , , , , , , , , , , , , , , , , , , , 
991290,160203,Haryana,HR-R468,Rural,District name,Sub-district name,PSU name,Census/UFS PSU number,Address,HH/Flat/Apt number,Door number,GATS-3/294/01,Head name,Head father/spouse name,Observation,Male, , , , , , , , , , , , , , , , , , , , , , , , , , , , , , , , , , , , , , , , , , , , , , , , , , , , , , , , , , , , , , , , , , , , , , , , , , , , , , , , , , , , , , , , , , , , , , , , , , , , , , , , , , , , , , , , , , , , , , , , , , , , , , , , , , , , , , , , , , , , , , , , , , , , , , , , , , , , , , , , , , , , , , , , , , , , , , , , , , , , , , , , , , , , , , , , , , , , , , , , , , , , , , , , , , , , , , , , , , , , , , , , , , , , , , , , , , , , , , , , , , , , , , , , , , , , , , , , , , , , , , , , , , , , , , , , , , , , , , , , , , , , , , , , , , , , , , , , , , , , , , , , , , , , , , , , , , , , , , , , , , , , , , , , , , , , , , , , , , , , , , , , , , , , , , , , , , , , , , , , , , , , , , , , , , , , , , , , , , , , , , , , , , , , , , , , , , , , , , , , , , , , , , , , , , , , , , , , , , , , , , , , , , , , , , , , , , , , , , , , , , , , , , , , , , , , , , , , , , , , , , , , , , , , , , , , , , , , , , , , , , , , , , , , , , , , , , , , , , , , , , , , , , , , , , , , , , , , , , , , , , , , , , , , , , , , , , , , , , , , , , , , , , , , , , , , , , , , , , , , , , , , 
991291,160203,Haryana,HR-U721,Urban,District name, ,PSU name,Census/UFS PSU number,Address,HH/Flat/Apt number,Door number,GATS-3/087/06,Head name,Head father/spouse name,Observation,Male, , , , , , , , , , , , , , , , , , , , , , , , , , , , , , , , , , , , , , , , , , , , , , , , , , , , , , , , , , , , , , , , , , , , , , , , , , , , , , , , , , , , , , , , , , , , , , , , , , , , , , , , , , , , , , , , , , , , , , , , , , , , , , , , , , , , , , , , , , , , , , , , , , , , , , , , , , , , , , , , , , , , , , , , , , , , , , , , , , , , , , , , , , , , , , , , , , , , , , , , , , , , , , , , , , , , , , , , , , , , , , , , , , , , , , , , , , , , , , , , , , , , , , , , , , , , , , , , , , , , , , , , , , , , , , , , , , , , , , , , , , , , , , , , , , , , , , , , , , , , , , , , , , , , , , , , , , , , , , , , , , , , , , , , , , , , , , , , , , , , , , , , , , , , , , , , , , , , , , , , , , , , , , , , , , , , , , , , , , , , , , , , , , , , , , , , , , , , , , , , , , , , , , , , , , , , , , , , , , , , , , , , , , , , , , , , , , , , , , , , , , , , , , , , , , , , , , , , , , , , , , , , , , , , , , , , , , , , , , , , , , , , , , , , , , , , , , , , , , , , , , , , , , , , , , , , , , , , , , , , , , , , , , , , , , , , , , , , , , , , , , , , , , , , , , , , , , , , , , , , , , , , 
991292,160203,Haryana,HR-R434,Rural,District name,Sub-district name,PSU name,Census/UFS PSU number,Address,HH/Flat/Apt number,Door number,GATS-3/281/04,Head name,Head father/spouse name,Observation,Male, , , , , , , , , , , , , , , , , , , , , , , , , , , , , , , , , , , , , , , , , , , , , , , , , , , , , , , , , , , , , , , , , , , , , , , , , , , , , , , , , , , , , , , , , , , , , , , , , , , , , , , , , , , , , , , , , , , , , , , , , , , , , , , , , , , , , , , , , , , , , , , , , , , , , , , , , , , , , , , , , , , , , , , , , , , , , , , , , , , , , , , , , , , , , , , , , , , , , , , , , , , , , , , , , , , , , , , , , , , , , , , , , , , , , , , , , , , , , , , , , , , , , , , , , , , , , , , , , , , , , , , , , , , , , , , , , , , , , , , , , , , , , , , , , , , , , , , , , , , , , , , , , , , , , , , , , , , , , , , , , , , , , , , , , , , , , , , , , , , , , , , , , , , , , , , , , , , , , , , , , , , , , , , , , , , , , , , , , , , , , , , , , , , , , , , , , , , , , , , , , , , , , , , , , , , , , , , , , , , , , , , , , , , , , , , , , , , , , , , , , , , , , , , , , , , , , , , , , , , , , , , , , , , , , , , , , , , , , , , , , , , , , , , , , , , , , , , , , , , , , , , , , , , , , , , , , , , , , , , , , , , , , , , , , , , , , , , , , , , , , , , , , , , , , , , , , , , , , , , , , , , , 
991293,160203,Haryana,HR-U328,Urban,District name, ,PSU name,Census/UFS PSU number,Address,HH/Flat/Apt number,Door number,GATS-3/121/02,Head name,Head father/spouse name,Observation,Male, , , , , , , , , , , , , , , , , , , , , , , , , , , , , , , , , , , , , , , , , , , , , , , , , , , , , , , , , , , , , , , , , , , , , , , , , , , , , , , , , , , , , , , , , , , , , , , , , , , , , , , , , , , , , , , , , , , , , , , , , , , , , , , , , , , , , , , , , , , , , , , , , , , , , , , , , , , , , , , , , , , , , , , , , , , , , , , , , , , , , , , , , , , , , , , , , , , , , , , , , , , , , , , , , , , , , , , , , , , , , , , , , , , , , , , , , , , , , , , , , , , , , , , , , , , , , , , , , , , , , , , , , , , , , , , , , , , , , , , , , , , , , , , , , , , , , , , , , , , , , , , , , , , , , , , , , , , , , , , , , , , , , , , , , , , , , , , , , , , , , , , , , , , , , , , , , , , , , , , , , , , , , , , , , , , , , , , , , , , , , , , , , , , , , , , , , , , , , , , , , , , , , , , , , , , , , , , , , , , , , , , , , , , , , , , , , , , , , , , , , , , , , , , , , , , , , , , , , , , , , , , , , , , , , , , , , , , , , , , , , , , , , , , , , , , , , , , , , , , , , , , , , , , , , , , , , , , , , , , , , , , , , , , , , , , , , , , , , , , , , , , , , , , , , , , , , , , , , , , , , , , , 
991294,160203,Haryana,HR-U102,Urban,District name, ,PSU name,Census/UFS PSU number,Address,HH/Flat/Apt number,Door number,GATS-3/076/04,Head name,Head father/spouse name,Observation,Male, , , , , , , , , , , , , , , , , , , , , , , , , , , , , , , , , , , , , , , , , , , , , , , , , , , , , , , , , , , , , , , , , , , , , , , , , , , , , , , , , , , , , , , , , , , , , , , , , , , , , , , , , , , , , , , , , , , , , , , , , , , , , , , , , , , , , , , , , , , , , , , , , , , , , , , , , , , , , , , , , , , , , , , , , , , , , , , , , , , , , , , , , , , , , , , , , , , , , , , , , , , , , , , , , , , , , , , , , , , , , , , , , , , , , , , , , , , , , , , , , , , , , , , , , , , , , , , , , , , , , , , , , , , , , , , , , , , , , , , , , , , , , , , , , , , , , , , , , , , , , , , , , , , , , , , , , , , , , , , , , , , , , , , , , , , , , , , , , , , , , , , , , , , , , , , , , , , , , , , , , , , , , , , , , , , , , , , , , , , , , , , , , , , , , , , , , , , , , , , , , , , , , , , , , , , , , , , , , , , , , , , , , , , , , , , , , , , , , , , , , , , , , , , , , , , , , , , , , , , , , , , , , , , , , , , , , , , , , , , , , , , , , , , , , , , , , , , , , , , , , , , , , , , , , , , , , , , , , , , , , , , , , , , , , , , , , , , , , , , , , , , , , , , , , , , , , , , , , , , , , , , , 
991295,160203,Haryana,HR-R552,Rural,District name,Sub-district name,PSU name,Census/UFS PSU number,Address,HH/Flat/Apt number,Door number,GATS-3/180/01,Head name,Head father/spouse name,Observation,Male, , , , , , , , , , , , , , , , , , , , , , , , , , , , , , , , , , , , , , , , , , , , , , , , , , , , , , , , , , , , , , , , , , , , , , , , , , , , , , , , , , , , , , , , , , , , , , , , , , , , , , , , , , , , , , , , , , , , , , , , , , , , , , , , , , , , , , , , , , , , , , , , , , , , , , , , , , , , , , , , , , , , , , , , , , , , , , , , , , , , , , , , , , , , , , , , , , , , , , , , , , , , , , , , , , , , , , , , , , , , , , , , , , , , , , , , , , , , , , , , , , , , , , , , , , , , , , , , , , , , , , , , , , , , , , , , , , , , , , , , , , , , , , , , , , , , , , , , , , , , , , , , , , , , , , , , , , , , , , , , , , , , , , , , , , , , , , , , , , , , , , , , , , , , , , , , , , , , , , , , , , , , , , , , , , , , , , , , , , , , , , , , , , , , , , , , , , , , , , , , , , , , , , , , , , , , , , , , , , , , , , , , , , , , , , , , , , , , , , , , , , , , , , , , , , , , , , , , , , , , , , , , , , , , , , , , , , , , , , , , , , , , , , , , , , , , , , , , , , , , , , , , , , , , , , , , , , , , , , , , , , , , , , , , , , , , , , , , , , , , , , , , , , , , , , , , , , , , , , , , , , , , 
991296,160203,Haryana,HR-R390,Rural,District name,Sub-district name,PSU name,Census/UFS PSU number,Address,HH/Flat/Apt number,Door number,GATS-3/232/09,Head name,Head father/spouse name,Observation,Male, , , , , , , , , , , , , , , , , , , , , , , , , , , , , , , , , , , , , , , , , , , , , , , , , , , , , , , , , , , , , , , , , , , , , , , , , , , , , , , , , , , , , , , , , , , , , , , , , , , , , , , , , , , , , , , , , , , , , , , , , , , , , , , , , , , , , , , , , , , , , , , , , , , , , , , , , , , , , , , , , , , , , , , , , , , , , , , , , , , , , , , , , , , , , , , , , , , , , , , , , , , , , , , , , , , , , , , , , , , , , , , , , , , , , , , , , , , , , , , , , , , , , , , , , , , , , , , , , , , , , , , , , , , , , , , , , , , , , , , , , , , , , , , , , , , , , , , , , , , , , , , , , , , , , , , , , , , , , , , , , , , , , , , , , , , , , , , , , , , , , , , , , , , , , , , , , , , , , , , , , , , , , , , , , , , , , , , , , , , , , , , , , , , , , , , , , , , , , , , , , , , , , , , , , , , , , , , , , , , , , , , , , , , , , , , , , , , , , , , , , , , , , , , , , , , , , , , , , , , , , , , , , , , , , , , , , , , , , , , , , , , , , , , , , , , , , , , , , , , , , , , , , , , , , , , , , , , , , , , , , , , , , , , , , , , , , , , , , , , , , , , , , , , , , , , , , , , , , , , , , , , , 
991297,160203,Haryana,HR-R864,Rural,District name,Sub-district name,PSU name,Census/UFS PSU number,Address,HH/Flat/Apt number,Door number,GATS-3/120/07,Head name,Head father/spouse name,Observation,Male, , , , , , , , , , , , , , , , , , , , , , , , , , , , , , , , , , , , , , , , , , , , , , , , , , , , , , , , , , , , , , , , , , , , , , , , , , , , , , , , , , , , , , , , , , , , , , , , , , , , , , , , , , , , , , , , , , , , , , , , , , , , , , , , , , , , , , , , , , , , , , , , , , , , , , , , , , , , , , , , , , , , , , , , , , , , , , , , , , , , , , , , , , , , , , , , , , , , , , , , , , , , , , , , , , , , , , , , , , , , , , , , , , , , , , , , , , , , , , , , , , , , , , , , , , , , , , , , , , , , , , , , , , , , , , , , , , , , , , , , , , , , , , , , , , , , , , , , , , , , , , , , , , , , , , , , , , , , , , , , , , , , , , , , , , , , , , , , , , , , , , , , , , , , , , , , , , , , , , , , , , , , , , , , , , , , , , , , , , , , , , , , , , , , , , , , , , , , , , , , , , , , , , , , , , , , , , , , , , , , , , , , , , , , , , , , , , , , , , , , , , , , , , , , , , , , , , , , , , , , , , , , , , , , , , , , , , , , , , , , , , , , , , , , , , , , , , , , , , , , , , , , , , , , , , , , , , , , , , , , , , , , , , , , , , , , , , , , , , , , , , , , , , , , , , , , , , , , , , , , , , , , 
991298,160203,Haryana,HR-R118,Rural,District name,Sub-district name,PSU name,Census/UFS PSU number,Address,HH/Flat/Apt number,Door number,GATS-3/103/06,Head name,Head father/spouse name,Observation,Male, , , , , , , , , , , , , , , , , , , , , , , , , , , , , , , , , , , , , , , , , , , , , , , , , , , , , , , , , , , , , , , , , , , , , , , , , , , , , , , , , , , , , , , , , , , , , , , , , , , , , , , , , , , , , , , , , , , , , , , , , , , , , , , , , , , , , , , , , , , , , , , , , , , , , , , , , , , , , , , , , , , , , , , , , , , , , , , , , , , , , , , , , , , , , , , , , , , , , , , , , , , , , , , , , , , , , , , , , , , , , , , , , , , , , , , , , , , , , , , , , , , , , , , , , , , , , , , , , , , , , , , , , , , , , , , , , , , , , , , , , , , , , , , , , , , , , , , , , , , , , , , , , , , , , , , , , , , , , , , , , , , , , , , , , , , , , , , , , , , , , , , , , , , , , , , , , , , , , , , , , , , , , , , , , , , , , , , , , , , , , , , , , , , , , , , , , , , , , , , , , , , , , , , , , , , , , , , , , , , , , , , , , , , , , , , , , , , , , , , , , , , , , , , , , , , , , , , , , , , , , , , , , , , , , , , , , , , , , , , , , , , , , , , , , , , , , , , , , , , , , , , , , , , , , , , , , , , , , , , , , , , , , , , , , , , , , , , , , , , , , , , , , , , , , , , , , , , , , , , , , , , , 
991299,160203,Haryana,HR-U847,Urban,District name, ,PSU name,Census/UFS PSU number,Address,HH/Flat/Apt number,Door number,GATS-3/035/05,Head name,Head father/spouse name,Observation,Male, , , , , , , , , , , , , , , , , , , , , , , , , , , , , , , , , , , , , , , , , , , , , , , , , , , , , , , , , , , , , , , , , , , , , , , , , , , , , , , , , , , , , , , , , , , , , , , , , , , , , , , , , , , , , , , , , , , , , , , , , , , , , , , , , , , , , , , , , , , , , , , , , , , , , , , , , , , , , , , , , , , , , , , , , , , , , , , , , , , , , , , , , , , , , , , , , , , , , , , , , , , , , , , , , , , , , , , , , , , , , , , , , , , , , , , , , , , , , , , , , , , , , , , , , , , , , , , , , , , , , , , , , , , , , , , , , , , , , , , , , , , , , , , , , , , , , , , , , , , , , , , , , , , , , , , , , , , , , , , , , , , , , , , , , , , , , , , , , , , , , , , , , , , , , , , , , , , , , , , , , , , , , , , , , , , , , , , , , , , , , , , , , , , , , , , , , , , , , , , , , , , , , , , , , , , , , , , , , , , , , , , , , , , , , , , , , , , , , , , , , , , , , , , , , , , , , , , , , , , , , , , , , , , , , , , , , , , , , , , , , , , , , , , , , , , , , , , , , , , , , , , , , , , , , , , , , , , , , , , , , , , , , , , , , , , , , , , , , , , , , , , , , , , , , , , , , , , , , , , , , , , , 
991300,160203,Haryana,HR-U740,Urban,District name, ,PSU name,Census/UFS PSU number,Address,HH/Flat/Apt number,Door number,GATS-3/161/03,Head name,Head father/spouse name,Observation,Male, , , , , , , , , , , , , , , , , , , , , , , , , , , , , , , , , , , , , , , , , , , , , , , , , , , , , , , , , , , , , , , , , , , , , , , , , , , , , , , , , , , , , , , , , , , , , , , , , , , , , , , , , , , , , , , , , , , , , , , , , , , , , , , , , , , , , , , , , , , , , , , , , , , , , , , , , , , , , , , , , , , , , , , , , , , , , , , , , , , , , , , , , , , , , , , , , , , , , , , , , , , , , , , , , , , , , , , , , , , , , , , , , , , , , , , , , , , , , , , , , , , , , , , , , , , , , , , , , , , , , , , , , , , , , , , , , , , , , , , , , , , , , , , , , , , , , , , , , , , , , , , , , , , , , , , , , , , , , , , , , , , , , , , , , , , , , , , , , , , , , , , , , , , , , , , , , , , , , , , , , , , , , , , , , , , , , , , , , , , , , , , , , , , , , , , , , , , , , , , , , , , , , , , , , , , , , , , , , , , , , , , , , , , , , , , , , , , , , , , , , , , , , , , , , , , , , , , , , , , , , , , , , , , , , , , , , , , , , , , , , , , , , , , , , , , , , , , , , , , , , , , , , , , , , , , , , , , , , , , , , , , , , , , , , , , , , , , , , , , , , , , , , , , , , , , , , , , , , , , , , , , , 
991301,160203,Haryana,HR-U030,Urban,District name, ,PSU name,Census/UFS PSU number,Address,HH/Flat/Apt number,Door number,GATS-3/265/02,Head name,Head father/spouse name,Observation,Male, , , , , , , , , , , , , , , , , , , , , , , , , , , , , , , , , , , , , , , , , , , , , , , , , , , , , , , , , , , , , , , , , , , , , , , , , , , , , , , , , , , , , , , , , , , , , , , , , , , , , , , , , , , , , , , , , , , , , , , , , , , , , , , , , , , , , , , , , , , , , , , , , , , , , , , , , , , , , , , , , , , , , , , , , , , , , , , , , , , , , , , , , , , , , , , , , , , , , , , , , , , , , , , , , , , , , , , , , , , , , , , , , , , , , , , , , , , , , , , , , , , , , , , , , , , , , , , , , , , , , , , , , , , , , , , , , , , , , , , , , , , , , , , , , , , , , , , , , , , , , , , , , , , , , , , , , , , , , , , , , , , , , , , , , , , , , , , , , , , , , , , , , , , , , , , , , , , , , , , , , , , , , , , , , , , , , , , , , , , , , , , , , , , , , , , , , , , , , , , , , , , , , , , , , , , , , , , , , , , , , , , , , , , , , , , , , , , , , , , , , , , , , , , , , , , , , , , , , , , , , , , , , , , , , , , , , , , , , , , , , , , , , , , , , , , , , , , , , , , , , , , , , , , , , , , , , , , , , , , , , , , , , , , , , , , , , , , , , , , , , , , , , , , , , , , , , , , , , , , , , , , , 
991302,160203,Haryana,HR-U120,Urban,District name, ,PSU name,Census/UFS PSU number,Address,HH/Flat/Apt number,Door number,GATS-3/224/01,Head name,Head father/spouse name,Observation,Male, , , , , , , , , , , , , , , , , , , , , , , , , , , , , , , , , , , , , , , , , , , , , , , , , , , , , , , , , , , , , , , , , , , , , , , , , , , , , , , , , , , , , , , , , , , , , , , , , , , , , , , , , , , , , , , , , , , , , , , , , , , , , , , , , , , , , , , , , , , , , , , , , , , , , , , , , , , , , , , , , , , , , , , , , , , , , , , , , , , , , , , , , , , , , , , , , , , , , , , , , , , , , , , , , , , , , , , , , , , , , , , , , , , , , , , , , , , , , , , , , , , , , , , , , , , , , , , , , , , , , , , , , , , , , , , , , , , , , , , , , , , , , , , , , , , , , , , , , , , , , , , , , , , , , , , , , , , , , , , , , , , , , , , , , , , , , , , , , , , , , , , , , , , , , , , , , , , , , , , , , , , , , , , , , , , , , , , , , , , , , , , , , , , , , , , , , , , , , , , , , , , , , , , , , , , , , , , , , , , , , , , , , , , , , , , , , , , , , , , , , , , , , , , , , , , , , , , , , , , , , , , , , , , , , , , , , , , , , , , , , , , , , , , , , , , , , , , , , , , , , , , , , , , , , , , , , , , , , , , , , , , , , , , , , , , , , , , , , , , , , , , , , , , , , , , , , , , , , , , , , , , , 
991303,160203,Haryana,HR-U174,Urban,District name, ,PSU name,Census/UFS PSU number,Address,HH/Flat/Apt number,Door number,GATS-3/181/07,Head name,Head father/spouse name,Observation,Male, , , , , , , , , , , , , , , , , , , , , , , , , , , , , , , , , , , , , , , , , , , , , , , , , , , , , , , , , , , , , , , , , , , , , , , , , , , , , , , , , , , , , , , , , , , , , , , , , , , , , , , , , , , , , , , , , , , , , , , , , , , , , , , , , , , , , , , , , , , , , , , , , , , , , , , , , , , , , , , , , , , , , , , , , , , , , , , , , , , , , , , , , , , , , , , , , , , , , , , , , , , , , , , , , , , , , , , , , , , , , , , , , , , , , , , , , , , , , , , , , , , , , , , , , , , , , , , , , , , , , , , , , , , , , , , , , , , , , , , , , , , , , , , , , , , , , , , , , , , , , , , , , , , , , , , , , , , , , , , , , , , , , , , , , , , , , , , , , , , , , , , , , , , , , , , , , , , , , , , , , , , , , , , , , , , , , , , , , , , , , , , , , , , , , , , , , , , , , , , , , , , , , , , , , , , , , , , , , , , , , , , , , , , , , , , , , , , , , , , , , , , , , , , , , , , , , , , , , , , , , , , , , , , , , , , , , , , , , , , , , , , , , , , , , , , , , , , , , , , , , , , , , , , , , , , , , , , , , , , , , , , , , , , , , , , , , , , , , , , , , , , , , , , , , , , , , , , , , , , , , , , , 
991304,160203,Haryana,HR-R259,Rural,District name,Sub-district name,PSU name,Census/UFS PSU number,Address,HH/Flat/Apt number,Door number,GATS-3/046/07,Head name,Head father/spouse name,Observation,Male, , , , , , , , , , , , , , , , , , , , , , , , , , , , , , , , , , , , , , , , , , , , , , , , , , , , , , , , , , , , , , , , , , , , , , , , , , , , , , , , , , , , , , , , , , , , , , , , , , , , , , , , , , , , , , , , , , , , , , , , , , , , , , , , , , , , , , , , , , , , , , , , , , , , , , , , , , , , , , , , , , , , , , , , , , , , , , , , , , , , , , , , , , , , , , , , , , , , , , , , , , , , , , , , , , , , , , , , , , , , , , , , , , , , , , , , , , , , , , , , , , , , , , , , , , , , , , , , , , , , , , , , , , , , , , , , , , , , , , , , , , , , , , , , , , , , , , , , , , , , , , , , , , , , , , , , , , , , , , , , , , , , , , , , , , , , , , , , , , , , , , , , , , , , , , , , , , , , , , , , , , , , , , , , , , , , , , , , , , , , , , , , , , , , , , , , , , , , , , , , , , , , , , , , , , , , , , , , , , , , , , , , , , , , , , , , , , , , , , , , , , , , , , , , , , , , , , , , , , , , , , , , , , , , , , , , , , , , , , , , , , , , , , , , , , , , , , , , , , , , , , , , , , , , , , , , , , , , , , , , , , , , , , , , , , , , , , , , , , , , , , , , , , , , , , , , , , , , , , , , , , , , 
991305,160203,Haryana,HR-U560,Urban,District name, ,PSU name,Census/UFS PSU number,Address,HH/Flat/Apt number,Door number,GATS-3/194/02,Head name,Head father/spouse name,Observation,Male, , , , , , , , , , , , , , , , , , , , , , , , , , , , , , , , , , , , , , , , , , , , , , , , , , , , , , , , , , , , , , , , , , , , , , , , , , , , , , , , , , , , , , , , , , , , , , , , , , , , , , , , , , , , , , , , , , , , , , , , , , , , , , , , , , , , , , , , , , , , , , , , , , , , , , , , , , , , , , , , , , , , , , , , , , , , , , , , , , , , , , , , , , , , , , , , , , , , , , , , , , , , , , , , , , , , , , , , , , , , , , , , , , , , , , , , , , , , , , , , , , , , , , , , , , , , , , , , , , , , , , , , , , , , , , , , , , , , , , , , , , , , , , , , , , , , , , , , , , , , , , , , , , , , , , , , , , , , , , , , , , , , , , , , , , , , , , , , , , , , , , , , , , , , , , , , , , , , , , , , , , , , , , , , , , , , , , , , , , , , , , , , , , , , , , , , , , , , , , , , , , , , , , , , , , , , , , , , , , , , , , , , , , , , , , , , , , , , , , , , , , , , , , , , , , , , , , , , , , , , , , , , , , , , , , , , , , , , , , , , , , , , , , , , , , , , , , , , , , , , , , , , , , , , , , , , , , , , , , , , , , , , , , , , , , , , , , , , , , , , , , , , , , , , , , , , , , , , , , , , , , , , 
991306,160203,Haryana,HR-R483,Rural,District name,Sub-district name,PSU name,Census/UFS PSU number,Address,HH/Flat/Apt number,Door number,GATS-3/115/07,Head name,Head father/spouse name,Observation,Male, , , , , , , , , , , , , , , , , , , , , , , , , , , , , , , , , , , , , , , , , , , , , , , , , , , , , , , , , , , , , , , , , , , , , , , , , , , , , , , , , , , , , , , , , , , , , , , , , , , , , , , , , , , , , , , , , , , , , , , , , , , , , , , , , , , , , , , , , , , , , , , , , , , , , , , , , , , , , , , , , , , , , , , , , , , , , , , , , , , , , , , , , , , , , , , , , , , , , , , , , , , , , , , , , , , , , , , , , , , , , , , , , , , , , , , , , , , , , , , , , , , , , , , , , , , , , , , , , , , , , , , , , , , , , , , , , , , , , , , , , , , , , , , , , , , , , , , , , , , , , , , , , , , , , , , , , , , , , , , , , , , , , , , , , , , , , , , , , , , , , , , , , , , , , , , , , , , , , , , , , , , , , , , , , , , , , , , , , , , , , , , , , , , , , , , , , , , , , , , , , , , , , , , , , , , , , , , , , , , , , , , , , , , , , , , , , , , , , , , , , , , , , , , , , , , , , , , , , , , , , , , , , , , , , , , , , , , , , , , , , , , , , , , , , , , , , , , , , , , , , , , , , , , , , , , , , , , , , , , , , , , , , , , , , , , , , , , , , , , , , , , , , , , , , , , , , , , , , , , , , , , , 
991307,160203,Haryana,HR-R993,Rural,District name,Sub-district name,PSU name,Census/UFS PSU number,Address,HH/Flat/Apt number,Door number,GATS-3/132/04,Head name,Head father/spouse name,Observation,Male, , , , , , , , , , , , , , , , , , , , , , , , , , , , , , , , , , , , , , , , , , , , , , , , , , , , , , , , , , , , , , , , , , , , , , , , , , , , , , , , , , , , , , , , , , , , , , , , , , , , , , , , , , , , , , , , , , , , , , , , , , , , , , , , , , , , , , , , , , , , , , , , , , , , , , , , , , , , , , , , , , , , , , , , , , , , , , , , , , , , , , , , , , , , , , , , , , , , , , , , , , , , , , , , , , , , , , , , , , , , , , , , , , , , , , , , , , , , , , , , , , , , , , , , , , , , , , , , , , , , , , , , , , , , , , , , , , , , , , , , , , , , , , , , , , , , , , , , , , , , , , , , , , , , , , , , , , , , , , , , , , , , , , , , , , , , , , , , , , , , , , , , , , , , , , , , , , , , , , , , , , , , , , , , , , , , , , , , , , , , , , , , , , , , , , , , , , , , , , , , , , , , , , , , , , , , , , , , , , , , , , , , , , , , , , , , , , , , , , , , , , , , , , , , , , , , , , , , , , , , , , , , , , , , , , , , , , , , , , , , , , , , , , , , , , , , , , , , , , , , , , , , , , , , , , , , , , , , , , , , , , , , , , , , , , , , , , , , , , , , , , , , , , , , , , , , , , , , , , , , , , , , 
991308,160203,Haryana,HR-U835,Urban,District name, ,PSU name,Census/UFS PSU number,Address,HH/Flat/Apt number,Door number,GATS-3/100/06,Head name,Head father/spouse name,Observation,Male, , , , , , , , , , , , , , , , , , , , , , , , , , , , , , , , , , , , , , , , , , , , , , , , , , , , , , , , , , , , , , , , , , , , , , , , , , , , , , , , , , , , , , , , , , , , , , , , , , , , , , , , , , , , , , , , , , , , , , , , , , , , , , , , , , , , , , , , , , , , , , , , , , , , , , , , , , , , , , , , , , , , , , , , , , , , , , , , , , , , , , , , , , , , , , , , , , , , , , , , , , , , , , , , , , , , , , , , , , , , , , , , , , , , , , , , , , , , , , , , , , , , , , , , , , , , , , , , , , , , , , , , , , , , , , , , , , , , , , , , , , , , , , , , , , , , , , , , , , , , , , , , , , , , , , , , , , , , , , , , , , , , , , , , , , , , , , , , , , , , , , , , , , , , , , , , , , , , , , , , , , , , , , , , , , , , , , , , , , , , , , , , , , , , , , , , , , , , , , , , , , , , , , , , , , , , , , , , , , , , , , , , , , , , , , , , , , , , , , , , , , , , , , , , , , , , , , , , , , , , , , , , , , , , , , , , , , , , , , , , , , , , , , , , , , , , , , , , , , , , , , , , , , , , , , , , , , , , , , , , , , , , , , , , , , , , , , , , , , , , , , , , , , , , , , , , , , , , , , , , , , , , 
991309,160203,Haryana,HR-R499,Rural,District name,Sub-district name,PSU name,Census/UFS PSU number,Address,HH/Flat/Apt number,Door number,GATS-3/185/01,Head name,Head father/spouse name,Observation,Male, , , , , , , , , , , , , , , , , , , , , , , , , , , , , , , , , , , , , , , , , , , , , , , , , , , , , , , , , , , , , , , , , , , , , , , , , , , , , , , , , , , , , , , , , , , , , , , , , , , , , , , , , , , , , , , , , , , , , , , , , , , , , , , , , , , , , , , , , , , , , , , , , , , , , , , , , , , , , , , , , , , , , , , , , , , , , , , , , , , , , , , , , , , , , , , , , , , , , , , , , , , , , , , , , , , , , , , , , , , , , , , , , , , , , , , , , , , , , , , , , , , , , , , , , , , , , , , , , , , , , , , , , , , , , , , , , , , , , , , , , , , , , , , , , , , , , , , , , , , , , , , , , , , , , , , , , , , , , , , , , , , , , , , , , , , , , , , , , , , , , , , , , , , , , , , , , , , , , , , , , , , , , , , , , , , , , , , , , , , , , , , , , , , , , , , , , , , , , , , , , , , , , , , , , , , , , , , , , , , , , , , , , , , , , , , , , , , , , , , , , , , , , , , , , , , , , , , , , , , , , , , , , , , , , , , , , , , , , , , , , , , , , , , , , , , , , , , , , , , , , , , , , , , , , , , , , , , , , , , , , , , , , , , , , , , , , , , , , , , , , , , , , , , , , , , , , , , , , , , , , , , , 
991310,160203,Haryana,HR-U045,Urban,District name, ,PSU name,Census/UFS PSU number,Address,HH/Flat/Apt number,Door number,GATS-3/119/08,Head name,Head father/spouse name,Observation,Male, , , , , , , , , , , , , , , , , , , , , , , , , , , , , , , , , , , , , , , , , , , , , , , , , , , , , , , , , , , , , , , , , , , , , , , , , , , , , , , , , , , , , , , , , , , , , , , , , , , , , , , , , , , , , , , , , , , , , , , , , , , , , , , , , , , , , , , , , , , , , , , , , , , , , , , , , , , , , , , , , , , , , , , , , , , , , , , , , , , , , , , , , , , , , , , , , , , , , , , , , , , , , , , , , , , , , , , , , , , , , , , , , , , , , , , , , , , , , , , , , , , , , , , , , , , , , , , , , , , , , , , , , , , , , , , , , , , , , , , , , , , , , , , , , , , , , , , , , , , , , , , , , , , , , , , , , , , , , , , , , , , , , , , , , , , , , , , , , , , , , , , , , , , , , , , , , , , , , , , , , , , , , , , , , , , , , , , , , , , , , , , , , , , , , , , , , , , , , , , , , , , , , , , , , , , , , , , , , , , , , , , , , , , , , , , , , , , , , , , , , , , , , , , , , , , , , , , , , , , , , , , , , , , , , , , , , , , , , , , , , , , , , , , , , , , , , , , , , , , , , , , , , , , , , , , , , , , , , , , , , , , , , , , , , , , , , , , , , , , , , , , , , , , , , , , , , , , , , , , , , , , , 
991311,160204,Haryana,HR-U235,Urban,District name, ,PSU name,Census/UFS PSU number,Address,HH/Flat/Apt number,Door number,GATS-3/179/02,Head name,Head father/spouse name,Observation,Female,1/29/2026 11:33:09 AM,1/29/2026 12:03:03 PM,1/29/2026 12:02:56 PM,1/29/2026 12:16:44 PM,1,45,2,Amina bano,0.839162085,200,1/29/2026 12:02:54 PM,400,1/29/2026 12:16:43 PM,200,1/29/2026 12:02:54 PM,400,1/29/2026 12:16:43 PM, , , , , , , , , , , , , , , , , ,1,5,3,0,1,Amina bano, , , , , , , , , , , , , , , , , , , ,45, , , , , , , , , , , , , , , , , , , , , , , , , , , , , , , , , , , , , , , , , , , , , , , , , , , , , , , , , , , ,2, , , , , , , , , , , , , , , , , , , ,2, , , , , , , , , , , , , , , , , , , ,2, , , , , , , , , , , , , , , , , , , ,2, , , ,1,8,2,3,1980, , , ,2,6,1,2,2,1,1,2,1,2,2,1,2,1,2,1,4,2, ,2,3, ,1,12, ,12, , , , , , , , , , , , , , , , , , , , , , ,1,22, , , , , , , , , , , , , , , , , , , , , , , , , , , , , , , , , , , , , ,2, , , , , , , , , , , , , , , , ,3, ,3, , , , , , , , , , , , , , , , , , , , , , , , , , , , , , , , , , , , , , , , , , , , , , , , , , , , , , , , , , , ,2, ,2, ,2, , , , , , , , , , , , , , , , , , , , , , , , , , , , , , , , , , , , , , , , , , , , , ,1,1,5,2, , , , ,2, ,1,2,2, , ,2, ,1,2,2, ,2, ,2, ,1,1, , , , , , , , , , , , , , , , , , , , , , , , , , , , , , ,2,2,2,2,2,2,2,2,2,2, , ,2,2,2,2,2,2,2,2,2,2,2, , ,2, , , , , , ,2,2,2,2,2,2,2,2,2,2,2,2,2,2, ,2,2,2,2,2,2,2,2,2,2,2,2, ,2,2,2,2,2,2,2,2,2,2,2,2,2,2,2,2,2,2,2,2,2,2,1,1,1,1,1,1,1,-7,1,1,1,1,2, , ,2,good response,45
991312,160204,Haryana,HR-U980,Urban,District name, ,PSU name,Census/UFS PSU number,Address,HH/Flat/Apt number,Door number,GATS-3/279/09,Head name,Head father/spouse name,Observation,Female,1/29/2026 12:40:29 PM,1/29/2026 12:42:17 PM,1/29/2026 12:42:01 PM,1/29/2026 12:56:24 PM,2,19,2,sumarra fatima,0.397346437,200,1/29/2026 12:41:59 PM,400,1/29/2026 12:56:23 PM,200,1/29/2026 12:41:59 PM,400,1/29/2026 12:56:23 PM, , , , , , , , , , , , , , , , , ,1,4,4, ,2,dilshada bano,sumarra fatima, , , , , , , , , , , , , , , , , , ,40,19, , , , , , , , , , , , , , , , , , , , , , , , , , , , , , , , , , , , , , , , , , , , , , , , , , , , , , , , , , ,2,2, , , , , , , , , , , , , , , , , , ,2,2, , , , , , , , , , , , , , , , , , ,2,2, , , , , , , , , , , , , , , , , , ,2, , , ,1,8,2,12,2006, , , ,5,5,1,1,2,1,1,2,1,2,2,1,1,1,2,1,4,2, ,1,3, ,3, , , , , , , , , , , , , , , , , , , , , , , , , , , , , , , , , , , , , , , , , , , , , , , , , , , , , , , , , , , , , , , , ,2, , , , , , , , , , , , , , , , ,3, ,3, , , , , , , , , , , , , , , , , , , , , , , , , , , , , , , , , , , , , , , , , , , , , , , , , , , , , , , , , , , ,2, ,2, ,2, , , , , , , , , , , , , , , , , , , , , , , , , , , , , , , , , , , , , , , , , , , , , ,1,2,2,1,1, ,4,2,1,2,2, ,1,2,2,2, ,1,2,2, ,1,2,2, ,1,1, , , , , , , , , , , , , , , , , , , , , , , , , , , , , , ,2,1,2,2,2,1,2,2,2,2, , ,1,2,1,2,2,2,1,2,2,2,2, , ,1, , , , , , ,2,2,2,1,2,2,2,2,2,1,2,2,2,2, ,2,2,2,2,2,2,2,2,2,2,2,2, ,2,2,2,2,2,2,2,2,2,2,2,2,2,2,2,2,2,2,2,2,2,2,1,1,-7,1,1,2,-7,-7,1,1,1,1,2, , ,2,good response,19
991313,160204,Haryana,HR-U404,Urban,District name, ,PSU name,Census/UFS PSU number,Address,HH/Flat/Apt number,Door number,GATS-3/253/09,Head name,Head father/spouse name,Observation,Female,1/29/2026 1:55:52 PM,1/29/2026 2:00:11 PM,1/29/2026 2:00:01 PM,1/29/2026 2:14:32 PM,1,60,2,sakina bano,0.572151345,200,1/29/2026 1:59:58 PM,400,1/29/2026 2:14:08 PM,200,1/29/2026 1:59:58 PM,400,1/29/2026 2:14:08 PM, , , , , , , , , , , , , , , , , ,1,6,4,1,2,sakina bano,nisar fatima, , , , , , , , , , , , , , , , , , ,60,31, , , , , , , , , , , , , , , , , , , , , , , , , , , , , , , , , , , , , , , , , , , , , , , , , , , , , , , , , , ,2,2, , , , , , , , , , , , , , , , , , ,1,2, , , , , , , , , , , , , , , , , , ,2,2, , , , , , , , , , , , , , , , , , ,2, , , ,1,8,2,2,1965, , , ,1,6,1,1,2,1,2,2,1,2,2,1,2,1,2,1,4,2, ,5,1, , ,12, ,12, ,0, ,0, ,0, ,0, ,6, ,0, , ,4, , , , , , , , , , , , , , , , , , , , , , , , , , , , , , , , , , , , , , ,2, ,4,0,1, ,2,1,2, , , , , , , , , , , , , , , , ,3, ,3, , , , , , , , , , , , , , , , , , , , , , , , , , , , , , , , , , , , , , , , , , , , , , , , , , , , , , , , , , , ,2, ,2, ,2, ,2, , , , , , , , , , , , , , , , ,1,3,2, ,4, , , , , , , , , , , , , , , , , , , , , , ,1,2,1,2, , , , ,2, ,1,2,2, , ,2, ,1,2,2, ,2, ,2, ,2,2, , , , , , , , , , , , , , , , , , , , , , , , , , , , , , ,2,1,2,2,2,2,2,2,2,2, ,2,2,2,2,2,2,2,2,2,2,2,2, , ,2,2, , , , , ,2,2,2,2,2,2,2,2,2,2,2,2,2,2, ,2,2,2,2,2,2,2,2,2,2,2,2, ,2,2,2,2,2,2,2,2,2,2,2,2,2,2,2,2,2,2,2,2,2,2,1,1,1,1,1,-7,-7,2,1,1,1,1,1,3, , ,good,60
991314,160204,Haryana,HR-U809,Urban,District name, ,PSU name,Census/UFS PSU number,Address,HH/Flat/Apt number,Door number,GATS-3/063/03,Head name,Head father/spouse name,Observation,Female,1/29/2026 2:39:12 PM,1/29/2026 9:44:59 PM,1/29/2026 2:41:46 PM,1/29/2026 9:45:09 PM,1,50,2,kulsuma,0.305094779,200,1/29/2026 2:41:42 PM,309,1/29/2026 2:43:00 PM,200,1/29/2026 2:41:42 PM,309,1/29/2026 2:43:00 PM, , , , , , , , , , , , , , , , ,33.98418 74.75253 1626.0 10.8,1,5,5, ,1,kulsuma, , , , , , , , , , , , , , , , , , , ,50, , , , , , , , , , , , , , , , , , , , , , , , , , , , , , , , , , , , , , , , , , , , , , , , , , , , , , , , , , , ,2, , , , , , , , , , , , , , , , , , , ,2, , , , , , , , , , , , , , , , , , , ,2, , , , , , , , , , , , , , , , , , , ,2, , , , , , , , , , , , , , , , , , , , , , , , , , , , , , , , , , , , , , , , , , , , , , , , , , , , , , , , , , , , , , , , , , , , , , , , , , , , , , , , , , , , , , , , , , , , , , , , , , , , , , , , , , , , , , , , , , , , , , , , , , , , , , , , , , , , , , , , , , , , , , , , , , , , , , , , , , , , , , , , , , , , , , , , , , , , , , , , , , , , , , , , , , , , , , , , , , , , , , , , , , , , , , , , , , , , , , , , , , , , , , , , , , , , , , , , , , , , , , , , , , , , , , , , , , , , , , , , , , , , , , , , , , , , , , , , , , , , , , , , , , , , , , , , , , , , , , , , , , , , , , , , , , , , , , , , , , , , , , , , , , , , , , , , , , , , , , , , , , , , , , , , , , , , , , , , , , , , , , , , , , , , , , , , , , , , , , , , , , , , , , , , 
991315,160204,Haryana,HR-U256,Urban,District name, ,PSU name,Census/UFS PSU number,Address,HH/Flat/Apt number,Door number,GATS-3/012/05,Head name,Head father/spouse name,Observation,Female,1/29/2026 2:53:19 PM,1/29/2026 2:55:24 PM,1/29/2026 2:55:10 PM,1/29/2026 3:14:35 PM,2,30,2,darukshan,0.065328158,200,1/29/2026 2:55:07 PM,400,1/29/2026 3:14:24 PM,200,1/29/2026 2:55:07 PM,400,1/29/2026 3:14:24 PM, , , , , , , , , , , , , , , , , ,1,4,3,1,2,nisara bano,darukshan, , , , , , , , , , , , , , , , , , ,60,30, , , , , , , , , , , , , , , , , , , , , , , , , , , , , , , , , , , , , , , , , , , , , , , , , , , , , , , , , , ,2,2, , , , , , , , , , , , , , , , , , ,2,2, , , , , , , , , , , , , , , , , , ,2,2, , , , , , , , , , , , , , , , , , ,2,33.98456833333333 74.75280333333333 1632.8 12.2, , ,1,8,2,3,1995, , , ,6,6,1,1,2,1,1,2,1,2,2,1,2,1,2,1,4,2, ,2,3, ,3, , , , , , , , , , , , , , , , , , , , , , , , , , , , , , , , , , , , , , , , , , , , , , , , , , , , , , , , , , , , , , , , ,1,3,2, , , , , , , , , , , , , ,-7,3, ,3, , , , , , , , , , , , , , , , , , , , , , , , , , , , , , , , , , , , , , , , , , , , , , , , , , , , , , , , , , , ,2, ,2, ,2, , , , , , , , , , , , , , , , , , , , , , , , , , , , , , , , , , , , , , , , , , , , , ,1,1,2,2, , , , ,2, ,2, ,2, , ,2, ,1,2,2, ,2, ,2, ,1,1, , , , , , , , , , , , , , , , , , , , , , , , , , , , , , ,2,2,2,2,2,1,2,2,2,2, , ,1,2,2,2,2,2,1,2,2,2,2, , ,2, , , , , , ,2,2,2,2,2,2,2,2,2,1,2,2,2,2, ,2,2,2,2,2,2,2,2,2,2,2,2, ,2,2,2,2,2,2,2,2,2,2,2,2,2,2,2,2,2,2,2,2,2,2,2,-7,1,1,1,-7,2,2,1,1,1,1,1, , ,2,good,30
991316,160204,Haryana,HR-R019,Rural,District name,Sub-district name,PSU name,Census/UFS PSU number,Address,HH/Flat/Apt number,Door number,GATS-3/229/01,Head name,Head father/spouse name,Observation,Female,1/30/2026 11:40:38 AM,1/30/2026 1:10:59 PM,1/30/2026 11:45:57 AM,1/30/2026 1:32:46 PM,4,32,2,heemna zainub,0.004951834,200,1/30/2026 11:44:55 AM,400,1/30/2026 1:32:45 PM,200,1/30/2026 11:44:55 AM,400,1/30/2026 1:32:45 PM, , ,309,1/30/2026 11:48:00 AM, , , , , , , , , , , , ,33.9850305 74.7521253 1607.0 32.099,1,11,7,3,4,jameela,Fatima bano,tufaila,heemna zainub, , , , , , , , , , , , , , , , ,95,54,34,32, , , , , , , , , , , , , , , , , , , , , , , , , , , , , , , , , , , , , , , , , , , , , , , , , , , , , , , , ,2,2,2,2, , , , , , , , , , , , , , , , ,2,2,2,2, , , , , , , , , , , , , , , , ,2,2,2,2, , , , , , , , , , , , , , , , ,2,33.9844292 74.7519741 1610.4000244140625 28.605, , ,1,8,2,9,1993, , , ,8,6,1,1,2,1,1,2,1,1,2,1,1,1,1,1,4,2, ,2,3, ,3, , , , , , , , , , , , , , , , , , , , , , , , , , , , , , , , , , , , , , , , , , , , , , , , , , , , , , , , , , , , , , , , ,1,3,2, , , , , , , , , , , , , ,2,3, ,3, , , , , , , , , , , , , , , , , , , , , , , , , , , , , , , , , , , , , , , , , , , , , , , , , , , , , , , , , , , ,2, ,2, ,2, , , , , , , , , , , , , , , , , , , , , , , , , , , , , , , , , , , , , , , , , , , , , ,3, , ,2, , , , ,2, ,1,2,2, , ,2, ,1,2,2, ,2, ,2, ,1,1, , , , , , , , , , , , , , , , , , , , , , , , , , , , , , ,2,2,2,2,2,1,2,2,2,2, , ,1,2,2,2,2,2,2,2,2,2,2, , ,1, , , , , , ,2,2,2,2,2,2,2,2,2,2,2,2,2,2, ,2,2,2,2,2,2,2,2,2,2,2,2, ,-7,-7,-7,-7,-7,2,2,2,-7,-7,-7,-7,2,2,2,2,2,2,2,2,2,2,1,1,1,1,1,1,1,-7,1,1,1,1,-7, , ,2,good response,32
991317,160204,Haryana,HR-R708,Rural,District name,Sub-district name,PSU name,Census/UFS PSU number,Address,HH/Flat/Apt number,Door number,GATS-3/272/06,Head name,Head father/spouse name,Observation,Female,1/30/2026 11:55:32 AM,1/30/2026 12:00:56 PM,1/30/2026 12:00:29 PM,1/30/2026 12:19:05 PM,4,28,2,sakina,0.05425054,200,1/30/2026 12:00:26 PM,400,1/30/2026 12:19:03 PM,200,1/30/2026 12:00:26 PM,400,1/30/2026 12:19:03 PM, , , , , , , , , , , , , , , , ,33.9849496 74.7521605 1607.0 32.747,1,8,8, ,4,zainub,fiza,gazire,sakina, , , , , , , , , , , , , , , , ,80,60,55,28, , , , , , , , , , , , , , , , , , , , , , , , , , , , , , , , , , , , , , , , , , , , , , , , , , , , , , , , ,2,2,2,2, , , , , , , , , , , , , , , , ,2,2,2,2, , , , , , , , , , , , , , , , ,2,2,2,2, , , , , , , , , , , , , , , , ,2,33.9849496 74.7521605 1607.0 100.0, , ,1,8,2,5,1997, , , ,7,6,1,1,2,1,1,2,1,1,2,1,2,1,2,1,4,2, ,2,3, ,3, , , , , , , , , , , , , , , , , , , , , , , , , , , , , , , , , , , , , , , , , , , , , , , , , , , , , , , , , , , , , , , , ,2, , , , , , , , , , , , , , , , ,3, ,3, , , , , , , , , , , , , , , , , , , , , , , , , , , , , , , , , , , , , , , , , , , , , , , , , , , , , , , , , , , ,2, ,2, ,2, , , , , , , , , , , , , , , , , , , , , , , , , , , , , , , , , , , , , , , , , , , , , ,1,2,1,2, , , , ,1,1,1,1,2, , ,2, ,1,2,2, ,2, ,2, ,1,1, , , , , , , , , , , , , , , , , , , , , , , , , , , , , , ,2,1,2,2,2,1,2,2,2,2, , ,1,2,2,2,2,2,2,2,2,2,2, , ,2, , , , , , ,2,2,2,2,2,2,2,2,2,2,2,2,2,2, ,2,2,2,2,2,2,2,1,2,2,2,2, ,2,2,2,2,2,2,2,2,2,2,2,2,2,2,2,2,2,2,2,2,2,2,1,1,1,1,1,1,1,-7,1,-7,1,1,2, , ,1,good response,28
991318,160204,Haryana,HR-R991,Rural,District name,Sub-district name,PSU name,Census/UFS PSU number,Address,HH/Flat/Apt number,Door number,GATS-3/137/03,Head name,Head father/spouse name,Observation,Female,1/30/2026 12:37:08 PM,1/31/2026 10:40:11 AM,1/30/2026 12:39:55 PM,1/31/2026 10:40:15 AM,2,22,2,Bismillah,0.457584435,200,1/30/2026 12:39:38 PM,309,1/30/2026 12:41:00 PM,200,1/30/2026 12:39:38 PM,309,1/30/2026 12:41:00 PM, , , , , , , , , , , , , , , , ,33.984431666666666 74.75197 1591.6 6.9,1,6,5,1,2,hajira,Bismillah, , , , , , , , , , , , , , , , , , ,55,22, , , , , , , , , , , , , , , , , , , , , , , , , , , , , , , , , , , , , , , , , , , , , , , , , , , , , , , , , , ,2,2, , , , , , , , , , , , , , , , , , ,2,2, , , , , , , , , , , , , , , , , , ,2,2, , , , , , , , , , , , , , , , , , , , , , , , , , , , , , , , , , , , , , , , , , , , , , , , , , , , , , , , , , , , , , , , , , , , , , , , , , , , , , , , , , , , , , , , , , , , , , , , , , , , , , , , , , , , , , , , , , , , , , , , , , , , , , , , , , , , , , , , , , , , , , , , , , , , , , , , , , , , , , , , , , , , , , , , , , , , , , , , , , , , , , , , , , , , , , , , , , , , , , , , , , , , , , , , , , , , , , , , , , , , , , , , , , , , , , , , , , , , , , , , , , , , , , , , , , , , , , , , , , , , , , , , , , , , , , , , , , , , , , , , , , , , , , , , , , , , , , , , , , , , , , , , , , , , , , , , , , , , , , , , , , , , , , , , , , , , , , , , , , , , , , , , , , , , , , , , , , , , , , , , , , , , , , , , , , , , , , , , , , , , , , , , , , , , , , , , , , , , , , , , , , , 
991319,160204,Haryana,HR-U177,Urban,District name, ,PSU name,Census/UFS PSU number,Address,HH/Flat/Apt number,Door number,GATS-3/235/05,Head name,Head father/spouse name,Observation,Female,1/30/2026 2:42:39 PM,1/30/2026 2:46:06 PM,1/30/2026 2:46:00 PM,1/30/2026 3:06:33 PM,2,30,2,ulfat shabir,0.38048723,200,1/30/2026 2:45:58 PM,400,1/30/2026 3:06:32 PM,200,1/30/2026 2:45:58 PM,400,1/30/2026 3:06:32 PM, , , , , , , , , , , , , , , , ,33.983465 74.75551833333334 1602.2 8.4,1,5,4,1,2,Gulshan,ulfat shabir, , , , , , , , , , , , , , , , , , ,55,30, , , , , , , , , , , , , , , , , , , , , , , , , , , , , , , , , , , , , , , , , , , , , , , , , , , , , , , , , , ,2,2, , , , , , , , , , , , , , , , , , ,1,2, , , , , , , , , , , , , , , , , , ,2,2, , , , , , , , , , , , , , , , , , ,2,33.98361166666667 74.75531833333334 1602.2 15.0, , ,1,8,2,3,1995, , , ,4,6,1,1,2,1,1,2,1,1,2,1,2,1,2,1,4,2, ,2,3, ,3, , , , , , , , , , , , , , , , , , , , , , , , , , , , , , , , , , , , , , , , , , , , , , , , , , , , , , , , , , , , , , , , ,2, , , , , , , , , , , , , , , , ,3, ,3, , , , , , , , , , , , , , , , , , , , , , , , , , , , , , , , , , , , , , , , , , , , , , , , , , , , , , , , , , , ,2, ,2, ,2, , , , , , , , , , , , , , , , , , , , , , , , , , , , , , , , , , , , , , , , , , , , , ,3, , ,2, , , , ,2, ,1,2,2, , ,2, ,2, ,2, ,2, ,2, ,1,1, , , , , , , , , , , , , , , , , , , , , , , , , , , , , , ,2,2,2,2,2,2,2,2,2,2, , ,2,2,2,2,2,2,2,2,2,2,2, , ,2, , , , , , ,2,2,2,2,2,2,2,2,2,2,2,2,2,2, ,2,2,2,2,2,2,2,2,2,2,2,2, ,2,2,2,2,2,2,2,2,2,2,2,2,2,2,2,2,2,2,2,2,2,2,1,1,1,1,1,1,1,-7,1,1,1,1,1, , ,1,good response,30
991320,160204,Haryana,HR-R468,Rural,District name,Sub-district name,PSU name,Census/UFS PSU number,Address,HH/Flat/Apt number,Door number,GATS-3/294/01,Head name,Head father/spouse name,Observation,Female,1/30/2026 3:06:44 PM,1/30/2026 3:11:54 PM,1/30/2026 3:10:46 PM,1/30/2026 3:29:06 PM,2,31,2,anisa anjum,0.494561897,200,1/30/2026 3:10:44 PM,400,1/30/2026 3:29:04 PM,200,1/30/2026 3:10:44 PM,400,1/30/2026 3:29:04 PM, , , , , , , , , , , , , , , , ,33.98335833333333 74.75735333333334 1611.0 16.1,1,6,5,1,2,rukaya,anisa anjum, , , , , , , , , , , , , , , , , , ,58,31, , , , , , , , , , , , , , , , , , , , , , , , , , , , , , , , , , , , , , , , , , , , , , , , , , , , , , , , , , ,2,2, , , , , , , , , , , , , , , , , , ,1,2, , , , , , , , , , , , , , , , , , ,2,2, , , , , , , , , , , , , , , , , , ,2,33.9832482 74.7562163 0.0 26.4, , ,1,8,2,6,1994, , , ,8,6,1,1,2,1,1,2,1,1,2,1,2,1,2,1,4,2, ,2,3, ,3, , , , , , , , , , , , , , , , , , , , , , , , , , , , , , , , , , , , , , , , , , , , , , , , , , , , , , , , , , , , , , , , ,1,3,2, , , , , , , , , , , , , ,2,3, ,3, , , , , , , , , , , , , , , , , , , , , , , , , , , , , , , , , , , , , , , , , , , , , , , , , , , , , , , , , , , ,2, ,2, ,2, , , , , , , , , , , , , , , , , , , , , , , , , , , , , , , , , , , , , , , , , , , , , ,1,1,1,2, , , , ,2, ,1,2,2, , ,2, ,2, ,2, ,2, ,2, ,1,1, , , , , , , , , , , , , , , , , , , , , , , , , , , , , , ,2,2,2,2,2,2,2,2,2,2, , ,1,2,2,2,2,2,2,2,2,2,2, , ,2, , , , , , ,2,2,2,2,2,2,2,2,2,2,2,2,2,2, ,2,2,2,2,2,2,2,2,2,2,2,2, ,2,2,2,2,2,2,2,2,2,2,2,2,2,2,2,2,2,2,2,2,2,2,1,1,1,1,1,1,1,-7,1,1,1,1,1, , ,2,good response,31
991321,160204,Haryana,HR-U721,Urban,District name, ,PSU name,Census/UFS PSU number,Address,HH/Flat/Apt number,Door number,GATS-3/087/06,Head name,Head father/spouse name,Observation,Female, , , , , , , , , , , , , , , , , , , , , , , , , , , , , , , , , , , , , , , , , , , , , , , , , , , , , , , , , , , , , , , , , , , , , , , , , , , , , , , , , , , , , , , , , , , , , , , , , , , , , , , , , , , , , , , , , , , , , , , , , , , , , , , , , , , , , , , , , , , , , , , , , , , , , , , , , , , , , , , , , , , , , , , , , , , , , , , , , , , , , , , , , , , , , , , , , , , , , , , , , , , , , , , , , , , , , , , , , , , , , , , , , , , , , , , , , , , , , , , , , , , , , , , , , , , , , , , , , , , , , , , , , , , , , , , , , , , , , , , , , , , , , , , , , , , , , , , , , , , , , , , , , , , , , , , , , , , , , , , , , , , , , , , , , , , , , , , , , , , , , , , , , , , , , , , , , , , , , , , , , , , , , , , , , , , , , , , , , , , , , , , , , , , , , , , , , , , , , , , , , , , , , , , , , , , , , , , , , , , , , , , , , , , , , , , , , , , , , , , , , , , , , , , , , , , , , , , , , , , , , , , , , , , , , , , , , , , , , , , , , , , , , , , , , , , , , , , , , , , , , , , , , , , , , , , , , , , , , , , , , , , , , , , , , , , , , , , , , , , , , , , , , , , , , , , , , , , , , , , , , , , , 
991322,160204,Haryana,HR-R434,Rural,District name,Sub-district name,PSU name,Census/UFS PSU number,Address,HH/Flat/Apt number,Door number,GATS-3/281/04,Head name,Head father/spouse name,Observation,Female, , , , , , , , , , , , , , , , , , , , , , , , , , , , , , , , , , , , , , , , , , , , , , , , , , , , , , , , , , , , , , , , , , , , , , , , , , , , , , , , , , , , , , , , , , , , , , , , , , , , , , , , , , , , , , , , , , , , , , , , , , , , , , , , , , , , , , , , , , , , , , , , , , , , , , , , , , , , , , , , , , , , , , , , , , , , , , , , , , , , , , , , , , , , , , , , , , , , , , , , , , , , , , , , , , , , , , , , , , , , , , , , , , , , , , , , , , , , , , , , , , , , , , , , , , , , , , , , , , , , , , , , , , , , , , , , , , , , , , , , , , , , , , , , , , , , , , , , , , , , , , , , , , , , , , , , , , , , , , , , , , , , , , , , , , , , , , , , , , , , , , , , , , , , , , , , , , , , , , , , , , , , , , , , , , , , , , , , , , , , , , , , , , , , , , , , , , , , , , , , , , , , , , , , , , , , , , , , , , , , , , , , , , , , , , , , , , , , , , , , , , , , , , , , , , , , , , , , , , , , , , , , , , , , , , , , , , , , , , , , , , , , , , , , , , , , , , , , , , , , , , , , , , , , , , , , , , , , , , , , , , , , , , , , , , , , , , , , , , , , , , , , , , , , , , , , , , , , , , , , , , , , 
991323,160204,Haryana,HR-U328,Urban,District name, ,PSU name,Census/UFS PSU number,Address,HH/Flat/Apt number,Door number,GATS-3/121/02,Head name,Head father/spouse name,Observation,Female, , , , , , , , , , , , , , , , , , , , , , , , , , , , , , , , , , , , , , , , , , , , , , , , , , , , , , , , , , , , , , , , , , , , , , , , , , , , , , , , , , , , , , , , , , , , , , , , , , , , , , , , , , , , , , , , , , , , , , , , , , , , , , , , , , , , , , , , , , , , , , , , , , , , , , , , , , , , , , , , , , , , , , , , , , , , , , , , , , , , , , , , , , , , , , , , , , , , , , , , , , , , , , , , , , , , , , , , , , , , , , , , , , , , , , , , , , , , , , , , , , , , , , , , , , , , , , , , , , , , , , , , , , , , , , , , , , , , , , , , , , , , , , , , , , , , , , , , , , , , , , , , , , , , , , , , , , , , , , , , , , , , , , , , , , , , , , , , , , , , , , , , , , , , , , , , , , , , , , , , , , , , , , , , , , , , , , , , , , , , , , , , , , , , , , , , , , , , , , , , , , , , , , , , , , , , , , , , , , , , , , , , , , , , , , , , , , , , , , , , , , , , , , , , , , , , , , , , , , , , , , , , , , , , , , , , , , , , , , , , , , , , , , , , , , , , , , , , , , , , , , , , , , , , , , , , , , , , , , , , , , , , , , , , , , , , , , , , , , , , , , , , , , , , , , , , , , , , , , , , , , , , 
991324,160204,Haryana,HR-U102,Urban,District name, ,PSU name,Census/UFS PSU number,Address,HH/Flat/Apt number,Door number,GATS-3/076/04,Head name,Head father/spouse name,Observation,Female, , , , , , , , , , , , , , , , , , , , , , , , , , , , , , , , , , , , , , , , , , , , , , , , , , , , , , , , , , , , , , , , , , , , , , , , , , , , , , , , , , , , , , , , , , , , , , , , , , , , , , , , , , , , , , , , , , , , , , , , , , , , , , , , , , , , , , , , , , , , , , , , , , , , , , , , , , , , , , , , , , , , , , , , , , , , , , , , , , , , , , , , , , , , , , , , , , , , , , , , , , , , , , , , , , , , , , , , , , , , , , , , , , , , , , , , , , , , , , , , , , , , , , , , , , , , , , , , , , , , , , , , , , , , , , , , , , , , , , , , , , , , , , , , , , , , , , , , , , , , , , , , , , , , , , , , , , , , , , , , , , , , , , , , , , , , , , , , , , , , , , , , , , , , , , , , , , , , , , , , , , , , , , , , , , , , , , , , , , , , , , , , , , , , , , , , , , , , , , , , , , , , , , , , , , , , , , , , , , , , , , , , , , , , , , , , , , , , , , , , , , , , , , , , , , , , , , , , , , , , , , , , , , , , , , , , , , , , , , , , , , , , , , , , , , , , , , , , , , , , , , , , , , , , , , , , , , , , , , , , , , , , , , , , , , , , , , , , , , , , , , , , , , , , , , , , , , , , , , , , , , , , 
991325,160204,Haryana,HR-R552,Rural,District name,Sub-district name,PSU name,Census/UFS PSU number,Address,HH/Flat/Apt number,Door number,GATS-3/180/01,Head name,Head father/spouse name,Observation,Female, , , , , , , , , , , , , , , , , , , , , , , , , , , , , , , , , , , , , , , , , , , , , , , , , , , , , , , , , , , , , , , , , , , , , , , , , , , , , , , , , , , , , , , , , , , , , , , , , , , , , , , , , , , , , , , , , , , , , , , , , , , , , , , , , , , , , , , , , , , , , , , , , , , , , , , , , , , , , , , , , , , , , , , , , , , , , , , , , , , , , , , , , , , , , , , , , , , , , , , , , , , , , , , , , , , , , , , , , , , , , , , , , , , , , , , , , , , , , , , , , , , , , , , , , , , , , , , , , , , , , , , , , , , , , , , , , , , , , , , , , , , , , , , , , , , , , , , , , , , , , , , , , , , , , , , , , , , , , , , , , , , , , , , , , , , , , , , , , , , , , , , , , , , , , , , , , , , , , , , , , , , , , , , , , , , , , , , , , , , , , , , , , , , , , , , , , , , , , , , , , , , , , , , , , , , , , , , , , , , , , , , , , , , , , , , , , , , , , , , , , , , , , , , , , , , , , , , , , , , , , , , , , , , , , , , , , , , , , , , , , , , , , , , , , , , , , , , , , , , , , , , , , , , , , , , , , , , , , , , , , , , , , , , , , , , , , , , , , , , , , , , , , , , , , , , , , , , , , , , , , , , , 
991326,160204,Haryana,HR-R390,Rural,District name,Sub-district name,PSU name,Census/UFS PSU number,Address,HH/Flat/Apt number,Door number,GATS-3/232/09,Head name,Head father/spouse name,Observation,Female, , , , , , , , , , , , , , , , , , , , , , , , , , , , , , , , , , , , , , , , , , , , , , , , , , , , , , , , , , , , , , , , , , , , , , , , , , , , , , , , , , , , , , , , , , , , , , , , , , , , , , , , , , , , , , , , , , , , , , , , , , , , , , , , , , , , , , , , , , , , , , , , , , , , , , , , , , , , , , , , , , , , , , , , , , , , , , , , , , , , , , , , , , , , , , , , , , , , , , , , , , , , , , , , , , , , , , , , , , , , , , , , , , , , , , , , , , , , , , , , , , , , , , , , , , , , , , , , , , , , , , , , , , , , , , , , , , , , , , , , , , , , , , , , , , , , , , , , , , , , , , , , , , , , , , , , , , , , , , , , , , , , , , , , , , , , , , , , , , , , , , , , , , , , , , , , , , , , , , , , , , , , , , , , , , , , , , , , , , , , , , , , , , , , , , , , , , , , , , , , , , , , , , , , , , , , , , , , , , , , , , , , , , , , , , , , , , , , , , , , , , , , , , , , , , , , , , , , , , , , , , , , , , , , , , , , , , , , , , , , , , , , , , , , , , , , , , , , , , , , , , , , , , , , , , , , , , , , , , , , , , , , , , , , , , , , , , , , , , , , , , , , , , , , , , , , , , , , , , , , , , , , 
991327,160204,Haryana,HR-R864,Rural,District name,Sub-district name,PSU name,Census/UFS PSU number,Address,HH/Flat/Apt number,Door number,GATS-3/120/07,Head name,Head father/spouse name,Observation,Female, , , , , , , , , , , , , , , , , , , , , , , , , , , , , , , , , , , , , , , , , , , , , , , , , , , , , , , , , , , , , , , , , , , , , , , , , , , , , , , , , , , , , , , , , , , , , , , , , , , , , , , , , , , , , , , , , , , , , , , , , , , , , , , , , , , , , , , , , , , , , , , , , , , , , , , , , , , , , , , , , , , , , , , , , , , , , , , , , , , , , , , , , , , , , , , , , , , , , , , , , , , , , , , , , , , , , , , , , , , , , , , , , , , , , , , , , , , , , , , , , , , , , , , , , , , , , , , , , , , , , , , , , , , , , , , , , , , , , , , , , , , , , , , , , , , , , , , , , , , , , , , , , , , , , , , , , , , , , , , , , , , , , , , , , , , , , , , , , , , , , , , , , , , , , , , , , , , , , , , , , , , , , , , , , , , , , , , , , , , , , , , , , , , , , , , , , , , , , , , , , , , , , , , , , , , , , , , , , , , , , , , , , , , , , , , , , , , , , , , , , , , , , , , , , , , , , , , , , , , , , , , , , , , , , , , , , , , , , , , , , , , , , , , , , , , , , , , , , , , , , , , , , , , , , , , , , , , , , , , , , , , , , , , , , , , , , , , , , , , , , , , , , , , , , , , , , , , , , , , , , , , , 
991328,160204,Haryana,HR-R118,Rural,District name,Sub-district name,PSU name,Census/UFS PSU number,Address,HH/Flat/Apt number,Door number,GATS-3/103/06,Head name,Head father/spouse name,Observation,Female, , , , , , , , , , , , , , , , , , , , , , , , , , , , , , , , , , , , , , , , , , , , , , , , , , , , , , , , , , , , , , , , , , , , , , , , , , , , , , , , , , , , , , , , , , , , , , , , , , , , , , , , , , , , , , , , , , , , , , , , , , , , , , , , , , , , , , , , , , , , , , , , , , , , , , , , , , , , , , , , , , , , , , , , , , , , , , , , , , , , , , , , , , , , , , , , , , , , , , , , , , , , , , , , , , , , , , , , , , , , , , , , , , , , , , , , , , , , , , , , , , , , , , , , , , , , , , , , , , , , , , , , , , , , , , , , , , , , , , , , , , , , , , , , , , , , , , , , , , , , , , , , , , , , , , , , , , , , , , , , , , , , , , , , , , , , , , , , , , , , , , , , , , , , , , , , , , , , , , , , , , , , , , , , , , , , , , , , , , , , , , , , , , , , , , , , , , , , , , , , , , , , , , , , , , , , , , , , , , , , , , , , , , , , , , , , , , , , , , , , , , , , , , , , , , , , , , , , , , , , , , , , , , , , , , , , , , , , , , , , , , , , , , , , , , , , , , , , , , , , , , , , , , , , , , , , , , , , , , , , , , , , , , , , , , , , , , , , , , , , , , , , , , , , , , , , , , , , , , , , , , , , 
991329,160204,Haryana,HR-U847,Urban,District name, ,PSU name,Census/UFS PSU number,Address,HH/Flat/Apt number,Door number,GATS-3/035/05,Head name,Head father/spouse name,Observation,Female, , , , , , , , , , , , , , , , , , , , , , , , , , , , , , , , , , , , , , , , , , , , , , , , , , , , , , , , , , , , , , , , , , , , , , , , , , , , , , , , , , , , , , , , , , , , , , , , , , , , , , , , , , , , , , , , , , , , , , , , , , , , , , , , , , , , , , , , , , , , , , , , , , , , , , , , , , , , , , , , , , , , , , , , , , , , , , , , , , , , , , , , , , , , , , , , , , , , , , , , , , , , , , , , , , , , , , , , , , , , , , , , , , , , , , , , , , , , , , , , , , , , , , , , , , , , , , , , , , , , , , , , , , , , , , , , , , , , , , , , , , , , , , , , , , , , , , , , , , , , , , , , , , , , , , , , , , , , , , , , , , , , , , , , , , , , , , , , , , , , , , , , , , , , , , , , , , , , , , , , , , , , , , , , , , , , , , , , , , , , , , , , , , , , , , , , , , , , , , , , , , , , , , , , , , , , , , , , , , , , , , , , , , , , , , , , , , , , , , , , , , , , , , , , , , , , , , , , , , , , , , , , , , , , , , , , , , , , , , , , , , , , , , , , , , , , , , , , , , , , , , , , , , , , , , , , , , , , , , , , , , , , , , , , , , , , , , , , , , , , , , , , , , , , , , , , , , , , , , , , , , , , 
991330,160204,Haryana,HR-U740,Urban,District name, ,PSU name,Census/UFS PSU number,Address,HH/Flat/Apt number,Door number,GATS-3/161/03,Head name,Head father/spouse name,Observation,Female, , , , , , , , , , , , , , , , , , , , , , , , , , , , , , , , , , , , , , , , , , , , , , , , , , , , , , , , , , , , , , , , , , , , , , , , , , , , , , , , , , , , , , , , , , , , , , , , , , , , , , , , , , , , , , , , , , , , , , , , , , , , , , , , , , , , , , , , , , , , , , , , , , , , , , , , , , , , , , , , , , , , , , , , , , , , , , , , , , , , , , , , , , , , , , , , , , , , , , , , , , , , , , , , , , , , , , , , , , , , , , , , , , , , , , , , , , , , , , , , , , , , , , , , , , , , , , , , , , , , , , , , , , , , , , , , , , , , , , , , , , , , , , , , , , , , , , , , , , , , , , , , , , , , , , , , , , , , , , , , , , , , , , , , , , , , , , , , , , , , , , , , , , , , , , , , , , , , , , , , , , , , , , , , , , , , , , , , , , , , , , , , , , , , , , , , , , , , , , , , , , , , , , , , , , , , , , , , , , , , , , , , , , , , , , , , , , , , , , , , , , , , , , , , , , , , , , , , , , , , , , , , , , , , , , , , , , , , , , , , , , , , , , , , , , , , , , , , , , , , , , , , , , , , , , , , , , , , , , , , , , , , , , , , , , , , , , , , , , , , , , , , , , , , , , , , , , , , , , , , , , , , 
991331,160204,Haryana,HR-U030,Urban,District name, ,PSU name,Census/UFS PSU number,Address,HH/Flat/Apt number,Door number,GATS-3/265/02,Head name,Head father/spouse name,Observation,Female, , , , , , , , , , , , , , , , , , , , , , , , , , , , , , , , , , , , , , , , , , , , , , , , , , , , , , , , , , , , , , , , , , , , , , , , , , , , , , , , , , , , , , , , , , , , , , , , , , , , , , , , , , , , , , , , , , , , , , , , , , , , , , , , , , , , , , , , , , , , , , , , , , , , , , , , , , , , , , , , , , , , , , , , , , , , , , , , , , , , , , , , , , , , , , , , , , , , , , , , , , , , , , , , , , , , , , , , , , , , , , , , , , , , , , , , , , , , , , , , , , , , , , , , , , , , , , , , , , , , , , , , , , , , , , , , , , , , , , , , , , , , , , , , , , , , , , , , , , , , , , , , , , , , , , , , , , , , , , , , , , , , , , , , , , , , , , , , , , , , , , , , , , , , , , , , , , , , , , , , , , , , , , , , , , , , , , , , , , , , , , , , , , , , , , , , , , , , , , , , , , , , , , , , , , , , , , , , , , , , , , , , , , , , , , , , , , , , , , , , , , , , , , , , , , , , , , , , , , , , , , , , , , , , , , , , , , , , , , , , , , , , , , , , , , , , , , , , , , , , , , , , , , , , , , , , , , , , , , , , , , , , , , , , , , , , , , , , , , , , , , , , , , , , , , , , , , , , , , , , , , , , 
991332,160204,Haryana,HR-U120,Urban,District name, ,PSU name,Census/UFS PSU number,Address,HH/Flat/Apt number,Door number,GATS-3/224/01,Head name,Head father/spouse name,Observation,Female, , , , , , , , , , , , , , , , , , , , , , , , , , , , , , , , , , , , , , , , , , , , , , , , , , , , , , , , , , , , , , , , , , , , , , , , , , , , , , , , , , , , , , , , , , , , , , , , , , , , , , , , , , , , , , , , , , , , , , , , , , , , , , , , , , , , , , , , , , , , , , , , , , , , , , , , , , , , , , , , , , , , , , , , , , , , , , , , , , , , , , , , , , , , , , , , , , , , , , , , , , , , , , , , , , , , , , , , , , , , , , , , , , , , , , , , , , , , , , , , , , , , , , , , , , , , , , , , , , , , , , , , , , , , , , , , , , , , , , , , , , , , , , , , , , , , , , , , , , , , , , , , , , , , , , , , , , , , , , , , , , , , , , , , , , , , , , , , , , , , , , , , , , , , , , , , , , , , , , , , , , , , , , , , , , , , , , , , , , , , , , , , , , , , , , , , , , , , , , , , , , , , , , , , , , , , , , , , , , , , , , , , , , , , , , , , , , , , , , , , , , , , , , , , , , , , , , , , , , , , , , , , , , , , , , , , , , , , , , , , , , , , , , , , , , , , , , , , , , , , , , , , , , , , , , , , , , , , , , , , , , , , , , , , , , , , , , , , , , , , , , , , , , , , , , , , , , , , , , , , , , , , 
991333,160204,Haryana,HR-U174,Urban,District name, ,PSU name,Census/UFS PSU number,Address,HH/Flat/Apt number,Door number,GATS-3/181/07,Head name,Head father/spouse name,Observation,Female, , , , , , , , , , , , , , , , , , , , , , , , , , , , , , , , , , , , , , , , , , , , , , , , , , , , , , , , , , , , , , , , , , , , , , , , , , , , , , , , , , , , , , , , , , , , , , , , , , , , , , , , , , , , , , , , , , , , , , , , , , , , , , , , , , , , , , , , , , , , , , , , , , , , , , , , , , , , , , , , , , , , , , , , , , , , , , , , , , , , , , , , , , , , , , , , , , , , , , , , , , , , , , , , , , , , , , , , , , , , , , , , , , , , , , , , , , , , , , , , , , , , , , , , , , , , , , , , , , , , , , , , , , , , , , , , , , , , , , , , , , , , , , , , , , , , , , , , , , , , , , , , , , , , , , , , , , , , , , , , , , , , , , , , , , , , , , , , , , , , , , , , , , , , , , , , , , , , , , , , , , , , , , , , , , , , , , , , , , , , , , , , , , , , , , , , , , , , , , , , , , , , , , , , , , , , , , , , , , , , , , , , , , , , , , , , , , , , , , , , , , , , , , , , , , , , , , , , , , , , , , , , , , , , , , , , , , , , , , , , , , , , , , , , , , , , , , , , , , , , , , , , , , , , , , , , , , , , , , , , , , , , , , , , , , , , , , , , , , , , , , , , , , , , , , , , , , , , , , , , , , , , 
991334,160204,Haryana,HR-R259,Rural,District name,Sub-district name,PSU name,Census/UFS PSU number,Address,HH/Flat/Apt number,Door number,GATS-3/046/07,Head name,Head father/spouse name,Observation,Female, , , , , , , , , , , , , , , , , , , , , , , , , , , , , , , , , , , , , , , , , , , , , , , , , , , , , , , , , , , , , , , , , , , , , , , , , , , , , , , , , , , , , , , , , , , , , , , , , , , , , , , , , , , , , , , , , , , , , , , , , , , , , , , , , , , , , , , , , , , , , , , , , , , , , , , , , , , , , , , , , , , , , , , , , , , , , , , , , , , , , , , , , , , , , , , , , , , , , , , , , , , , , , , , , , , , , , , , , , , , , , , , , , , , , , , , , , , , , , , , , , , , , , , , , , , , , , , , , , , , , , , , , , , , , , , , , , , , , , , , , , , , , , , , , , , , , , , , , , , , , , , , , , , , , , , , , , , , , , , , , , , , , , , , , , , , , , , , , , , , , , , , , , , , , , , , , , , , , , , , , , , , , , , , , , , , , , , , , , , , , , , , , , , , , , , , , , , , , , , , , , , , , , , , , , , , , , , , , , , , , , , , , , , , , , , , , , , , , , , , , , , , , , , , , , , , , , , , , , , , , , , , , , , , , , , , , , , , , , , , , , , , , , , , , , , , , , , , , , , , , , , , , , , , , , , , , , , , , , , , , , , , , , , , , , , , , , , , , , , , , , , , , , , , , , , , , , , , , , , , , , , , 
991335,160204,Haryana,HR-U560,Urban,District name, ,PSU name,Census/UFS PSU number,Address,HH/Flat/Apt number,Door number,GATS-3/194/02,Head name,Head father/spouse name,Observation,Female, , , , , , , , , , , , , , , , , , , , , , , , , , , , , , , , , , , , , , , , , , , , , , , , , , , , , , , , , , , , , , , , , , , , , , , , , , , , , , , , , , , , , , , , , , , , , , , , , , , , , , , , , , , , , , , , , , , , , , , , , , , , , , , , , , , , , , , , , , , , , , , , , , , , , , , , , , , , , , , , , , , , , , , , , , , , , , , , , , , , , , , , , , , , , , , , , , , , , , , , , , , , , , , , , , , , , , , , , , , , , , , , , , , , , , , , , , , , , , , , , , , , , , , , , , , , , , , , , , , , , , , , , , , , , , , , , , , , , , , , , , , , , , , , , , , , , , , , , , , , , , , , , , , , , , , , , , , , , , , , , , , , , , , , , , , , , , , , , , , , , , , , , , , , , , , , , , , , , , , , , , , , , , , , , , , , , , , , , , , , , , , , , , , , , , , , , , , , , , , , , , , , , , , , , , , , , , , , , , , , , , , , , , , , , , , , , , , , , , , , , , , , , , , , , , , , , , , , , , , , , , , , , , , , , , , , , , , , , , , , , , , , , , , , , , , , , , , , , , , , , , , , , , , , , , , , , , , , , , , , , , , , , , , , , , , , , , , , , , , , , , , , , , , , , , , , , , , , , , , , , , , , 
991336,160204,Haryana,HR-R483,Rural,District name,Sub-district name,PSU name,Census/UFS PSU number,Address,HH/Flat/Apt number,Door number,GATS-3/115/07,Head name,Head father/spouse name,Observation,Female, , , , , , , , , , , , , , , , , , , , , , , , , , , , , , , , , , , , , , , , , , , , , , , , , , , , , , , , , , , , , , , , , , , , , , , , , , , , , , , , , , , , , , , , , , , , , , , , , , , , , , , , , , , , , , , , , , , , , , , , , , , , , , , , , , , , , , , , , , , , , , , , , , , , , , , , , , , , , , , , , , , , , , , , , , , , , , , , , , , , , , , , , , , , , , , , , , , , , , , , , , , , , , , , , , , , , , , , , , , , , , , , , , , , , , , , , , , , , , , , , , , , , , , , , , , , , , , , , , , , , , , , , , , , , , , , , , , , , , , , , , , , , , , , , , , , , , , , , , , , , , , , , , , , , , , , , , , , , , , , , , , , , , , , , , , , , , , , , , , , , , , , , , , , , , , , , , , , , , , , , , , , , , , , , , , , , , , , , , , , , , , , , , , , , , , , , , , , , , , , , , , , , , , , , , , , , , , , , , , , , , , , , , , , , , , , , , , , , , , , , , , , , , , , , , , , , , , , , , , , , , , , , , , , , , , , , , , , , , , , , , , , , , , , , , , , , , , , , , , , , , , , , , , , , , , , , , , , , , , , , , , , , , , , , , , , , , , , , , , , , , , , , , , , , , , , , , , , , , , , , , , , 
991337,160204,Haryana,HR-R993,Rural,District name,Sub-district name,PSU name,Census/UFS PSU number,Address,HH/Flat/Apt number,Door number,GATS-3/132/04,Head name,Head father/spouse name,Observation,Female, , , , , , , , , , , , , , , , , , , , , , , , , , , , , , , , , , , , , , , , , , , , , , , , , , , , , , , , , , , , , , , , , , , , , , , , , , , , , , , , , , , , , , , , , , , , , , , , , , , , , , , , , , , , , , , , , , , , , , , , , , , , , , , , , , , , , , , , , , , , , , , , , , , , , , , , , , , , , , , , , , , , , , , , , , , , , , , , , , , , , , , , , , , , , , , , , , , , , , , , , , , , , , , , , , , , , , , , , , , , , , , , , , , , , , , , , , , , , , , , , , , , , , , , , , , , , , , , , , , , , , , , , , , , , , , , , , , , , , , , , , , , , , , , , , , , , , , , , , , , , , , , , , , , , , , , , , , , , , , , , , , , , , , , , , , , , , , , , , , , , , , , , , , , , , , , , , , , , , , , , , , , , , , , , , , , , , , , , , , , , , , , , , , , , , , , , , , , , , , , , , , , , , , , , , , , , , , , , , , , , , , , , , , , , , , , , , , , , , , , , , , , , , , , , , , , , , , , , , , , , , , , , , , , , , , , , , , , , , , , , , , , , , , , , , , , , , , , , , , , , , , , , , , , , , , , , , , , , , , , , , , , , , , , , , , , , , , , , , , , , , , , , , , , , , , , , , , , , , , , , , , , 
991338,160204,Haryana,HR-U835,Urban,District name, ,PSU name,Census/UFS PSU number,Address,HH/Flat/Apt number,Door number,GATS-3/100/06,Head name,Head father/spouse name,Observation,Female, , , , , , , , , , , , , , , , , , , , , , , , , , , , , , , , , , , , , , , , , , , , , , , , , , , , , , , , , , , , , , , , , , , , , , , , , , , , , , , , , , , , , , , , , , , , , , , , , , , , , , , , , , , , , , , , , , , , , , , , , , , , , , , , , , , , , , , , , , , , , , , , , , , , , , , , , , , , , , , , , , , , , , , , , , , , , , , , , , , , , , , , , , , , , , , , , , , , , , , , , , , , , , , , , , , , , , , , , , , , , , , , , , , , , , , , , , , , , , , , , , , , , , , , , , , , , , , , , , , , , , , , , , , , , , , , , , , , , , , , , , , , , , , , , , , , , , , , , , , , , , , , , , , , , , , , , , , , , , , , , , , , , , , , , , , , , , , , , , , , , , , , , , , , , , , , , , , , , , , , , , , , , , , , , , , , , , , , , , , , , , , , , , , , , , , , , , , , , , , , , , , , , , , , , , , , , , , , , , , , , , , , , , , , , , , , , , , , , , , , , , , , , , , , , , , , , , , , , , , , , , , , , , , , , , , , , , , , , , , , , , , , , , , , , , , , , , , , , , , , , , , , , , , , , , , , , , , , , , , , , , , , , , , , , , , , , , , , , , , , , , , , , , , , , , , , , , , , , , , , , , , , 
991339,160204,Haryana,HR-R499,Rural,District name,Sub-district name,PSU name,Census/UFS PSU number,Address,HH/Flat/Apt number,Door number,GATS-3/185/01,Head name,Head father/spouse name,Observation,Female, , , , , , , , , , , , , , , , , , , , , , , , , , , , , , , , , , , , , , , , , , , , , , , , , , , , , , , , , , , , , , , , , , , , , , , , , , , , , , , , , , , , , , , , , , , , , , , , , , , , , , , , , , , , , , , , , , , , , , , , , , , , , , , , , , , , , , , , , , , , , , , , , , , , , , , , , , , , , , , , , , , , , , , , , , , , , , , , , , , , , , , , , , , , , , , , , , , , , , , , , , , , , , , , , , , , , , , , , , , , , , , , , , , , , , , , , , , , , , , , , , , , , , , , , , , , , , , , , , , , , , , , , , , , , , , , , , , , , , , , , , , , , , , , , , , , , , , , , , , , , , , , , , , , , , , , , , , , , , , , , , , , , , , , , , , , , , , , , , , , , , , , , , , , , , , , , , , , , , , , , , , , , , , , , , , , , , , , , , , , , , , , , , , , , , , , , , , , , , , , , , , , , , , , , , , , , , , , , , , , , , , , , , , , , , , , , , , , , , , , , , , , , , , , , , , , , , , , , , , , , , , , , , , , , , , , , , , , , , , , , , , , , , , , , , , , , , , , , , , , , , , , , , , , , , , , , , , , , , , , , , , , , , , , , , , , , , , , , , , , , , , , , , , , , , , , , , , , , , , , , , , , 
991340,160204,Haryana,HR-U045,Urban,District name, ,PSU name,Census/UFS PSU number,Address,HH/Flat/Apt number,Door number,GATS-3/119/08,Head name,Head father/spouse name,Observation,Female, , , , , , , , , , , , , , , , , , , , , , , , , , , , , , , , , , , , , , , , , , , , , , , , , , , , , , , , , , , , , , , , , , , , , , , , , , , , , , , , , , , , , , , , , , , , , , , , , , , , , , , , , , , , , , , , , , , , , , , , , , , , , , , , , , , , , , , , , , , , , , , , , , , , , , , , , , , , , , , , , , , , , , , , , , , , , , , , , , , , , , , , , , , , , , , , , , , , , , , , , , , , , , , , , , , , , , , , , , , , , , , , , , , , , , , , , , , , , , , , , , , , , , , , , , , , , , , , , , , , , , , , , , , , , , , , , , , , , , , , , , , , , , , , , , , , , , , , , , , , , , , , , , , , , , , , , , , , , , , , , , , , , , , , , , , , , , , , , , , , , , , , , , , , , , , , , , , , , , , , , , , , , , , , , , , , , , , , , , , , , , , , , , , , , , , , , , , , , , , , , , , , , , , , , , , , , , , , , , , , , , , , , , , , , , , , , , , , , , , , , , , , , , , , , , , , , , , , , , , , , , , , , , , , , , , , , , , , , , , , , , , , , , , , , , , , , , , , , , , , , , , , , , , , , , , , , , , , , , , , , , , , , , , , , , , , , , , , , , , , , , , , , , , , , , , , , , , , , , , , , , , , 
991341,160301,Haryana,HR-U235,Urban,District name, ,PSU name,Census/UFS PSU number,Address,HH/Flat/Apt number,Door number,GATS-3/179/02,Head name,Head father/spouse name,Observation,Male,1/29/2026 3:40:49 PM,1/29/2026 3:42:33 PM,1/29/2026 3:42:23 PM,1/29/2026 3:50:25 PM,1,40,1,Ghulam hassan,0.884170135,200,1/29/2026 3:42:20 PM,400,1/29/2026 3:50:24 PM,200,1/29/2026 3:42:20 PM,400,1/29/2026 3:50:24 PM, , , , , , , , , , , , , , , , , ,1,3,2,0,1,Ghulam hassan, , , , , , , , , , , , , , , , , , , ,40, , , , , , , , , , , , , , , , , , , , , , , , , , , , , , , , , , , , , , , , , , , , , , , , , , , , , , , , , , , ,1, , , , , , , , , , , , , , , , , , , ,2, , , , , , , , , , , , , , , , , , , ,2, , , , , , , , , , , , , , , , , , , ,2, , , ,1,8,1,1,1990, , , ,3,4,1,1,2,1,1,1,1,2,2,1,2,1,2,1,4,2, ,2,3, ,3, , , , , , , , , , , , , , , , , , , , , , , , , , , , , , , , , , , , , , , , , , , , , , , , , , , , , , , , , , , , , , , , ,2, , , , , , , , , , , , , , , , ,3, ,3, , , , , , , , , , , , , , , , , , , , , , , , , , , , , , , , , , , , , , , , , , , , , , , , , , , , , , , , , , , ,2, ,2, ,2, , , , , , , , , , , , , , , , , , , , , , , , , , , , , , , , , , , , , , , , , , , , , ,2,2,3,1,3, ,1,2,2, ,1,1,2, , ,2, ,1,2,2, ,2, ,2, ,1,1, , , , , , , , , , , , , , , , , , , , , , , , , , , , , , ,1,1,1,2,2,1,2,2,2,2, , ,1,1,1,2,2,2,1,2,2,2,2, , ,1, , , , , , ,1,2,2,1,2,2,2,2,2,1,2,2,2,2, ,2,1,2,2,2,2,2,1,2,2,2,2, ,2,2,2,2,2,2,2,2,2,2,2,2,2,2,2,2,2,2,2,2,2,2,1,1,1,1,1,1,1,1,2,1,2,1,1, , , ,calm and cool household,36
991342,160301,Haryana,HR-U980,Urban,District name, ,PSU name,Census/UFS PSU number,Address,HH/Flat/Apt number,Door number,GATS-3/279/09,Head name,Head father/spouse name,Observation,Male,1/29/2026 11:58:22 AM,1/29/2026 12:01:28 PM,1/29/2026 12:01:03 PM,1/29/2026 12:27:10 PM,1,37,1,khursheed ah bhat,0.073119367,200,1/29/2026 12:00:59 PM,400,1/29/2026 12:27:08 PM,200,1/29/2026 12:00:59 PM,400,1/29/2026 12:27:08 PM, , , , , , , , , , , , , , , , , ,1,3,2,0,1,khursheed ah bhat, , , , , , , , , , , , , , , , , , , ,37, , , , , , , , , , , , , , , , , , , , , , , , , , , , , , , , , , , , , , , , , , , , , , , , , , , , , , , , , , , ,1, , , , , , , , , , , , , , , , , , , ,1, , , , , , , , , , , , , , , , , , , ,2, , , , , , , , , , , , , , , , , , , ,2, , , ,1,8,1,4,1988, , , ,5,4,1,2,2,1,1,2,1,2,2,2,2,1,2,1,4,2, ,2,2,1, ,31, ,31, , , , , , , , , , , , , , , ,10,0,0,0,0,0, , , , , , , , , , , , , , , , , , , , , , , , , , , , , , , , , , , , , , , , ,2, , , , , , , , , , , , , , , , ,3, ,3, , , , , , , , , , , , , , , , , , , , , , , , , , , , , , , , , , , , , , , , , , , , , , , , , , , , , , , , , , , ,2, ,2, ,2, ,1,1,6, , ,2,2,2,2,2,2,2,2,2,1,2, ,1,2,2, ,1, , , , , , , , , , , , , , , , , , , , , , ,3, , ,1,2,1,1,1,2, ,2, ,2, , ,2, ,1,2,2, ,2, ,2, ,1,1,1, ,3, , , , , ,18,2, , , , , , , , , , , , , , , , , , , , ,2,2,2,2,2,1,2,1,2,2, ,2,2,2,2,2,2,2,2,2,2,2,2, , ,2,1,1, , , , ,2,1,2,2,2,2,2,2,2,1,2,2,2,2, ,2,2,2,2,2,2,2,2,2,2,2,2, ,2,2,2,2,2,2,2,2,2,2,2,2,2,2,2,2,2,2,2,2,2,2,1,1,1,1,1,1,1,1,2,2,2,1,1,1, , ,individual was cooperative,37
991343,160301,Haryana,HR-U404,Urban,District name, ,PSU name,Census/UFS PSU number,Address,HH/Flat/Apt number,Door number,GATS-3/253/09,Head name,Head father/spouse name,Observation,Male,1/29/2026 12:38:10 PM,1/29/2026 12:46:17 PM,1/29/2026 12:45:55 PM,1/29/2026 1:04:28 PM,2,16,1,Mohd HIDAYAT BHAT,0.275513149,200,1/29/2026 12:45:47 PM,400,1/29/2026 1:04:26 PM,200,1/29/2026 12:45:47 PM,400,1/29/2026 1:04:26 PM, , , , , , , , , , , , , , , , , ,1,3,3, ,2,javaid ahmad,Mohd HIDAYAT BHAT, , , , , , , , , , , , , , , , , , ,40,16, , , , , , , , , , , , , , , , , , , ,12, , , , , , , , , , , , , , , , , , , ,2010, , , , , , , , , , , , , , , , , , ,1,1, , , , , , , , , , , , , , , , , , ,2,2, , , , , , , , , , , , , , , , , , ,2,2, , , , , , , , , , , , , , , , , , ,1, ,1,1,1,8,1,12,2010, , , ,4,5,1,1,2,1,2,2,1,2,1,2,2,1,2,1,4,2, ,1,3, ,3, , , , , , , , , , , , , , , , , , , , , , , , , , , , , , , , , , , , , , , , , , , , , , , , , , , , , , , , , , , , , , , , ,2, , , , , , , , , , , , , , , , ,3, ,3, , , , , , , , , , , , , , , , , , , , , , , , , , , , , , , , , , , , , , , , , , , , , , , , , , , , , , , , , , , ,2, ,2, ,2, , , , , , , , , , , , , , , , , , , , , , , , , , , , , , , , , , , , , , , , , , , , , ,2,2,5,2, , , , ,1,2,1,1,2, , ,2, ,1,2,2, ,1,2,2, ,1,1, , , , , , , , , , , , , , , , , , , , , , , , , , , , , , ,2,2,2,2,2,1,2,2,1,2, , ,1,2,2,2,2,2,2,2,1,1,2, , ,1, , , , , , ,1,2,1,2,2,1,1,1,2,1,2,2,1,2, ,2,2,2,2,2,2,2,1,2,2,1,2, ,2,2,2,2,2,2,2,2,2,2,2,2,2,2,2,2,2,2,2,2,2,2,1,1,1,1,1,1,1,2,1,1,1,1,1, , , ,informative respondent,15
991344,160301,Haryana,HR-U809,Urban,District name, ,PSU name,Census/UFS PSU number,Address,HH/Flat/Apt number,Door number,GATS-3/063/03,Head name,Head father/spouse name,Observation,Male,1/29/2026 1:38:16 PM,1/29/2026 1:41:00 PM,1/29/2026 1:40:43 PM,1/29/2026 1:55:16 PM,1,50,1,Mushtaq Ahmed bhat,0.807511266,200,1/29/2026 1:40:40 PM,400,1/29/2026 1:55:14 PM,200,1/29/2026 1:40:40 PM,400,1/29/2026 1:55:14 PM, , , , , , , , , , , , , , , , , ,1,4,4, ,2,Mushtaq Ahmed bhat,momin mushtaq, , , , , , , , , , , , , , , , , , ,50,21, , , , , , , , , , , , , , , , , , , , , , , , , , , , , , , , , , , , , , , , , , , , , , , , , , , , , , , , , , ,1,1, , , , , , , , , , , , , , , , , , ,2,2, , , , , , , , , , , , , , , , , , ,2,2, , , , , , , , , , , , , , , , , , ,2, , , ,1,8,1,8,1975, , , ,2,4,1,1,2,1,1,2,1,2,2,1,2,1,2,1,4,2, ,2,3, ,3, , , , , , , , , , , , , , , , , , , , , , , , , , , , , , , , , , , , , , , , , , , , , , , , , , , , , , , , , , , , , , , , ,2, , , , , , , , , , , , , , , , ,3, ,3, , , , , , , , , , , , , , , , , , , , , , , , , , , , , , , , , , , , , , , , , , , , , , , , , , , , , , , , , , , ,2, ,2, ,2, , , , , , , , , , , , , , , , , , , , , , , , , , , , , , , , , , , , , , , , , , , , , ,3, , ,1,3, ,1,1,2, ,2, ,2, , ,2, ,1,2,2, ,2, ,2, ,1,1, , , , , , , , , , , , , , , , , , , , , , , , , , , , , , ,2,1,2,2,2,1,2,2,2,2, , ,1,2,2,2,2,2,1,2,2,2,2, , ,2, , , , , , ,2,2,1,1,2,2,2,2,2,1,2,2,2,2, ,1,1,2,2,2,2,2,1,2,2,2,2, ,2,2,2,2,2,2,2,2,2,2,2,2,2,2,2,2,2,2,2,2,2,2,1,1,1,1,1,1,1,1,1,1,1,1,1, , , ,cooperative household,50
991345,160301,Haryana,HR-U256,Urban,District name, ,PSU name,Census/UFS PSU number,Address,HH/Flat/Apt number,Door number,GATS-3/012/05,Head name,Head father/spouse name,Observation,Male,1/30/2026 7:56:40 PM,1/30/2026 7:58:54 PM,1/30/2026 7:58:43 PM,1/30/2026 8:12:53 PM,1,40,1,attar ah,0.384292988,200,1/30/2026 7:58:39 PM,400,1/30/2026 8:12:50 PM,200,1/30/2026 7:58:39 PM,400,1/30/2026 8:12:50 PM, , , , , , , , , , , , , , , , , ,1,4,2,0,1,attar ah, , , , , , , , , , , , , , , , , , , ,40, , , , , , , , , , , , , , , , , , , , , , , , , , , , , , , , , , , , , , , , , , , , , , , , , , , , , , , , , , , ,1, , , , , , , , , , , , , , , , , , , ,1, , , , , , , , , , , , , , , , , , , ,2, , , , , , , , , , , , , , , , , , , ,2, , , ,1,8,1,1,1986, , , ,5,4,1,1,2,1,1,2,1,2,2,2,2,1,2,1,4,2, ,2,1, , ,25, ,25, ,20, ,0, ,0, ,0, ,0, ,0, , ,2, , , , , , , , , , , , , , , , , , , , , , , , , , , , , , , , , , , , , , , , , , , , , , ,2, , , , , , , , , , , , , , , , ,3, ,3, , , , , , , , , , , , , , , , , , , , , , , , , , , , , , , , , , , , , , , , , , , , , , , , , , , , , , , , , , , ,2, ,2, ,2, ,2, , , , , , , , , , , , , , , , ,1,2,2, ,3, , , , , , , , , , , , , , , , , , , , , , ,1,2,4,1,3, ,1,1,2, ,1,1,2, , ,2, ,1,2,2, ,2, ,2, ,1,1,2, , ,1, ,1, , ,65,2, , , , , , , , , , , , , , , , , , , , ,2,1,2,2,2,1,2,2,2,2, ,2,1,2,2,2,2,2,1,2,2,2,2, , ,2,1,2, , , , ,2,2,2,2,2,2,2,2,2,1,2,2,2,2, ,2,2,2,2,2,2,2,1,2,2,2,2, ,2,2,2,2,2,2,2,2,2,2,2,2,2,2,2,2,2,2,2,2,2,2,1,1,1,1,1,1,1,1,1,1,1,1,1,1, , ,done,40
991346,160301,Haryana,HR-R019,Rural,District name,Sub-district name,PSU name,Census/UFS PSU number,Address,HH/Flat/Apt number,Door number,GATS-3/229/01,Head name,Head father/spouse name,Observation,Male, , , , , , , , , , , , , , , , , , , , , , , , , , , , , , , , , , , , , , , , , , , , , , , , , , , , , , , , , , , , , , , , , , , , , , , , , , , , , , , , , , , , , , , , , , , , , , , , , , , , , , , , , , , , , , , , , , , , , , , , , , , , , , , , , , , , , , , , , , , , , , , , , , , , , , , , , , , , , , , , , , , , , , , , , , , , , , , , , , , , , , , , , , , , , , , , , , , , , , , , , , , , , , , , , , , , , , , , , , , , , , , , , , , , , , , , , , , , , , , , , , , , , , , , , , , , , , , , , , , , , , , , , , , , , , , , , , , , , , , , , , , , , , , , , , , , , , , , , , , , , , , , , , , , , , , , , , , , , , , , , , , , , , , , , , , , , , , , , , , , , , , , , , , , , , , , , , , , , , , , , , , , , , , , , , , , , , , , , , , , , , , , , , , , , , , , , , , , , , , , , , , , , , , , , , , , , , , , , , , , , , , , , , , , , , , , , , , , , , , , , , , , , , , , , , , , , , , , , , , , , , , , , , , , , , , , , , , , , , , , , , , , , , , , , , , , , , , , , , , , , , , , , , , , , , , , , , , , , , , , , , , , , , , , , , , , , , , , , , , , , , , , , , , , , , , , , , , , , , , , , , , , 
991347,160301,Haryana,HR-R708,Rural,District name,Sub-district name,PSU name,Census/UFS PSU number,Address,HH/Flat/Apt number,Door number,GATS-3/272/06,Head name,Head father/spouse name,Observation,Male, , , , , , , , , , , , , , , , , , , , , , , , , , , , , , , , , , , , , , , , , , , , , , , , , , , , , , , , , , , , , , , , , , , , , , , , , , , , , , , , , , , , , , , , , , , , , , , , , , , , , , , , , , , , , , , , , , , , , , , , , , , , , , , , , , , , , , , , , , , , , , , , , , , , , , , , , , , , , , , , , , , , , , , , , , , , , , , , , , , , , , , , , , , , , , , , , , , , , , , , , , , , , , , , , , , , , , , , , , , , , , , , , , , , , , , , , , , , , , , , , , , , , , , , , , , , , , , , , , , , , , , , , , , , , , , , , , , , , , , , , , , , , , , , , , , , , , , , , , , , , , , , , , , , , , , , , , , , , , , , , , , , , , , , , , , , , , , , , , , , , , , , , , , , , , , , , , , , , , , , , , , , , , , , , , , , , , , , , , , , , , , , , , , , , , , , , , , , , , , , , , , , , , , , , , , , , , , , , , , , , , , , , , , , , , , , , , , , , , , , , , , , , , , , , , , , , , , , , , , , , , , , , , , , , , , , , , , , , , , , , , , , , , , , , , , , , , , , , , , , , , , , , , , , , , , , , , , , , , , , , , , , , , , , , , , , , , , , , , , , , , , , , , , , , , , , , , , , , , , , , , , , 
991348,160301,Haryana,HR-R991,Rural,District name,Sub-district name,PSU name,Census/UFS PSU number,Address,HH/Flat/Apt number,Door number,GATS-3/137/03,Head name,Head father/spouse name,Observation,Male, , , , , , , , , , , , , , , , , , , , , , , , , , , , , , , , , , , , , , , , , , , , , , , , , , , , , , , , , , , , , , , , , , , , , , , , , , , , , , , , , , , , , , , , , , , , , , , , , , , , , , , , , , , , , , , , , , , , , , , , , , , , , , , , , , , , , , , , , , , , , , , , , , , , , , , , , , , , , , , , , , , , , , , , , , , , , , , , , , , , , , , , , , , , , , , , , , , , , , , , , , , , , , , , , , , , , , , , , , , , , , , , , , , , , , , , , , , , , , , , , , , , , , , , , , , , , , , , , , , , , , , , , , , , , , , , , , , , , , , , , , , , , , , , , , , , , , , , , , , , , , , , , , , , , , , , , , , , , , , , , , , , , , , , , , , , , , , , , , , , , , , , , , , , , , , , , , , , , , , , , , , , , , , , , , , , , , , , , , , , , , , , , , , , , , , , , , , , , , , , , , , , , , , , , , , , , , , , , , , , , , , , , , , , , , , , , , , , , , , , , , , , , , , , , , , , , , , , , , , , , , , , , , , , , , , , , , , , , , , , , , , , , , , , , , , , , , , , , , , , , , , , , , , , , , , , , , , , , , , , , , , , , , , , , , , , , , , , , , , , , , , , , , , , , , , , , , , , , , , , , , , , 
991349,160301,Haryana,HR-U177,Urban,District name, ,PSU name,Census/UFS PSU number,Address,HH/Flat/Apt number,Door number,GATS-3/235/05,Head name,Head father/spouse name,Observation,Male, , , , , , , , , , , , , , , , , , , , , , , , , , , , , , , , , , , , , , , , , , , , , , , , , , , , , , , , , , , , , , , , , , , , , , , , , , , , , , , , , , , , , , , , , , , , , , , , , , , , , , , , , , , , , , , , , , , , , , , , , , , , , , , , , , , , , , , , , , , , , , , , , , , , , , , , , , , , , , , , , , , , , , , , , , , , , , , , , , , , , , , , , , , , , , , , , , , , , , , , , , , , , , , , , , , , , , , , , , , , , , , , , , , , , , , , , , , , , , , , , , , , , , , , , , , , , , , , , , , , , , , , , , , , , , , , , , , , , , , , , , , , , , , , , , , , , , , , , , , , , , , , , , , , , , , , , , , , , , , , , , , , , , , , , , , , , , , , , , , , , , , , , , , , , , , , , , , , , , , , , , , , , , , , , , , , , , , , , , , , , , , , , , , , , , , , , , , , , , , , , , , , , , , , , , , , , , , , , , , , , , , , , , , , , , , , , , , , , , , , , , , , , , , , , , , , , , , , , , , , , , , , , , , , , , , , , , , , , , , , , , , , , , , , , , , , , , , , , , , , , , , , , , , , , , , , , , , , , , , , , , , , , , , , , , , , , , , , , , , , , , , , , , , , , , , , , , , , , , , , , , , , 
991350,160301,Haryana,HR-R468,Rural,District name,Sub-district name,PSU name,Census/UFS PSU number,Address,HH/Flat/Apt number,Door number,GATS-3/294/01,Head name,Head father/spouse name,Observation,Male, , , , , , , , , , , , , , , , , , , , , , , , , , , , , , , , , , , , , , , , , , , , , , , , , , , , , , , , , , , , , , , , , , , , , , , , , , , , , , , , , , , , , , , , , , , , , , , , , , , , , , , , , , , , , , , , , , , , , , , , , , , , , , , , , , , , , , , , , , , , , , , , , , , , , , , , , , , , , , , , , , , , , , , , , , , , , , , , , , , , , , , , , , , , , , , , , , , , , , , , , , , , , , , , , , , , , , , , , , , , , , , , , , , , , , , , , , , , , , , , , , , , , , , , , , , , , , , , , , , , , , , , , , , , , , , , , , , , , , , , , , , , , , , , , , , , , , , , , , , , , , , , , , , , , , , , , , , , , , , , , , , , , , , , , , , , , , , , , , , , , , , , , , , , , , , , , , , , , , , , , , , , , , , , , , , , , , , , , , , , , , , , , , , , , , , , , , , , , , , , , , , , , , , , , , , , , , , , , , , , , , , , , , , , , , , , , , , , , , , , , , , , , , , , , , , , , , , , , , , , , , , , , , , , , , , , , , , , , , , , , , , , , , , , , , , , , , , , , , , , , , , , , , , , , , , , , , , , , , , , , , , , , , , , , , , , , , , , , , , , , , , , , , , , , , , , , , , , , , , , , , , , 
991351,160301,Haryana,HR-U721,Urban,District name, ,PSU name,Census/UFS PSU number,Address,HH/Flat/Apt number,Door number,GATS-3/087/06,Head name,Head father/spouse name,Observation,Male, , , , , , , , , , , , , , , , , , , , , , , , , , , , , , , , , , , , , , , , , , , , , , , , , , , , , , , , , , , , , , , , , , , , , , , , , , , , , , , , , , , , , , , , , , , , , , , , , , , , , , , , , , , , , , , , , , , , , , , , , , , , , , , , , , , , , , , , , , , , , , , , , , , , , , , , , , , , , , , , , , , , , , , , , , , , , , , , , , , , , , , , , , , , , , , , , , , , , , , , , , , , , , , , , , , , , , , , , , , , , , , , , , , , , , , , , , , , , , , , , , , , , , , , , , , , , , , , , , , , , , , , , , , , , , , , , , , , , , , , , , , , , , , , , , , , , , , , , , , , , , , , , , , , , , , , , , , , , , , , , , , , , , , , , , , , , , , , , , , , , , , , , , , , , , , , , , , , , , , , , , , , , , , , , , , , , , , , , , , , , , , , , , , , , , , , , , , , , , , , , , , , , , , , , , , , , , , , , , , , , , , , , , , , , , , , , , , , , , , , , , , , , , , , , , , , , , , , , , , , , , , , , , , , , , , , , , , , , , , , , , , , , , , , , , , , , , , , , , , , , , , , , , , , , , , , , , , , , , , , , , , , , , , , , , , , , , , , , , , , , , , , , , , , , , , , , , , , , , , , , , , , 
991352,160301,Haryana,HR-R434,Rural,District name,Sub-district name,PSU name,Census/UFS PSU number,Address,HH/Flat/Apt number,Door number,GATS-3/281/04,Head name,Head father/spouse name,Observation,Male, , , , , , , , , , , , , , , , , , , , , , , , , , , , , , , , , , , , , , , , , , , , , , , , , , , , , , , , , , , , , , , , , , , , , , , , , , , , , , , , , , , , , , , , , , , , , , , , , , , , , , , , , , , , , , , , , , , , , , , , , , , , , , , , , , , , , , , , , , , , , , , , , , , , , , , , , , , , , , , , , , , , , , , , , , , , , , , , , , , , , , , , , , , , , , , , , , , , , , , , , , , , , , , , , , , , , , , , , , , , , , , , , , , , , , , , , , , , , , , , , , , , , , , , , , , , , , , , , , , , , , , , , , , , , , , , , , , , , , , , , , , , , , , , , , , , , , , , , , , , , , , , , , , , , , , , , , , , , , , , , , , , , , , , , , , , , , , , , , , , , , , , , , , , , , , , , , , , , , , , , , , , , , , , , , , , , , , , , , , , , , , , , , , , , , , , , , , , , , , , , , , , , , , , , , , , , , , , , , , , , , , , , , , , , , , , , , , , , , , , , , , , , , , , , , , , , , , , , , , , , , , , , , , , , , , , , , , , , , , , , , , , , , , , , , , , , , , , , , , , , , , , , , , , , , , , , , , , , , , , , , , , , , , , , , , , , , , , , , , , , , , , , , , , , , , , , , , , , , , , , , , , 
991353,160301,Haryana,HR-U328,Urban,District name, ,PSU name,Census/UFS PSU number,Address,HH/Flat/Apt number,Door number,GATS-3/121/02,Head name,Head father/spouse name,Observation,Male, , , , , , , , , , , , , , , , , , , , , , , , , , , , , , , , , , , , , , , , , , , , , , , , , , , , , , , , , , , , , , , , , , , , , , , , , , , , , , , , , , , , , , , , , , , , , , , , , , , , , , , , , , , , , , , , , , , , , , , , , , , , , , , , , , , , , , , , , , , , , , , , , , , , , , , , , , , , , , , , , , , , , , , , , , , , , , , , , , , , , , , , , , , , , , , , , , , , , , , , , , , , , , , , , , , , , , , , , , , , , , , , , , , , , , , , , , , , , , , , , , , , , , , , , , , , , , , , , , , , , , , , , , , , , , , , , , , , , , , , , , , , , , , , , , , , , , , , , , , , , , , , , , , , , , , , , , , , , , , , , , , , , , , , , , , , , , , , , , , , , , , , , , , , , , , , , , , , , , , , , , , , , , , , , , , , , , , , , , , , , , , , , , , , , , , , , , , , , , , , , , , , , , , , , , , , , , , , , , , , , , , , , , , , , , , , , , , , , , , , , , , , , , , , , , , , , , , , , , , , , , , , , , , , , , , , , , , , , , , , , , , , , , , , , , , , , , , , , , , , , , , , , , , , , , , , , , , , , , , , , , , , , , , , , , , , , , , , , , , , , , , , , , , , , , , , , , , , , , , , , , , , 
991354,160301,Haryana,HR-U102,Urban,District name, ,PSU name,Census/UFS PSU number,Address,HH/Flat/Apt number,Door number,GATS-3/076/04,Head name,Head father/spouse name,Observation,Male, , , , , , , , , , , , , , , , , , , , , , , , , , , , , , , , , , , , , , , , , , , , , , , , , , , , , , , , , , , , , , , , , , , , , , , , , , , , , , , , , , , , , , , , , , , , , , , , , , , , , , , , , , , , , , , , , , , , , , , , , , , , , , , , , , , , , , , , , , , , , , , , , , , , , , , , , , , , , , , , , , , , , , , , , , , , , , , , , , , , , , , , , , , , , , , , , , , , , , , , , , , , , , , , , , , , , , , , , , , , , , , , , , , , , , , , , , , , , , , , , , , , , , , , , , , , , , , , , , , , , , , , , , , , , , , , , , , , , , , , , , , , , , , , , , , , , , , , , , , , , , , , , , , , , , , , , , , , , , , , , , , , , , , , , , , , , , , , , , , , , , , , , , , , , , , , , , , , , , , , , , , , , , , , , , , , , , , , , , , , , , , , , , , , , , , , , , , , , , , , , , , , , , , , , , , , , , , , , , , , , , , , , , , , , , , , , , , , , , , , , , , , , , , , , , , , , , , , , , , , , , , , , , , , , , , , , , , , , , , , , , , , , , , , , , , , , , , , , , , , , , , , , , , , , , , , , , , , , , , , , , , , , , , , , , , , , , , , , , , , , , , , , , , , , , , , , , , , , , , , , , , , 
991355,160301,Haryana,HR-R552,Rural,District name,Sub-district name,PSU name,Census/UFS PSU number,Address,HH/Flat/Apt number,Door number,GATS-3/180/01,Head name,Head father/spouse name,Observation,Male, , , , , , , , , , , , , , , , , , , , , , , , , , , , , , , , , , , , , , , , , , , , , , , , , , , , , , , , , , , , , , , , , , , , , , , , , , , , , , , , , , , , , , , , , , , , , , , , , , , , , , , , , , , , , , , , , , , , , , , , , , , , , , , , , , , , , , , , , , , , , , , , , , , , , , , , , , , , , , , , , , , , , , , , , , , , , , , , , , , , , , , , , , , , , , , , , , , , , , , , , , , , , , , , , , , , , , , , , , , , , , , , , , , , , , , , , , , , , , , , , , , , , , , , , , , , , , , , , , , , , , , , , , , , , , , , , , , , , , , , , , , , , , , , , , , , , , , , , , , , , , , , , , , , , , , , , , , , , , , , , , , , , , , , , , , , , , , , , , , , , , , , , , , , , , , , , , , , , , , , , , , , , , , , , , , , , , , , , , , , , , , , , , , , , , , , , , , , , , , , , , , , , , , , , , , , , , , , , , , , , , , , , , , , , , , , , , , , , , , , , , , , , , , , , , , , , , , , , , , , , , , , , , , , , , , , , , , , , , , , , , , , , , , , , , , , , , , , , , , , , , , , , , , , , , , , , , , , , , , , , , , , , , , , , , , , , , , , , , , , , , , , , , , , , , , , , , , , , , , , , , , , 
991356,160301,Haryana,HR-R390,Rural,District name,Sub-district name,PSU name,Census/UFS PSU number,Address,HH/Flat/Apt number,Door number,GATS-3/232/09,Head name,Head father/spouse name,Observation,Male, , , , , , , , , , , , , , , , , , , , , , , , , , , , , , , , , , , , , , , , , , , , , , , , , , , , , , , , , , , , , , , , , , , , , , , , , , , , , , , , , , , , , , , , , , , , , , , , , , , , , , , , , , , , , , , , , , , , , , , , , , , , , , , , , , , , , , , , , , , , , , , , , , , , , , , , , , , , , , , , , , , , , , , , , , , , , , , , , , , , , , , , , , , , , , , , , , , , , , , , , , , , , , , , , , , , , , , , , , , , , , , , , , , , , , , , , , , , , , , , , , , , , , , , , , , , , , , , , , , , , , , , , , , , , , , , , , , , , , , , , , , , , , , , , , , , , , , , , , , , , , , , , , , , , , , , , , , , , , , , , , , , , , , , , , , , , , , , , , , , , , , , , , , , , , , , , , , , , , , , , , , , , , , , , , , , , , , , , , , , , , , , , , , , , , , , , , , , , , , , , , , , , , , , , , , , , , , , , , , , , , , , , , , , , , , , , , , , , , , , , , , , , , , , , , , , , , , , , , , , , , , , , , , , , , , , , , , , , , , , , , , , , , , , , , , , , , , , , , , , , , , , , , , , , , , , , , , , , , , , , , , , , , , , , , , , , , , , , , , , , , , , , , , , , , , , , , , , , , , , , , , , 
991357,160301,Haryana,HR-R864,Rural,District name,Sub-district name,PSU name,Census/UFS PSU number,Address,HH/Flat/Apt number,Door number,GATS-3/120/07,Head name,Head father/spouse name,Observation,Male, , , , , , , , , , , , , , , , , , , , , , , , , , , , , , , , , , , , , , , , , , , , , , , , , , , , , , , , , , , , , , , , , , , , , , , , , , , , , , , , , , , , , , , , , , , , , , , , , , , , , , , , , , , , , , , , , , , , , , , , , , , , , , , , , , , , , , , , , , , , , , , , , , , , , , , , , , , , , , , , , , , , , , , , , , , , , , , , , , , , , , , , , , , , , , , , , , , , , , , , , , , , , , , , , , , , , , , , , , , , , , , , , , , , , , , , , , , , , , , , , , , , , , , , , , , , , , , , , , , , , , , , , , , , , , , , , , , , , , , , , , , , , , , , , , , , , , , , , , , , , , , , , , , , , , , , , , , , , , , , , , , , , , , , , , , , , , , , , , , , , , , , , , , , , , , , , , , , , , , , , , , , , , , , , , , , , , , , , , , , , , , , , , , , , , , , , , , , , , , , , , , , , , , , , , , , , , , , , , , , , , , , , , , , , , , , , , , , , , , , , , , , , , , , , , , , , , , , , , , , , , , , , , , , , , , , , , , , , , , , , , , , , , , , , , , , , , , , , , , , , , , , , , , , , , , , , , , , , , , , , , , , , , , , , , , , , , , , , , , , , , , , , , , , , , , , , , , , , , , , , , , , 
991358,160301,Haryana,HR-R118,Rural,District name,Sub-district name,PSU name,Census/UFS PSU number,Address,HH/Flat/Apt number,Door number,GATS-3/103/06,Head name,Head father/spouse name,Observation,Male, , , , , , , , , , , , , , , , , , , , , , , , , , , , , , , , , , , , , , , , , , , , , , , , , , , , , , , , , , , , , , , , , , , , , , , , , , , , , , , , , , , , , , , , , , , , , , , , , , , , , , , , , , , , , , , , , , , , , , , , , , , , , , , , , , , , , , , , , , , , , , , , , , , , , , , , , , , , , , , , , , , , , , , , , , , , , , , , , , , , , , , , , , , , , , , , , , , , , , , , , , , , , , , , , , , , , , , , , , , , , , , , , , , , , , , , , , , , , , , , , , , , , , , , , , , , , , , , , , , , , , , , , , , , , , , , , , , , , , , , , , , , , , , , , , , , , , , , , , , , , , , , , , , , , , , , , , , , , , , , , , , , , , , , , , , , , , , , , , , , , , , , , , , , , , , , , , , , , , , , , , , , , , , , , , , , , , , , , , , , , , , , , , , , , , , , , , , , , , , , , , , , , , , , , , , , , , , , , , , , , , , , , , , , , , , , , , , , , , , , , , , , , , , , , , , , , , , , , , , , , , , , , , , , , , , , , , , , , , , , , , , , , , , , , , , , , , , , , , , , , , , , , , , , , , , , , , , , , , , , , , , , , , , , , , , , , , , , , , , , , , , , , , , , , , , , , , , , , , , , , , , , 
991359,160301,Haryana,HR-U847,Urban,District name, ,PSU name,Census/UFS PSU number,Address,HH/Flat/Apt number,Door number,GATS-3/035/05,Head name,Head father/spouse name,Observation,Male, , , , , , , , , , , , , , , , , , , , , , , , , , , , , , , , , , , , , , , , , , , , , , , , , , , , , , , , , , , , , , , , , , , , , , , , , , , , , , , , , , , , , , , , , , , , , , , , , , , , , , , , , , , , , , , , , , , , , , , , , , , , , , , , , , , , , , , , , , , , , , , , , , , , , , , , , , , , , , , , , , , , , , , , , , , , , , , , , , , , , , , , , , , , , , , , , , , , , , , , , , , , , , , , , , , , , , , , , , , , , , , , , , , , , , , , , , , , , , , , , , , , , , , , , , , , , , , , , , , , , , , , , , , , , , , , , , , , , , , , , , , , , , , , , , , , , , , , , , , , , , , , , , , , , , , , , , , , , , , , , , , , , , , , , , , , , , , , , , , , , , , , , , , , , , , , , , , , , , , , , , , , , , , , , , , , , , , , , , , , , , , , , , , , , , , , , , , , , , , , , , , , , , , , , , , , , , , , , , , , , , , , , , , , , , , , , , , , , , , , , , , , , , , , , , , , , , , , , , , , , , , , , , , , , , , , , , , , , , , , , , , , , , , , , , , , , , , , , , , , , , , , , , , , , , , , , , , , , , , , , , , , , , , , , , , , , , , , , , , , , , , , , , , , , , , , , , , , , , , , , , , , 
991360,160301,Haryana,HR-U740,Urban,District name, ,PSU name,Census/UFS PSU number,Address,HH/Flat/Apt number,Door number,GATS-3/161/03,Head name,Head father/spouse name,Observation,Male, , , , , , , , , , , , , , , , , , , , , , , , , , , , , , , , , , , , , , , , , , , , , , , , , , , , , , , , , , , , , , , , , , , , , , , , , , , , , , , , , , , , , , , , , , , , , , , , , , , , , , , , , , , , , , , , , , , , , , , , , , , , , , , , , , , , , , , , , , , , , , , , , , , , , , , , , , , , , , , , , , , , , , , , , , , , , , , , , , , , , , , , , , , , , , , , , , , , , , , , , , , , , , , , , , , , , , , , , , , , , , , , , , , , , , , , , , , , , , , , , , , , , , , , , , , , , , , , , , , , , , , , , , , , , , , , , , , , , , , , , , , , , , , , , , , , , , , , , , , , , , , , , , , , , , , , , , , , , , , , , , , , , , , , , , , , , , , , , , , , , , , , , , , , , , , , , , , , , , , , , , , , , , , , , , , , , , , , , , , , , , , , , , , , , , , , , , , , , , , , , , , , , , , , , , , , , , , , , , , , , , , , , , , , , , , , , , , , , , , , , , , , , , , , , , , , , , , , , , , , , , , , , , , , , , , , , , , , , , , , , , , , , , , , , , , , , , , , , , , , , , , , , , , , , , , , , , , , , , , , , , , , , , , , , , , , , , , , , , , , , , , , , , , , , , , , , , , , , , , , , , , , 
991361,160301,Haryana,HR-U030,Urban,District name, ,PSU name,Census/UFS PSU number,Address,HH/Flat/Apt number,Door number,GATS-3/265/02,Head name,Head father/spouse name,Observation,Male, , , , , , , , , , , , , , , , , , , , , , , , , , , , , , , , , , , , , , , , , , , , , , , , , , , , , , , , , , , , , , , , , , , , , , , , , , , , , , , , , , , , , , , , , , , , , , , , , , , , , , , , , , , , , , , , , , , , , , , , , , , , , , , , , , , , , , , , , , , , , , , , , , , , , , , , , , , , , , , , , , , , , , , , , , , , , , , , , , , , , , , , , , , , , , , , , , , , , , , , , , , , , , , , , , , , , , , , , , , , , , , , , , , , , , , , , , , , , , , , , , , , , , , , , , , , , , , , , , , , , , , , , , , , , , , , , , , , , , , , , , , , , , , , , , , , , , , , , , , , , , , , , , , , , , , , , , , , , , , , , , , , , , , , , , , , , , , , , , , , , , , , , , , , , , , , , , , , , , , , , , , , , , , , , , , , , , , , , , , , , , , , , , , , , , , , , , , , , , , , , , , , , , , , , , , , , , , , , , , , , , , , , , , , , , , , , , , , , , , , , , , , , , , , , , , , , , , , , , , , , , , , , , , , , , , , , , , , , , , , , , , , , , , , , , , , , , , , , , , , , , , , , , , , , , , , , , , , , , , , , , , , , , , , , , , , , , , , , , , , , , , , , , , , , , , , , , , , , , , , , , , , 
991362,160301,Haryana,HR-U120,Urban,District name, ,PSU name,Census/UFS PSU number,Address,HH/Flat/Apt number,Door number,GATS-3/224/01,Head name,Head father/spouse name,Observation,Male, , , , , , , , , , , , , , , , , , , , , , , , , , , , , , , , , , , , , , , , , , , , , , , , , , , , , , , , , , , , , , , , , , , , , , , , , , , , , , , , , , , , , , , , , , , , , , , , , , , , , , , , , , , , , , , , , , , , , , , , , , , , , , , , , , , , , , , , , , , , , , , , , , , , , , , , , , , , , , , , , , , , , , , , , , , , , , , , , , , , , , , , , , , , , , , , , , , , , , , , , , , , , , , , , , , , , , , , , , , , , , , , , , , , , , , , , , , , , , , , , , , , , , , , , , , , , , , , , , , , , , , , , , , , , , , , , , , , , , , , , , , , , , , , , , , , , , , , , , , , , , , , , , , , , , , , , , , , , , , , , , , , , , , , , , , , , , , , , , , , , , , , , , , , , , , , , , , , , , , , , , , , , , , , , , , , , , , , , , , , , , , , , , , , , , , , , , , , , , , , , , , , , , , , , , , , , , , , , , , , , , , , , , , , , , , , , , , , , , , , , , , , , , , , , , , , , , , , , , , , , , , , , , , , , , , , , , , , , , , , , , , , , , , , , , , , , , , , , , , , , , , , , , , , , , , , , , , , , , , , , , , , , , , , , , , , , , , , , , , , , , , , , , , , , , , , , , , , , , , , , , , , 
991363,160301,Haryana,HR-U174,Urban,District name, ,PSU name,Census/UFS PSU number,Address,HH/Flat/Apt number,Door number,GATS-3/181/07,Head name,Head father/spouse name,Observation,Male, , , , , , , , , , , , , , , , , , , , , , , , , , , , , , , , , , , , , , , , , , , , , , , , , , , , , , , , , , , , , , , , , , , , , , , , , , , , , , , , , , , , , , , , , , , , , , , , , , , , , , , , , , , , , , , , , , , , , , , , , , , , , , , , , , , , , , , , , , , , , , , , , , , , , , , , , , , , , , , , , , , , , , , , , , , , , , , , , , , , , , , , , , , , , , , , , , , , , , , , , , , , , , , , , , , , , , , , , , , , , , , , , , , , , , , , , , , , , , , , , , , , , , , , , , , , , , , , , , , , , , , , , , , , , , , , , , , , , , , , , , , , , , , , , , , , , , , , , , , , , , , , , , , , , , , , , , , , , , , , , , , , , , , , , , , , , , , , , , , , , , , , , , , , , , , , , , , , , , , , , , , , , , , , , , , , , , , , , , , , , , , , , , , , , , , , , , , , , , , , , , , , , , , , , , , , , , , , , , , , , , , , , , , , , , , , , , , , , , , , , , , , , , , , , , , , , , , , , , , , , , , , , , , , , , , , , , , , , , , , , , , , , , , , , , , , , , , , , , , , , , , , , , , , , , , , , , , , , , , , , , , , , , , , , , , , , , , , , , , , , , , , , , , , , , , , , , , , , , , , , , , , 
991364,160301,Haryana,HR-R259,Rural,District name,Sub-district name,PSU name,Census/UFS PSU number,Address,HH/Flat/Apt number,Door number,GATS-3/046/07,Head name,Head father/spouse name,Observation,Male, , , , , , , , , , , , , , , , , , , , , , , , , , , , , , , , , , , , , , , , , , , , , , , , , , , , , , , , , , , , , , , , , , , , , , , , , , , , , , , , , , , , , , , , , , , , , , , , , , , , , , , , , , , , , , , , , , , , , , , , , , , , , , , , , , , , , , , , , , , , , , , , , , , , , , , , , , , , , , , , , , , , , , , , , , , , , , , , , , , , , , , , , , , , , , , , , , , , , , , , , , , , , , , , , , , , , , , , , , , , , , , , , , , , , , , , , , , , , , , , , , , , , , , , , , , , , , , , , , , , , , , , , , , , , , , , , , , , , , , , , , , , , , , , , , , , , , , , , , , , , , , , , , , , , , , , , , , , , , , , , , , , , , , , , , , , , , , , , , , , , , , , , , , , , , , , , , , , , , , , , , , , , , , , , , , , , , , , , , , , , , , , , , , , , , , , , , , , , , , , , , , , , , , , , , , , , , , , , , , , , , , , , , , , , , , , , , , , , , , , , , , , , , , , , , , , , , , , , , , , , , , , , , , , , , , , , , , , , , , , , , , , , , , , , , , , , , , , , , , , , , , , , , , , , , , , , , , , , , , , , , , , , , , , , , , , , , , , , , , , , , , , , , , , , , , , , , , , , , , , , , , , 
991365,160301,Haryana,HR-U560,Urban,District name, ,PSU name,Census/UFS PSU number,Address,HH/Flat/Apt number,Door number,GATS-3/194/02,Head name,Head father/spouse name,Observation,Male, , , , , , , , , , , , , , , , , , , , , , , , , , , , , , , , , , , , , , , , , , , , , , , , , , , , , , , , , , , , , , , , , , , , , , , , , , , , , , , , , , , , , , , , , , , , , , , , , , , , , , , , , , , , , , , , , , , , , , , , , , , , , , , , , , , , , , , , , , , , , , , , , , , , , , , , , , , , , , , , , , , , , , , , , , , , , , , , , , , , , , , , , , , , , , , , , , , , , , , , , , , , , , , , , , , , , , , , , , , , , , , , , , , , , , , , , , , , , , , , , , , , , , , , , , , , , , , , , , , , , , , , , , , , , , , , , , , , , , , , , , , , , , , , , , , , , , , , , , , , , , , , , , , , , , , , , , , , , , , , , , , , , , , , , , , , , , , , , , , , , , , , , , , , , , , , , , , , , , , , , , , , , , , , , , , , , , , , , , , , , , , , , , , , , , , , , , , , , , , , , , , , , , , , , , , , , , , , , , , , , , , , , , , , , , , , , , , , , , , , , , , , , , , , , , , , , , , , , , , , , , , , , , , , , , , , , , , , , , , , , , , , , , , , , , , , , , , , , , , , , , , , , , , , , , , , , , , , , , , , , , , , , , , , , , , , , , , , , , , , , , , , , , , , , , , , , , , , , , , , , , , , 
991366,160301,Haryana,HR-R483,Rural,District name,Sub-district name,PSU name,Census/UFS PSU number,Address,HH/Flat/Apt number,Door number,GATS-3/115/07,Head name,Head father/spouse name,Observation,Male, , , , , , , , , , , , , , , , , , , , , , , , , , , , , , , , , , , , , , , , , , , , , , , , , , , , , , , , , , , , , , , , , , , , , , , , , , , , , , , , , , , , , , , , , , , , , , , , , , , , , , , , , , , , , , , , , , , , , , , , , , , , , , , , , , , , , , , , , , , , , , , , , , , , , , , , , , , , , , , , , , , , , , , , , , , , , , , , , , , , , , , , , , , , , , , , , , , , , , , , , , , , , , , , , , , , , , , , , , , , , , , , , , , , , , , , , , , , , , , , , , , , , , , , , , , , , , , , , , , , , , , , , , , , , , , , , , , , , , , , , , , , , , , , , , , , , , , , , , , , , , , , , , , , , , , , , , , , , , , , , , , , , , , , , , , , , , , , , , , , , , , , , , , , , , , , , , , , , , , , , , , , , , , , , , , , , , , , , , , , , , , , , , , , , , , , , , , , , , , , , , , , , , , , , , , , , , , , , , , , , , , , , , , , , , , , , , , , , , , , , , , , , , , , , , , , , , , , , , , , , , , , , , , , , , , , , , , , , , , , , , , , , , , , , , , , , , , , , , , , , , , , , , , , , , , , , , , , , , , , , , , , , , , , , , , , , , , , , , , , , , , , , , , , , , , , , , , , , , , , , , , , 
991367,160301,Haryana,HR-R993,Rural,District name,Sub-district name,PSU name,Census/UFS PSU number,Address,HH/Flat/Apt number,Door number,GATS-3/132/04,Head name,Head father/spouse name,Observation,Male, , , , , , , , , , , , , , , , , , , , , , , , , , , , , , , , , , , , , , , , , , , , , , , , , , , , , , , , , , , , , , , , , , , , , , , , , , , , , , , , , , , , , , , , , , , , , , , , , , , , , , , , , , , , , , , , , , , , , , , , , , , , , , , , , , , , , , , , , , , , , , , , , , , , , , , , , , , , , , , , , , , , , , , , , , , , , , , , , , , , , , , , , , , , , , , , , , , , , , , , , , , , , , , , , , , , , , , , , , , , , , , , , , , , , , , , , , , , , , , , , , , , , , , , , , , , , , , , , , , , , , , , , , , , , , , , , , , , , , , , , , , , , , , , , , , , , , , , , , , , , , , , , , , , , , , , , , , , , , , , , , , , , , , , , , , , , , , , , , , , , , , , , , , , , , , , , , , , , , , , , , , , , , , , , , , , , , , , , , , , , , , , , , , , , , , , , , , , , , , , , , , , , , , , , , , , , , , , , , , , , , , , , , , , , , , , , , , , , , , , , , , , , , , , , , , , , , , , , , , , , , , , , , , , , , , , , , , , , , , , , , , , , , , , , , , , , , , , , , , , , , , , , , , , , , , , , , , , , , , , , , , , , , , , , , , , , , , , , , , , , , , , , , , , , , , , , , , , , , , , , , , , 
991368,160301,Haryana,HR-U835,Urban,District name, ,PSU name,Census/UFS PSU number,Address,HH/Flat/Apt number,Door number,GATS-3/100/06,Head name,Head father/spouse name,Observation,Male, , , , , , , , , , , , , , , , , , , , , , , , , , , , , , , , , , , , , , , , , , , , , , , , , , , , , , , , , , , , , , , , , , , , , , , , , , , , , , , , , , , , , , , , , , , , , , , , , , , , , , , , , , , , , , , , , , , , , , , , , , , , , , , , , , , , , , , , , , , , , , , , , , , , , , , , , , , , , , , , , , , , , , , , , , , , , , , , , , , , , , , , , , , , , , , , , , , , , , , , , , , , , , , , , , , , , , , , , , , , , , , , , , , , , , , , , , , , , , , , , , , , , , , , , , , , , , , , , , , , , , , , , , , , , , , , , , , , , , , , , , , , , , , , , , , , , , , , , , , , , , , , , , , , , , , , , , , , , , , , , , , , , , , , , , , , , , , , , , , , , , , , , , , , , , , , , , , , , , , , , , , , , , , , , , , , , , , , , , , , , , , , , , , , , , , , , , , , , , , , , , , , , , , , , , , , , , , , , , , , , , , , , , , , , , , , , , , , , , , , , , , , , , , , , , , , , , , , , , , , , , , , , , , , , , , , , , , , , , , , , , , , , , , , , , , , , , , , , , , , , , , , , , , , , , , , , , , , , , , , , , , , , , , , , , , , , , , , , , , , , , , , , , , , , , , , , , , , , , , , , , , , 
991369,160301,Haryana,HR-R499,Rural,District name,Sub-district name,PSU name,Census/UFS PSU number,Address,HH/Flat/Apt number,Door number,GATS-3/185/01,Head name,Head father/spouse name,Observation,Male, , , , , , , , , , , , , , , , , , , , , , , , , , , , , , , , , , , , , , , , , , , , , , , , , , , , , , , , , , , , , , , , , , , , , , , , , , , , , , , , , , , , , , , , , , , , , , , , , , , , , , , , , , , , , , , , , , , , , , , , , , , , , , , , , , , , , , , , , , , , , , , , , , , , , , , , , , , , , , , , , , , , , , , , , , , , , , , , , , , , , , , , , , , , , , , , , , , , , , , , , , , , , , , , , , , , , , , , , , , , , , , , , , , , , , , , , , , , , , , , , , , , , , , , , , , , , , , , , , , , , , , , , , , , , , , , , , , , , , , , , , , , , , , , , , , , , , , , , , , , , , , , , , , , , , , , , , , , , , , , , , , , , , , , , , , , , , , , , , , , , , , , , , , , , , , , , , , , , , , , , , , , , , , , , , , , , , , , , , , , , , , , , , , , , , , , , , , , , , , , , , , , , , , , , , , , , , , , , , , , , , , , , , , , , , , , , , , , , , , , , , , , , , , , , , , , , , , , , , , , , , , , , , , , , , , , , , , , , , , , , , , , , , , , , , , , , , , , , , , , , , , , , , , , , , , , , , , , , , , , , , , , , , , , , , , , , , , , , , , , , , , , , , , , , , , , , , , , , , , , , , , , 
991370,160301,Haryana,HR-U045,Urban,District name, ,PSU name,Census/UFS PSU number,Address,HH/Flat/Apt number,Door number,GATS-3/119/08,Head name,Head father/spouse name,Observation,Male, , , , , , , , , , , , , , , , , , , , , , , , , , , , , , , , , , , , , , , , , , , , , , , , , , , , , , , , , , , , , , , , , , , , , , , , , , , , , , , , , , , , , , , , , , , , , , , , , , , , , , , , , , , , , , , , , , , , , , , , , , , , , , , , , , , , , , , , , , , , , , , , , , , , , , , , , , , , , , , , , , , , , , , , , , , , , , , , , , , , , , , , , , , , , , , , , , , , , , , , , , , , , , , , , , , , , , , , , , , , , , , , , , , , , , , , , , , , , , , , , , , , , , , , , , , , , , , , , , , , , , , , , , , , , , , , , , , , , , , , , , , , , , , , , , , , , , , , , , , , , , , , , , , , , , , , , , , , , , , , , , , , , , , , , , , , , , , , , , , , , , , , , , , , , , , , , , , , , , , , , , , , , , , , , , , , , , , , , , , , , , , , , , , , , , , , , , , , , , , , , , , , , , , , , , , , , , , , , , , , , , , , , , , , , , , , , , , , , , , , , , , , , , , , , , , , , , , , , , , , , , , , , , , , , , , , , , , , , , , , , , , , , , , , , , , , , , , , , , , , , , , , , , , , , , , , , , , , , , , , , , , , , , , , , , , , , , , , , , , , , , , , , , , , , , , , , , , , , , , , , , , , 
991371,160302,Haryana,HR-U235,Urban,District name, ,PSU name,Census/UFS PSU number,Address,HH/Flat/Apt number,Door number,GATS-3/179/02,Head name,Head father/spouse name,Observation,Female,1/29/2026 2:40:15 PM,1/29/2026 2:49:27 PM,1/29/2026 2:45:39 PM,1/29/2026 3:08:53 PM,1,62,2,shazada bano,0.642681277,200,1/29/2026 2:45:32 PM,400,1/29/2026 3:08:50 PM,200,1/29/2026 2:45:32 PM,400,1/29/2026 3:08:50 PM, , , , , , , , , , , , , , , , ,33.97655666666667 74.74787666666666 9.899999999999999 9.8,1,3,3, ,2,shazada bano,sabeena, , , , , , , , , , , , , , , , , , ,62,28, , , , , , , , , , , , , , , , , , , , , , , , , , , , , , , , , , , , , , , , , , , , , , , , , , , , , , , , , , ,2,2, , , , , , , , , , , , , , , , , , ,2,2, , , , , , , , , , , , , , , , , , ,2,2, , , , , , , , , , , , , , , , , , ,2,33.97645 74.749405 1174.1 10.4, , ,1,3,2,-7,1965, ,62,2,2,9,1,1,1,1,2,2,1,2,2,1,2,2,2,1,4,2, ,5,3, ,3, , , , , , , , , , , , , , , , , , , , , , , , , , , , , , , , , , , , , , , , , , , , , , , , , , , , , , , , , , , , , , , , ,2, , , , , , , , , , , , , , , , ,3, ,3, , , , , , , , , , , , , , , , , , , , , , , , , , , , , , , , , , , , , , , , , , , , , , , , , , , , , , , , , , , ,2, ,2, ,2, , , , , , , , , , , , , , , , , , , , , , , , , , , , , , , , , , , , , , , , , , , , , ,4, ,5,2, , , , ,2, ,1,2,2, , ,2, ,1,2,2, ,2, ,2, ,1,1, , , , , , , , , , , , , , , , , , , , , , , , , , , , , , ,2,2,2,2,2,2,2,2,2,2, , ,2,2,2,2,2,2,2,2,2,2,2, , ,2, , , , , , ,2,2,2,2,2,2,2,2,2,2,2,2,2,2, ,2,2,2,2,2,2,2,2,2,2,2,2, ,2,2,2,2,2,2,2,2,2,-7,2,2,2,2,2,2,2,2,2,2,2,2,2,2,2,1,1,1,1,1,1,1,2,1,1, , , ,respondent was good,62
991372,160302,Haryana,HR-U980,Urban,District name, ,PSU name,Census/UFS PSU number,Address,HH/Flat/Apt number,Door number,GATS-3/279/09,Head name,Head father/spouse name,Observation,Female,1/29/2026 3:17:07 PM,1/29/2026 3:25:55 PM,1/29/2026 3:22:28 PM,1/29/2026 3:41:48 PM,1,77,2,zeeba bano,0.851686047,200,1/29/2026 3:22:24 PM,400,1/29/2026 3:41:47 PM,200,1/29/2026 3:22:24 PM,400,1/29/2026 3:41:47 PM, , , , , , , , , , , , , , , , ,33.9773508 74.7479668 1644.199951171875 24.9,1,6,4,0,2,zeeba bano,mehmooda bano, , , , , , , , , , , , , , , , , , ,77,33, , , , , , , , , , , , , , , , , , , , , , , , , , , , , , , , , , , , , , , , , , , , , , , , , , , , , , , , , , ,2,2, , , , , , , , , , , , , , , , , , ,1,2, , , , , , , , , , , , , , , , , , ,2,2, , , , , , , , , , , , , , , , , , ,2,33.9773476 74.7479574 1644.199951171875 24.671, , ,1,3,2,7,1948, , , ,1,9,1,1,2,1,2,2,1,2,2,1,2,1,2,1,-7,2, ,5,1, , ,52, ,52, ,0, ,0, ,0, ,0, ,2, ,0, , ,4, , , , , , , , , , , , , , , , , , , , , , , , , , , , , , , , , , , , , , ,2, ,6,0,1, ,2,-7,2, , , , , , , , , , , , , , , , ,3, ,3, , , , , , , , , , , , , , , , , , , , , , , , , , , , , , , , , , , , , , , , , , , , , , , , , , , , , , , , , , , ,2, ,2, ,2, ,1,3, , ,2,2,2,2,2,2,2,2,2,2,2,2, ,1,3,1,1,2, , , , , , , , , , , , , , , , , , , , , , ,1,1,1,2, , , , ,2, ,1,2,2, , ,2, ,2, ,2, ,2, ,2, ,2,2, , , , , , , , , , , , , , , , , , , , , , , , , , , , , , ,2,2,2,2,2,2,2,2,2,2, , ,2,2,2,2,2,2,2,2,2,2,2, , ,2,2, , , , , ,2,2,2,2,2,2,2,2,2,2,2,2,2,2, ,2,2,2,2,2,2,2,2,2,2,2,2, ,2,2,2,2,2,2,2,-7,-7,2,2,2,2,2,2,2,2,2,2,2,2,2,2,2,2,2,1,1,2,1,2,2,2,2,2,1, , ,was good,77
991373,160302,Haryana,HR-U404,Urban,District name, ,PSU name,Census/UFS PSU number,Address,HH/Flat/Apt number,Door number,GATS-3/253/09,Head name,Head father/spouse name,Observation,Female,1/30/2026 11:45:38 AM,1/30/2026 11:50:22 AM,1/30/2026 11:50:17 AM,1/30/2026 11:57:32 AM,2,48,2,maksuda,0.686682944,200,1/30/2026 11:50:06 AM,400,1/30/2026 11:57:31 AM,200,1/30/2026 11:50:06 AM,400,1/30/2026 11:57:31 AM, , , , , , , , , , , , , , , , ,33.97585 74.74960666666666 1619.3 8.2,1,8,7,1,4,khursheed bano,maksuda,waheeda bano,aleeza, , , , , , , , , , , , , , , , ,82,48,29,15, , , , , , , , , , , , , , , , , , , ,5, , , , , , , , , , , , , , , , , , , ,2008, , , , , , , , , , , , , , , , ,2,2,2,2, , , , , , , , , , , , , , , , ,2,2,2,2, , , , , , , , , , , , , , , , ,2,2,2,2, , , , , , , , , , , , , , , , ,2, , , ,1,3,2,-7,-7, ,52,-7,1,8,1,1,2,1,1,2,1,1,2,1,2,1,2,1,-7,2, ,2,3, ,3, , , , , , , , , , , , , , , , , , , , , , , , , , , , , , , , , , , , , , , , , , , , , , , , , , , , , , , , , , , , , , , , ,2, , , , , , , , , , , , , , , , ,3, ,3, , , , , , , , , , , , , , , , , , , , , , , , , , , , , , , , , , , , , , , , , , , , , , , , , , , , , , , , , , , ,2, ,2, ,2, , , , , , , , , , , , , , , , , , , , , , , , , , , , , , , , , , , , , , , , , , , , , ,3, , ,2, , , , ,2, ,1,2,2, , ,2, ,1,2,2, ,2, ,2, ,2,2, , , , , , , , , , , , , , , , , , , , , , , , , , , , , , ,2,1,2,2,2,2,2,2,2,2, , ,2,2,1,2,2,2,2,2,2,2,2, , ,2, , , , , , ,2,2,2,1,2,2,2,2,2,2,2,2,2,2, ,2,1,2,2,2,2,2,2,2,2,2,2, ,2,2,2,2,2,2,2,2,2,2,2,2,2,2,2,2,2,2,2,2,2,2,1,1,2,2,-7,2,2,2,1,-7,-7,-7,-7, , , ,respondent was good,52
991374,160302,Haryana,HR-U809,Urban,District name, ,PSU name,Census/UFS PSU number,Address,HH/Flat/Apt number,Door number,GATS-3/063/03,Head name,Head father/spouse name,Observation,Female,1/30/2026 12:31:56 PM,1/30/2026 12:35:31 PM,1/30/2026 12:34:23 PM,1/30/2026 12:53:50 PM,1,82,2,Ghulam mohd bhat,0.70893631,200,1/30/2026 12:34:20 PM,400,1/30/2026 12:53:47 PM,200,1/30/2026 12:34:20 PM,400,1/30/2026 12:53:47 PM, , , , , , , , , , , , , , , , ,33.97557166666666 74.74862666666667 1625.5 11.3,1,5,5, ,2,Ghulam mohd bhat,Abdul hameed bhat, , , , , , , , , , , , , , , , , , ,82,62, , , , , , , , , , , , , , , , , , , , , , , , , , , , , , , , , , , , , , , , , , , , , , , , , , , , , , , , , , ,2,2, , , , , , , , , , , , , , , , , , ,2,2, , , , , , , , , , , , , , , , , , ,2,2, , , , , , , , , , , , , , , , , , ,2,33.97570666666666 74.74929833333334 1624.6 13.6, , ,1,3,2,-7,-7, ,53,-7,1,6,1,1,2,1,1,2,1,1,2,1,2,1,2,1,4,2, ,2,3, ,3, , , , , , , , , , , , , , , , , , , , , , , , , , , , , , , , , , , , , , , , , , , , , , , , , , , , , , , , , , , , , , , , ,2, , , , , , , , , , , , , , , , ,3, ,3, , , , , , , , , , , , , , , , , , , , , , , , , , , , , , , , , , , , , , , , , , , , , , , , , , , , , , , , , , , ,2, ,2, ,2, , , , , , , , , , , , , , , , , , , , , , , , , , , , , , , , , , , , , , , , , , , , , ,3, , ,2, , , , ,2, ,2, ,2, , ,2, ,2, ,2, ,2, ,2, ,1,1, , , , , , , , , , , , , , , , , , , , , , , , , , , , , , ,2,1,2,2,2,2,2,2,2,-9, , ,2,2,1,2,2,2,2,2,2,2,2, , ,2, , , , , , ,1,2,2,1,2,2,2,2,2,2,2,2,2,2, ,2,2,2,2,2,2,2,2,2,2,2,2, ,2,2,2,2,2,2,2,2,2,2,2,2,2,2,2,2,2,2,2,2,2,2,1,1,1,1,1,2,2,2,1,-7,-7,1,1, , , ,Respondent was good,53
991375,160302,Haryana,HR-U256,Urban,District name, ,PSU name,Census/UFS PSU number,Address,HH/Flat/Apt number,Door number,GATS-3/012/05,Head name,Head father/spouse name,Observation,Female,1/30/2026 1:01:37 PM,1/30/2026 1:06:49 PM,1/30/2026 1:06:39 PM,1/30/2026 1:15:22 PM,2,41,2,RafeeQA,0.801052873,200,1/30/2026 1:06:27 PM,400,1/30/2026 1:15:17 PM,200,1/30/2026 1:06:27 PM,400,1/30/2026 1:15:17 PM, , , , , , , , , , , , , , , , ,33.975945 74.74866166666668 1634.6 6.8,1,8,8, ,8,Habibullal dar,RafeeQA,bilal ahmad,Asmat,Mohd iqbal,tahir ahmad,haseena,Abu talha, , , , , , , , , , , , ,53,41,28,25,24,19,26,16, , , , , , , , , , , , , , , , , , , ,-7, , , , , , , , , , , , , , , , , , , ,-7, , , , , , , , , , , , ,2,2,2,2,2,2,2,2, , , , , , , , , , , , ,2,2,2,2,1,2,2,2, , , , , , , , , , , , ,2,2,2,2,1,2,2,2, , , , , , , , , , , , ,2,33.975903333333335 74.74841166666667 1635.3 13.1, , ,1,3,2,-7,-7, ,42,2,1,6,1,1,2,1,1,2,1,2,1,1,2,1,2,1,4,2, ,2,3, ,3, , , , , , , , , , , , , , , , , , , , , , , , , , , , , , , , , , , , , , , , , , , , , , , , , , , , , , , , , , , , , , , , ,2, , , , , , , , , , , , , , , , ,3, ,3, , , , , , , , , , , , , , , , , , , , , , , , , , , , , , , , , , , , , , , , , , , , , , , , , , , , , , , , , , , ,2, ,2, ,2, , , , , , , , , , , , , , , , , , , , , , , , , , , , , , , , , , , , , , , , , , , , , ,4, ,2,2, , , , ,2, ,1,2,2, , ,2, ,1,2,2, ,2, ,2, ,2,2, , , , , , , , , , , , , , , , , , , , , , , , , , , , , , ,2,1,2,2,2,2,2,2,2,2, , ,2,2,1,2,2,2,2,2,2,2,2, , ,2, , , , , , ,2,2,2,1,2,2,2,2,2,2,2,2,2,2, ,2,1,2,2,2,2,2,2,2,2,2,2, ,2,2,2,2,2,-7,2,2,2,2,2,2,2,2,2,2,2,2,2,2,2,2,2,1,1,1,1,1,1,2,2,2,2,1,1, , ,2,respondent was good,42
991376,160302,Haryana,HR-R019,Rural,District name,Sub-district name,PSU name,Census/UFS PSU number,Address,HH/Flat/Apt number,Door number,GATS-3/229/01,Head name,Head father/spouse name,Observation,Female,1/30/2026 2:47:53 PM,1/30/2026 2:53:16 PM,1/30/2026 2:53:10 PM,1/30/2026 3:03:02 PM,2,36,2,sabi jaan,0.68978237,200,1/30/2026 2:53:08 PM,400,1/30/2026 3:03:01 PM,200,1/30/2026 2:53:08 PM,400,1/30/2026 3:03:01 PM, , , , , , , , , , , , , , , , ,33.97642666666666 74.74749 1646.1 7.6,1,4,2,2,2,irshad iqbal bhat,sabi jaan, , , , , , , , , , , , , , , , , , ,36,36, , , , , , , , , , , , , , , , , , , , , , , , , , , , , , , , , , , , , , , , , , , , , , , , , , , , , , , , , , ,2,2, , , , , , , , , , , , , , , , , , ,1,2, , , , , , , , , , , , , , , , , , ,1,2, , , , , , , , , , , , , , , , , , ,2,33.97644666666667 74.74720333333333 1646.3 7.1, , ,1,8,2,10,1988, , , ,7,6,1,1,2,1,1,1,1,1,2,1,2,1,2,1,4,2, ,2,3, ,3, , , , , , , , , , , , , , , , , , , , , , , , , , , , , , , , , , , , , , , , , , , , , , , , , , , , , , , , , , , , , , , , ,1,3,2, , , , , , , , , , , , , ,2,3, ,3, , , , , , , , , , , , , , , , , , , , , , , , , , , , , , , , , , , , , , , , , , , , , , , , , , , , , , , , , , , ,2, ,2, ,2, , , , , , , , , , , , , , , , , , , , , , , , , , , , , , , , , , , , , , , , , , , , , ,2,2,1,2, , , , ,2, ,2, ,2, , ,2, ,2, ,2, ,2, ,2, ,2,1, , , , , , , , , , , , , , , , , , , , , , , , , , , , , , ,2,2,2,2,2,2,2,2,2,2, , ,2,2,2,2,2,2,2,2,2,2,2, , ,2, , , , , , ,2,2,1,2,2,2,2,2,2,2,2,2,2,2, ,2,2,2,2,2,2,2,2,2,2,2,2, ,2,2,2,2,2,2,2,2,2,2,2,2,2,2,2,2,2,2,2,2,2,2,2,1,1,1,1,1,2,2,1,2,2,1,1, , ,2,Respondent was good,37
991377,160302,Haryana,HR-R708,Rural,District name,Sub-district name,PSU name,Census/UFS PSU number,Address,HH/Flat/Apt number,Door number,GATS-3/272/06,Head name,Head father/spouse name,Observation,Female,1/30/2026 3:10:59 PM,1/30/2026 3:12:53 PM,1/30/2026 3:12:39 PM,1/30/2026 3:22:09 PM,1,38,2,shabir ahmad bhat,0.915280271,200,1/30/2026 3:12:29 PM,400,1/30/2026 3:22:08 PM,200,1/30/2026 3:12:29 PM,400,1/30/2026 3:22:08 PM, , , , , , , , , , , , , , , , ,33.976383 74.7469068 1653.5 64.1,1,3,2,1,1,shabir ahmad bhat, , , , , , , , , , , , , , , , , , , ,38, , , , , , , , , , , , , , , , , , , , , , , , , , , , , , , , , , , , , , , , , , , , , , , , , , , , , , , , , , , ,2, , , , , , , , , , , , , , , , , , , ,1, , , , , , , , , , , , , , , , , , , ,2, , , , , , , , , , , , , , , , , , , ,2,33.9763824 74.7469109 1653.5 52.4, , ,1,8,2,-7,-7, ,32,2,1,6,1,1,2,1,2,2,1,2,2,1,2,1,2,2,4,2, ,2,3, ,3, , , , , , , , , , , , , , , , , , , , , , , , , , , , , , , , , , , , , , , , , , , , , , , , , , , , , , , , , , , , , , , , ,2, , , , , , , , , , , , , , , , ,3, ,3, , , , , , , , , , , , , , , , , , , , , , , , , , , , , , , , , , , , , , , , , , , , , , , , , , , , , , , , , , , ,2, ,2, ,2, , , , , , , , , , , , , , , , , , , , , , , , , , , , , , , , , , , , , , , , , , , , , ,1,1,1,2, , , , ,2, ,1,1,2, , ,2, ,1,2,2, ,2, ,2, ,2,1, , , , , , , , , , , , , , , , , , , , , , , , , , , , , , ,2,2,2,2,2,2,2,2,2,2, , ,2,2,1,2,2,2,2,2,2,2,2, , ,2, , , , , , ,1,1,2,2,2,2,2,2,2,2,2,2,2,2, ,2,2,2,2,2,2,2,2,7,2,2,2, ,2,2,2,2,2,2,2,2,2,2,2,2,2,2,2,2,2,2,2,2,2,2,2,2,2,2,2,2,2,2,2,2,2,2,2, , ,2,respondent was good,32
991378,160302,Haryana,HR-R991,Rural,District name,Sub-district name,PSU name,Census/UFS PSU number,Address,HH/Flat/Apt number,Door number,GATS-3/137/03,Head name,Head father/spouse name,Observation,Female,1/30/2026 7:40:35 PM,1/30/2026 7:42:32 PM,1/30/2026 7:42:22 PM,1/30/2026 7:51:30 PM,2,32,2,yasmina,0.348549142,200,1/30/2026 7:42:13 PM,400,1/30/2026 7:51:28 PM,200,1/30/2026 7:42:13 PM,400,1/30/2026 7:51:28 PM, , , , , , , , , , , , , , , , , ,1,4,4, ,2,AISHA,yasmina, , , , , , , , , , , , , , , , , , ,56,32, , , , , , , , , , , , , , , , , , , , , , , , , , , , , , , , , , , , , , , , , , , , , , , , , , , , , , , , , , ,2,2, , , , , , , , , , , , , , , , , , ,2,2, , , , , , , , , , , , , , , , , , ,2,2, , , , , , , , , , , , , , , , , , ,2, , , ,1,8,2,9,-7, ,32,2,6,6,1,1,2,1,1,2,1,2,1,1,2,1,2,1,4,2, ,1,3, ,3, , , , , , , , , , , , , , , , , , , , , , , , , , , , , , , , , , , , , , , , , , , , , , , , , , , , , , , , , , , , , , , , ,2, , , , , , , , , , , , , , , , ,3, ,3, , , , , , , , , , , , , , , , , , , , , , , , , , , , , , , , , , , , , , , , , , , , , , , , , , , , , , , , , , , ,2, ,2, ,2, , , , , , , , , , , , , , , , , , , , , , , , , , , , , , , , , , , , , , , , , , , , , ,3, , ,2, , , , ,2, ,2, ,2, , ,2, ,2, ,2, ,2, ,2, ,1,1, , , , , , , , , , , , , , , , , , , , , , , , , , , , , , ,2,1,2,2,2,1,2,2,2,2, , ,2,2,1,2,2,2,1,2,2,2,2, , ,2, , , , , , ,2,2,1,1,2,2,2,2,2,1,2,1,2,2, ,1,1,2,2,2,2,2,2,2,2,2,2, ,2,2,2,2,2,2,2,2,2,2,2,2,2,2,2,2,2,2,2,2,2,2,2,2,1,1,1,1,1,1,1,2,1,1,1, , ,2,respondent was EXCELLENT,32
991379,160302,Haryana,HR-U177,Urban,District name, ,PSU name,Census/UFS PSU number,Address,HH/Flat/Apt number,Door number,GATS-3/235/05,Head name,Head father/spouse name,Observation,Female,1/30/2026 7:52:37 PM,1/30/2026 9:46:46 PM,1/30/2026 8:15:31 PM,1/30/2026 9:53:10 PM,1,42,2,Shafeeqa,0.79456584,200,1/30/2026 8:15:26 PM,400,1/30/2026 9:52:57 PM,200,1/30/2026 8:15:26 PM,400,1/30/2026 9:52:57 PM, , , , , , , , , , , , , , , , , ,1,4,4, ,2,Shafeeqa,ifra, , , , , , , , , , , , , , , , , , ,42,21, , , , , , , , , , , , , , , , , , , , , , , , , , , , , , , , , , , , , , , , , , , , , , , , , , , , , , , , , , ,2,2, , , , , , , , , , , , , , , , , , ,2,2, , , , , , , , , , , , , , , , , , ,2,2, , , , , , , , , , , , , , , , , , ,2, , , ,1,8,2,7,-7, ,21,2,5,5,1,1,1,1,2,2,1,2,2,1,2,1,2,1,4,2, ,1,3, ,3, , , , , , , , , , , , , , , , , , , , , , , , , , , , , , , , , , , , , , , , , , , , , , , , , , , , , , , , , , , , , , , , ,2, , , , , , , , , , , , , , , , ,3, ,3, , , , , , , , , , , , , , , , , , , , , , , , , , , , , , , , , , , , , , , , , , , , , , , , , , , , , , , , , , , ,2, ,2, ,2, , , , , , , , , , , , , , , , , , , , , , , , , , , , , , , , , , , , , , , , , , , , , ,3, , ,2, , , , ,2, ,1,2,2, , ,2, ,2, ,1,2,2, ,2, ,1,1, , , , , , , , , , , , , , , , , , , , , , , , , , , , , , ,2,1,2,2,2,1,2,2,2,2, , ,2,2,2,2,2,2,2,2,2,2,2, , ,2, , , , , , ,2,2,2,2,2,2,2,2,2,2,2,2,2,2, ,2,1,2,2,2,2,2,2,7,2,2,2, ,2,2,2,2,2,2,2,2,2,2,2,2,2,2,-7,2,2,2,2,2,2,2,2,1,1,1,1,1,1,1,2,2,2,2,2, , ,2,SHE WAS GOOD,21
991380,160302,Haryana,HR-R468,Rural,District name,Sub-district name,PSU name,Census/UFS PSU number,Address,HH/Flat/Apt number,Door number,GATS-3/294/01,Head name,Head father/spouse name,Observation,Female,1/30/2026 8:15:41 PM,1/31/2026 10:13:02 AM,1/30/2026 8:29:08 PM, ,6,17,2,rumaisa,0.120296827,200,1/30/2026 8:29:01 PM, , ,200,1/30/2026 8:29:01 PM, , , , , , , , , , , , , , , , , , , ,1,6,6, ,6,RAFIQA,saima,faiqa,ahmad,seema,rumaisa, , , , , , , , , , , , , , ,56,23,24,19,18,17, , , , , , , , , , , , , , , , , , , ,9, , , , , , , , , , , , , , , , , , , ,-7, , , , , , , , , , , , , , ,2,2,2,2,2,2, , , , , , , , , , , , , , ,2,2,2,2,2,2, , , , , , , , , , , , , , ,2,2,2,2,2,2, , , , , , , , , , , , , , ,2, , , ,1,8,2,2,-7, , , , , , , , , , , , , , , , , , , , , , , , , , , , , , , , , , , , , , , , , , , , , , , , , , , , , , , , , , , , , , , , , , , , , , , , , , , , , , , , , , , , , , , , , , , , , , , , , , , , , , , , , , , , , , , , , , , , , , , , , , , , , , , , , , , , , , , , , , , , , , , , , , , , , , , , , , , , , , , , , , , , , , , , , , , , , , , , , , , , , , , , , , , , , , , , , , , , , , , , , , , , , , , , , , , , , , , , , , , , , , , , , , , , , , , , , , , , , , , , , , , , , , , , , , , , , , , , , , , , , , , , , , , , , , , , , , , , , , , , , , , , , , , , , , , , , , , , , , , , , , , , , , , , , , , , , , , , , , , , , , , , , , , , , , , , , , , , , , , , , , , , , , , , , , , , , , , , , , , , , , , , , , , , , , , , , , , , 
991381,160302,Haryana,HR-U721,Urban,District name, ,PSU name,Census/UFS PSU number,Address,HH/Flat/Apt number,Door number,GATS-3/087/06,Head name,Head father/spouse name,Observation,Female,1/31/2026 10:27:37 AM,1/31/2026 10:29:51 AM,1/31/2026 10:29:29 AM,1/31/2026 10:37:24 AM,2,20,2,bisma,0.037421499,200,1/31/2026 10:29:27 AM,400,1/31/2026 10:37:23 AM,200,1/31/2026 10:29:27 AM,400,1/31/2026 10:37:23 AM, , , , , , , , , , , , , , , , , ,1,8,4,0,2,Rafeeqa bano,bisma, , , , , , , , , , , , , , , , , , ,40,20, , , , , , , , , , , , , , , , , , , , , , , , , , , , , , , , , , , , , , , , , , , , , , , , , , , , , , , , , , ,2,2, , , , , , , , , , , , , , , , , , ,2,2, , , , , , , , , , , , , , , , , , ,2,2, , , , , , , , , , , , , , , , , , ,2, , , ,1,8,2,8,2005, , , ,6,5,1,1,2,1,1,2,1,1,2,1,1,1,2,1,4,2, ,1,3, ,3, , , , , , , , , , , , , , , , , , , , , , , , , , , , , , , , , , , , , , , , , , , , , , , , , , , , , , , , , , , , , , , , ,2, , , , , , , , , , , , , , , , ,3, ,3, , , , , , , , , , , , , , , , , , , , , , , , , , , , , , , , , , , , , , , , , , , , , , , , , , , , , , , , , , , ,2, ,2, ,2, , , , , , , , , , , , , , , , , , , , , , , , , , , , , , , , , , , , , , , , , , , , , ,3, , ,2, , , , ,1,2,2, ,2, , ,2, ,1,2,1,2,2, ,2, ,1,1, , , , , , , , , , , , , , , , , , , , , , , , , , , , , , ,2,1,2,2,2,1,2,2,2,2, , ,2,2,1,2,2,2,1,2,2,2,2, , ,2, , , , , , ,2,2,1,2,2,2,2,2,2,1,2,2,2,2, ,1,1,2,2,2,2,2,1,2,1,7,2, ,2,2,2,2,2,2,2,2,2,2,2,2,2,2,2,2,2,2,2,2,2,2,2,1,1,1,1,2,1,1,1,1,1,1,1, , ,2,GOOD,20
991382,160302,Haryana,HR-R434,Rural,District name,Sub-district name,PSU name,Census/UFS PSU number,Address,HH/Flat/Apt number,Door number,GATS-3/281/04,Head name,Head father/spouse name,Observation,Female, , , , , , , , , , , , , , , , , , , , , , , , , , , , , , , , , , , , , , , , , , , , , , , , , , , , , , , , , , , , , , , , , , , , , , , , , , , , , , , , , , , , , , , , , , , , , , , , , , , , , , , , , , , , , , , , , , , , , , , , , , , , , , , , , , , , , , , , , , , , , , , , , , , , , , , , , , , , , , , , , , , , , , , , , , , , , , , , , , , , , , , , , , , , , , , , , , , , , , , , , , , , , , , , , , , , , , , , , , , , , , , , , , , , , , , , , , , , , , , , , , , , , , , , , , , , , , , , , , , , , , , , , , , , , , , , , , , , , , , , , , , , , , , , , , , , , , , , , , , , , , , , , , , , , , , , , , , , , , , , , , , , , , , , , , , , , , , , , , , , , , , , , , , , , , , , , , , , , , , , , , , , , , , , , , , , , , , , , , , , , , , , , , , , , , , , , , , , , , , , , , , , , , , , , , , , , , , , , , , , , , , , , , , , , , , , , , , , , , , , , , , , , , , , , , , , , , , , , , , , , , , , , , , , , , , , , , , , , , , , , , , , , , , , , , , , , , , , , , , , , , , , , , , , , , , , , , , , , , , , , , , , , , , , , , , , , , , , , , , , , , , , , , , , , , , , , , , , , , , , , , , , 
991383,160302,Haryana,HR-U328,Urban,District name, ,PSU name,Census/UFS PSU number,Address,HH/Flat/Apt number,Door number,GATS-3/121/02,Head name,Head father/spouse name,Observation,Female, , , , , , , , , , , , , , , , , , , , , , , , , , , , , , , , , , , , , , , , , , , , , , , , , , , , , , , , , , , , , , , , , , , , , , , , , , , , , , , , , , , , , , , , , , , , , , , , , , , , , , , , , , , , , , , , , , , , , , , , , , , , , , , , , , , , , , , , , , , , , , , , , , , , , , , , , , , , , , , , , , , , , , , , , , , , , , , , , , , , , , , , , , , , , , , , , , , , , , , , , , , , , , , , , , , , , , , , , , , , , , , , , , , , , , , , , , , , , , , , , , , , , , , , , , , , , , , , , , , , , , , , , , , , , , , , , , , , , , , , , , , , , , , , , , , , , , , , , , , , , , , , , , , , , , , , , , , , , , , , , , , , , , , , , , , , , , , , , , , , , , , , , , , , , , , , , , , , , , , , , , , , , , , , , , , , , , , , , , , , , , , , , , , , , , , , , , , , , , , , , , , , , , , , , , , , , , , , , , , , , , , , , , , , , , , , , , , , , , , , , , , , , , , , , , , , , , , , , , , , , , , , , , , , , , , , , , , , , , , , , , , , , , , , , , , , , , , , , , , , , , , , , , , , , , , , , , , , , , , , , , , , , , , , , , , , , , , , , , , , , , , , , , , , , , , , , , , , , , , , , , , , 
991384,160302,Haryana,HR-U102,Urban,District name, ,PSU name,Census/UFS PSU number,Address,HH/Flat/Apt number,Door number,GATS-3/076/04,Head name,Head father/spouse name,Observation,Female, , , , , , , , , , , , , , , , , , , , , , , , , , , , , , , , , , , , , , , , , , , , , , , , , , , , , , , , , , , , , , , , , , , , , , , , , , , , , , , , , , , , , , , , , , , , , , , , , , , , , , , , , , , , , , , , , , , , , , , , , , , , , , , , , , , , , , , , , , , , , , , , , , , , , , , , , , , , , , , , , , , , , , , , , , , , , , , , , , , , , , , , , , , , , , , , , , , , , , , , , , , , , , , , , , , , , , , , , , , , , , , , , , , , , , , , , , , , , , , , , , , , , , , , , , , , , , , , , , , , , , , , , , , , , , , , , , , , , , , , , , , , , , , , , , , , , , , , , , , , , , , , , , , , , , , , , , , , , , , , , , , , , , , , , , , , , , , , , , , , , , , , , , , , , , , , , , , , , , , , , , , , , , , , , , , , , , , , , , , , , , , , , , , , , , , , , , , , , , , , , , , , , , , , , , , , , , , , , , , , , , , , , , , , , , , , , , , , , , , , , , , , , , , , , , , , , , , , , , , , , , , , , , , , , , , , , , , , , , , , , , , , , , , , , , , , , , , , , , , , , , , , , , , , , , , , , , , , , , , , , , , , , , , , , , , , , , , , , , , , , , , , , , , , , , , , , , , , , , , , , , , , 
991385,160302,Haryana,HR-R552,Rural,District name,Sub-district name,PSU name,Census/UFS PSU number,Address,HH/Flat/Apt number,Door number,GATS-3/180/01,Head name,Head father/spouse name,Observation,Female, , , , , , , , , , , , , , , , , , , , , , , , , , , , , , , , , , , , , , , , , , , , , , , , , , , , , , , , , , , , , , , , , , , , , , , , , , , , , , , , , , , , , , , , , , , , , , , , , , , , , , , , , , , , , , , , , , , , , , , , , , , , , , , , , , , , , , , , , , , , , , , , , , , , , , , , , , , , , , , , , , , , , , , , , , , , , , , , , , , , , , , , , , , , , , , , , , , , , , , , , , , , , , , , , , , , , , , , , , , , , , , , , , , , , , , , , , , , , , , , , , , , , , , , , , , , , , , , , , , , , , , , , , , , , , , , , , , , , , , , , , , , , , , , , , , , , , , , , , , , , , , , , , , , , , , , , , , , , , , , , , , , , , , , , , , , , , , , , , , , , , , , , , , , , , , , , , , , , , , , , , , , , , , , , , , , , , , , , , , , , , , , , , , , , , , , , , , , , , , , , , , , , , , , , , , , , , , , , , , , , , , , , , , , , , , , , , , , , , , , , , , , , , , , , , , , , , , , , , , , , , , , , , , , , , , , , , , , , , , , , , , , , , , , , , , , , , , , , , , , , , , , , , , , , , , , , , , , , , , , , , , , , , , , , , , , , , , , , , , , , , , , , , , , , , , , , , , , , , , , , , , , 
991386,160302,Haryana,HR-R390,Rural,District name,Sub-district name,PSU name,Census/UFS PSU number,Address,HH/Flat/Apt number,Door number,GATS-3/232/09,Head name,Head father/spouse name,Observation,Female, , , , , , , , , , , , , , , , , , , , , , , , , , , , , , , , , , , , , , , , , , , , , , , , , , , , , , , , , , , , , , , , , , , , , , , , , , , , , , , , , , , , , , , , , , , , , , , , , , , , , , , , , , , , , , , , , , , , , , , , , , , , , , , , , , , , , , , , , , , , , , , , , , , , , , , , , , , , , , , , , , , , , , , , , , , , , , , , , , , , , , , , , , , , , , , , , , , , , , , , , , , , , , , , , , , , , , , , , , , , , , , , , , , , , , , , , , , , , , , , , , , , , , , , , , , , , , , , , , , , , , , , , , , , , , , , , , , , , , , , , , , , , , , , , , , , , , , , , , , , , , , , , , , , , , , , , , , , , , , , , , , , , , , , , , , , , , , , , , , , , , , , , , , , , , , , , , , , , , , , , , , , , , , , , , , , , , , , , , , , , , , , , , , , , , , , , , , , , , , , , , , , , , , , , , , , , , , , , , , , , , , , , , , , , , , , , , , , , , , , , , , , , , , , , , , , , , , , , , , , , , , , , , , , , , , , , , , , , , , , , , , , , , , , , , , , , , , , , , , , , , , , , , , , , , , , , , , , , , , , , , , , , , , , , , , , , , , , , , , , , , , , , , , , , , , , , , , , , , , , , , , , 
991387,160302,Haryana,HR-R864,Rural,District name,Sub-district name,PSU name,Census/UFS PSU number,Address,HH/Flat/Apt number,Door number,GATS-3/120/07,Head name,Head father/spouse name,Observation,Female, , , , , , , , , , , , , , , , , , , , , , , , , , , , , , , , , , , , , , , , , , , , , , , , , , , , , , , , , , , , , , , , , , , , , , , , , , , , , , , , , , , , , , , , , , , , , , , , , , , , , , , , , , , , , , , , , , , , , , , , , , , , , , , , , , , , , , , , , , , , , , , , , , , , , , , , , , , , , , , , , , , , , , , , , , , , , , , , , , , , , , , , , , , , , , , , , , , , , , , , , , , , , , , , , , , , , , , , , , , , , , , , , , , , , , , , , , , , , , , , , , , , , , , , , , , , , , , , , , , , , , , , , , , , , , , , , , , , , , , , , , , , , , , , , , , , , , , , , , , , , , , , , , , , , , , , , , , , , , , , , , , , , , , , , , , , , , , , , , , , , , , , , , , , , , , , , , , , , , , , , , , , , , , , , , , , , , , , , , , , , , , , , , , , , , , , , , , , , , , , , , , , , , , , , , , , , , , , , , , , , , , , , , , , , , , , , , , , , , , , , , , , , , , , , , , , , , , , , , , , , , , , , , , , , , , , , , , , , , , , , , , , , , , , , , , , , , , , , , , , , , , , , , , , , , , , , , , , , , , , , , , , , , , , , , , , , , , , , , , , , , , , , , , , , , , , , , , , , , , , , , , , 
991388,160302,Haryana,HR-R118,Rural,District name,Sub-district name,PSU name,Census/UFS PSU number,Address,HH/Flat/Apt number,Door number,GATS-3/103/06,Head name,Head father/spouse name,Observation,Female, , , , , , , , , , , , , , , , , , , , , , , , , , , , , , , , , , , , , , , , , , , , , , , , , , , , , , , , , , , , , , , , , , , , , , , , , , , , , , , , , , , , , , , , , , , , , , , , , , , , , , , , , , , , , , , , , , , , , , , , , , , , , , , , , , , , , , , , , , , , , , , , , , , , , , , , , , , , , , , , , , , , , , , , , , , , , , , , , , , , , , , , , , , , , , , , , , , , , , , , , , , , , , , , , , , , , , , , , , , , , , , , , , , , , , , , , , , , , , , , , , , , , , , , , , , , , , , , , , , , , , , , , , , , , , , , , , , , , , , , , , , , , , , , , , , , , , , , , , , , , , , , , , , , , , , , , , , , , , , , , , , , , , , , , , , , , , , , , , , , , , , , , , , , , , , , , , , , , , , , , , , , , , , , , , , , , , , , , , , , , , , , , , , , , , , , , , , , , , , , , , , , , , , , , , , , , , , , , , , , , , , , , , , , , , , , , , , , , , , , , , , , , , , , , , , , , , , , , , , , , , , , , , , , , , , , , , , , , , , , , , , , , , , , , , , , , , , , , , , , , , , , , , , , , , , , , , , , , , , , , , , , , , , , , , , , , , , , , , , , , , , , , , , , , , , , , , , , , , , , , , , , 
991389,160302,Haryana,HR-U847,Urban,District name, ,PSU name,Census/UFS PSU number,Address,HH/Flat/Apt number,Door number,GATS-3/035/05,Head name,Head father/spouse name,Observation,Female, , , , , , , , , , , , , , , , , , , , , , , , , , , , , , , , , , , , , , , , , , , , , , , , , , , , , , , , , , , , , , , , , , , , , , , , , , , , , , , , , , , , , , , , , , , , , , , , , , , , , , , , , , , , , , , , , , , , , , , , , , , , , , , , , , , , , , , , , , , , , , , , , , , , , , , , , , , , , , , , , , , , , , , , , , , , , , , , , , , , , , , , , , , , , , , , , , , , , , , , , , , , , , , , , , , , , , , , , , , , , , , , , , , , , , , , , , , , , , , , , , , , , , , , , , , , , , , , , , , , , , , , , , , , , , , , , , , , , , , , , , , , , , , , , , , , , , , , , , , , , , , , , , , , , , , , , , , , , , , , , , , , , , , , , , , , , , , , , , , , , , , , , , , , , , , , , , , , , , , , , , , , , , , , , , , , , , , , , , , , , , , , , , , , , , , , , , , , , , , , , , , , , , , , , , , , , , , , , , , , , , , , , , , , , , , , , , , , , , , , , , , , , , , , , , , , , , , , , , , , , , , , , , , , , , , , , , , , , , , , , , , , , , , , , , , , , , , , , , , , , , , , , , , , , , , , , , , , , , , , , , , , , , , , , , , , , , , , , , , , , , , , , , , , , , , , , , , , , , , , , , , , 
991390,160302,Haryana,HR-U740,Urban,District name, ,PSU name,Census/UFS PSU number,Address,HH/Flat/Apt number,Door number,GATS-3/161/03,Head name,Head father/spouse name,Observation,Female, , , , , , , , , , , , , , , , , , , , , , , , , , , , , , , , , , , , , , , , , , , , , , , , , , , , , , , , , , , , , , , , , , , , , , , , , , , , , , , , , , , , , , , , , , , , , , , , , , , , , , , , , , , , , , , , , , , , , , , , , , , , , , , , , , , , , , , , , , , , , , , , , , , , , , , , , , , , , , , , , , , , , , , , , , , , , , , , , , , , , , , , , , , , , , , , , , , , , , , , , , , , , , , , , , , , , , , , , , , , , , , , , , , , , , , , , , , , , , , , , , , , , , , , , , , , , , , , , , , , , , , , , , , , , , , , , , , , , , , , , , , , , , , , , , , , , , , , , , , , , , , , , , , , , , , , , , , , , , , , , , , , , , , , , , , , , , , , , , , , , , , , , , , , , , , , , , , , , , , , , , , , , , , , , , , , , , , , , , , , , , , , , , , , , , , , , , , , , , , , , , , , , , , , , , , , , , , , , , , , , , , , , , , , , , , , , , , , , , , , , , , , , , , , , , , , , , , , , , , , , , , , , , , , , , , , , , , , , , , , , , , , , , , , , , , , , , , , , , , , , , , , , , , , , , , , , , , , , , , , , , , , , , , , , , , , , , , , , , , , , , , , , , , , , , , , , , , , , , , , , , , , 
991391,160302,Haryana,HR-U030,Urban,District name, ,PSU name,Census/UFS PSU number,Address,HH/Flat/Apt number,Door number,GATS-3/265/02,Head name,Head father/spouse name,Observation,Female, , , , , , , , , , , , , , , , , , , , , , , , , , , , , , , , , , , , , , , , , , , , , , , , , , , , , , , , , , , , , , , , , , , , , , , , , , , , , , , , , , , , , , , , , , , , , , , , , , , , , , , , , , , , , , , , , , , , , , , , , , , , , , , , , , , , , , , , , , , , , , , , , , , , , , , , , , , , , , , , , , , , , , , , , , , , , , , , , , , , , , , , , , , , , , , , , , , , , , , , , , , , , , , , , , , , , , , , , , , , , , , , , , , , , , , , , , , , , , , , , , , , , , , , , , , , , , , , , , , , , , , , , , , , , , , , , , , , , , , , , , , , , , , , , , , , , , , , , , , , , , , , , , , , , , , , , , , , , , , , , , , , , , , , , , , , , , , , , , , , , , , , , , , , , , , , , , , , , , , , , , , , , , , , , , , , , , , , , , , , , , , , , , , , , , , , , , , , , , , , , , , , , , , , , , , , , , , , , , , , , , , , , , , , , , , , , , , , , , , , , , , , , , , , , , , , , , , , , , , , , , , , , , , , , , , , , , , , , , , , , , , , , , , , , , , , , , , , , , , , , , , , , , , , , , , , , , , , , , , , , , , , , , , , , , , , , , , , , , , , , , , , , , , , , , , , , , , , , , , , , , , , 
991392,160302,Haryana,HR-U120,Urban,District name, ,PSU name,Census/UFS PSU number,Address,HH/Flat/Apt number,Door number,GATS-3/224/01,Head name,Head father/spouse name,Observation,Female, , , , , , , , , , , , , , , , , , , , , , , , , , , , , , , , , , , , , , , , , , , , , , , , , , , , , , , , , , , , , , , , , , , , , , , , , , , , , , , , , , , , , , , , , , , , , , , , , , , , , , , , , , , , , , , , , , , , , , , , , , , , , , , , , , , , , , , , , , , , , , , , , , , , , , , , , , , , , , , , , , , , , , , , , , , , , , , , , , , , , , , , , , , , , , , , , , , , , , , , , , , , , , , , , , , , , , , , , , , , , , , , , , , , , , , , , , , , , , , , , , , , , , , , , , , , , , , , , , , , , , , , , , , , , , , , , , , , , , , , , , , , , , , , , , , , , , , , , , , , , , , , , , , , , , , , , , , , , , , , , , , , , , , , , , , , , , , , , , , , , , , , , , , , , , , , , , , , , , , , , , , , , , , , , , , , , , , , , , , , , , , , , , , , , , , , , , , , , , , , , , , , , , , , , , , , , , , , , , , , , , , , , , , , , , , , , , , , , , , , , , , , , , , , , , , , , , , , , , , , , , , , , , , , , , , , , , , , , , , , , , , , , , , , , , , , , , , , , , , , , , , , , , , , , , , , , , , , , , , , , , , , , , , , , , , , , , , , , , , , , , , , , , , , , , , , , , , , , , , , , , , , 
991393,160302,Haryana,HR-U174,Urban,District name, ,PSU name,Census/UFS PSU number,Address,HH/Flat/Apt number,Door number,GATS-3/181/07,Head name,Head father/spouse name,Observation,Female, , , , , , , , , , , , , , , , , , , , , , , , , , , , , , , , , , , , , , , , , , , , , , , , , , , , , , , , , , , , , , , , , , , , , , , , , , , , , , , , , , , , , , , , , , , , , , , , , , , , , , , , , , , , , , , , , , , , , , , , , , , , , , , , , , , , , , , , , , , , , , , , , , , , , , , , , , , , , , , , , , , , , , , , , , , , , , , , , , , , , , , , , , , , , , , , , , , , , , , , , , , , , , , , , , , , , , , , , , , , , , , , , , , , , , , , , , , , , , , , , , , , , , , , , , , , , , , , , , , , , , , , , , , , , , , , , , , , , , , , , , , , , , , , , , , , , , , , , , , , , , , , , , , , , , , , , , , , , , , , , , , , , , , , , , , , , , , , , , , , , , , , , , , , , , , , , , , , , , , , , , , , , , , , , , , , , , , , , , , , , , , , , , , , , , , , , , , , , , , , , , , , , , , , , , , , , , , , , , , , , , , , , , , , , , , , , , , , , , , , , , , , , , , , , , , , , , , , , , , , , , , , , , , , , , , , , , , , , , , , , , , , , , , , , , , , , , , , , , , , , , , , , , , , , , , , , , , , , , , , , , , , , , , , , , , , , , , , , , , , , , , , , , , , , , , , , , , , , , , , , , , , 
991394,160302,Haryana,HR-R259,Rural,District name,Sub-district name,PSU name,Census/UFS PSU number,Address,HH/Flat/Apt number,Door number,GATS-3/046/07,Head name,Head father/spouse name,Observation,Female, , , , , , , , , , , , , , , , , , , , , , , , , , , , , , , , , , , , , , , , , , , , , , , , , , , , , , , , , , , , , , , , , , , , , , , , , , , , , , , , , , , , , , , , , , , , , , , , , , , , , , , , , , , , , , , , , , , , , , , , , , , , , , , , , , , , , , , , , , , , , , , , , , , , , , , , , , , , , , , , , , , , , , , , , , , , , , , , , , , , , , , , , , , , , , , , , , , , , , , , , , , , , , , , , , , , , , , , , , , , , , , , , , , , , , , , , , , , , , , , , , , , , , , , , , , , , , , , , , , , , , , , , , , , , , , , , , , , , , , , , , , , , , , , , , , , , , , , , , , , , , , , , , , , , , , , , , , , , , , , , , , , , , , , , , , , , , , , , , , , , , , , , , , , , , , , , , , , , , , , , , , , , , , , , , , , , , , , , , , , , , , , , , , , , , , , , , , , , , , , , , , , , , , , , , , , , , , , , , , , , , , , , , , , , , , , , , , , , , , , , , , , , , , , , , , , , , , , , , , , , , , , , , , , , , , , , , , , , , , , , , , , , , , , , , , , , , , , , , , , , , , , , , , , , , , , , , , , , , , , , , , , , , , , , , , , , , , , , , , , , , , , , , , , , , , , , , , , , , , , , , , , 
991395,160302,Haryana,HR-U560,Urban,District name, ,PSU name,Census/UFS PSU number,Address,HH/Flat/Apt number,Door number,GATS-3/194/02,Head name,Head father/spouse name,Observation,Female, , , , , , , , , , , , , , , , , , , , , , , , , , , , , , , , , , , , , , , , , , , , , , , , , , , , , , , , , , , , , , , , , , , , , , , , , , , , , , , , , , , , , , , , , , , , , , , , , , , , , , , , , , , , , , , , , , , , , , , , , , , , , , , , , , , , , , , , , , , , , , , , , , , , , , , , , , , , , , , , , , , , , , , , , , , , , , , , , , , , , , , , , , , , , , , , , , , , , , , , , , , , , , , , , , , , , , , , , , , , , , , , , , , , , , , , , , , , , , , , , , , , , , , , , , , , , , , , , , , , , , , , , , , , , , , , , , , , , , , , , , , , , , , , , , , , , , , , , , , , , , , , , , , , , , , , , , , , , , , , , , , , , , , , , , , , , , , , , , , , , , , , , , , , , , , , , , , , , , , , , , , , , , , , , , , , , , , , , , , , , , , , , , , , , , , , , , , , , , , , , , , , , , , , , , , , , , , , , , , , , , , , , , , , , , , , , , , , , , , , , , , , , , , , , , , , , , , , , , , , , , , , , , , , , , , , , , , , , , , , , , , , , , , , , , , , , , , , , , , , , , , , , , , , , , , , , , , , , , , , , , , , , , , , , , , , , , , , , , , , , , , , , , , , , , , , , , , , , , , , , , , , 
991396,160302,Haryana,HR-R483,Rural,District name,Sub-district name,PSU name,Census/UFS PSU number,Address,HH/Flat/Apt number,Door number,GATS-3/115/07,Head name,Head father/spouse name,Observation,Female, , , , , , , , , , , , , , , , , , , , , , , , , , , , , , , , , , , , , , , , , , , , , , , , , , , , , , , , , , , , , , , , , , , , , , , , , , , , , , , , , , , , , , , , , , , , , , , , , , , , , , , , , , , , , , , , , , , , , , , , , , , , , , , , , , , , , , , , , , , , , , , , , , , , , , , , , , , , , , , , , , , , , , , , , , , , , , , , , , , , , , , , , , , , , , , , , , , , , , , , , , , , , , , , , , , , , , , , , , , , , , , , , , , , , , , , , , , , , , , , , , , , , , , , , , , , , , , , , , , , , , , , , , , , , , , , , , , , , , , , , , , , , , , , , , , , , , , , , , , , , , , , , , , , , , , , , , , , , , , , , , , , , , , , , , , , , , , , , , , , , , , , , , , , , , , , , , , , , , , , , , , , , , , , , , , , , , , , , , , , , , , , , , , , , , , , , , , , , , , , , , , , , , , , , , , , , , , , , , , , , , , , , , , , , , , , , , , , , , , , , , , , , , , , , , , , , , , , , , , , , , , , , , , , , , , , , , , , , , , , , , , , , , , , , , , , , , , , , , , , , , , , , , , , , , , , , , , , , , , , , , , , , , , , , , , , , , , , , , , , , , , , , , , , , , , , , , , , , , , , , , , , 
991397,160302,Haryana,HR-R993,Rural,District name,Sub-district name,PSU name,Census/UFS PSU number,Address,HH/Flat/Apt number,Door number,GATS-3/132/04,Head name,Head father/spouse name,Observation,Female, , , , , , , , , , , , , , , , , , , , , , , , , , , , , , , , , , , , , , , , , , , , , , , , , , , , , , , , , , , , , , , , , , , , , , , , , , , , , , , , , , , , , , , , , , , , , , , , , , , , , , , , , , , , , , , , , , , , , , , , , , , , , , , , , , , , , , , , , , , , , , , , , , , , , , , , , , , , , , , , , , , , , , , , , , , , , , , , , , , , , , , , , , , , , , , , , , , , , , , , , , , , , , , , , , , , , , , , , , , , , , , , , , , , , , , , , , , , , , , , , , , , , , , , , , , , , , , , , , , , , , , , , , , , , , , , , , , , , , , , , , , , , , , , , , , , , , , , , , , , , , , , , , , , , , , , , , , , , , , , , , , , , , , , , , , , , , , , , , , , , , , , , , , , , , , , , , , , , , , , , , , , , , , , , , , , , , , , , , , , , , , , , , , , , , , , , , , , , , , , , , , , , , , , , , , , , , , , , , , , , , , , , , , , , , , , , , , , , , , , , , , , , , , , , , , , , , , , , , , , , , , , , , , , , , , , , , , , , , , , , , , , , , , , , , , , , , , , , , , , , , , , , , , , , , , , , , , , , , , , , , , , , , , , , , , , , , , , , , , , , , , , , , , , , , , , , , , , , , , , , , , , 
991398,160302,Haryana,HR-U835,Urban,District name, ,PSU name,Census/UFS PSU number,Address,HH/Flat/Apt number,Door number,GATS-3/100/06,Head name,Head father/spouse name,Observation,Female, , , , , , , , , , , , , , , , , , , , , , , , , , , , , , , , , , , , , , , , , , , , , , , , , , , , , , , , , , , , , , , , , , , , , , , , , , , , , , , , , , , , , , , , , , , , , , , , , , , , , , , , , , , , , , , , , , , , , , , , , , , , , , , , , , , , , , , , , , , , , , , , , , , , , , , , , , , , , , , , , , , , , , , , , , , , , , , , , , , , , , , , , , , , , , , , , , , , , , , , , , , , , , , , , , , , , , , , , , , , , , , , , , , , , , , , , , , , , , , , , , , , , , , , , , , , , , , , , , , , , , , , , , , , , , , , , , , , , , , , , , , , , , , , , , , , , , , , , , , , , , , , , , , , , , , , , , , , , , , , , , , , , , , , , , , , , , , , , , , , , , , , , , , , , , , , , , , , , , , , , , , , , , , , , , , , , , , , , , , , , , , , , , , , , , , , , , , , , , , , , , , , , , , , , , , , , , , , , , , , , , , , , , , , , , , , , , , , , , , , , , , , , , , , , , , , , , , , , , , , , , , , , , , , , , , , , , , , , , , , , , , , , , , , , , , , , , , , , , , , , , , , , , , , , , , , , , , , , , , , , , , , , , , , , , , , , , , , , , , , , , , , , , , , , , , , , , , , , , , , , , , , 
991399,160302,Haryana,HR-R499,Rural,District name,Sub-district name,PSU name,Census/UFS PSU number,Address,HH/Flat/Apt number,Door number,GATS-3/185/01,Head name,Head father/spouse name,Observation,Female, , , , , , , , , , , , , , , , , , , , , , , , , , , , , , , , , , , , , , , , , , , , , , , , , , , , , , , , , , , , , , , , , , , , , , , , , , , , , , , , , , , , , , , , , , , , , , , , , , , , , , , , , , , , , , , , , , , , , , , , , , , , , , , , , , , , , , , , , , , , , , , , , , , , , , , , , , , , , , , , , , , , , , , , , , , , , , , , , , , , , , , , , , , , , , , , , , , , , , , , , , , , , , , , , , , , , , , , , , , , , , , , , , , , , , , , , , , , , , , , , , , , , , , , , , , , , , , , , , , , , , , , , , , , , , , , , , , , , , , , , , , , , , , , , , , , , , , , , , , , , , , , , , , , , , , , , , , , , , , , , , , , , , , , , , , , , , , , , , , , , , , , , , , , , , , , , , , , , , , , , , , , , , , , , , , , , , , , , , , , , , , , , , , , , , , , , , , , , , , , , , , , , , , , , , , , , , , , , , , , , , , , , , , , , , , , , , , , , , , , , , , , , , , , , , , , , , , , , , , , , , , , , , , , , , , , , , , , , , , , , , , , , , , , , , , , , , , , , , , , , , , , , , , , , , , , , , , , , , , , , , , , , , , , , , , , , , , , , , , , , , , , , , , , , , , , , , , , , , , , , , , , 
991400,160302,Haryana,HR-U045,Urban,District name, ,PSU name,Census/UFS PSU number,Address,HH/Flat/Apt number,Door number,GATS-3/119/08,Head name,Head father/spouse name,Observation,Female, , , , , , , , , , , , , , , , , , , , , , , , , , , , , , , , , , , , , , , , , , , , , , , , , , , , , , , , , , , , , , , , , , , , , , , , , , , , , , , , , , , , , , , , , , , , , , , , , , , , , , , , , , , , , , , , , , , , , , , , , , , , , , , , , , , , , , , , , , , , , , , , , , , , , , , , , , , , , , , , , , , , , , , , , , , , , , , , , , , , , , , , , , , , , , , , , , , , , , , , , , , , , , , , , , , , , , , , , , , , , , , , , , , , , , , , , , , , , , , , , , , , , , , , , , , , , , , , , , , , , , , , , , , , , , , , , , , , , , , , , , , , , , , , , , , , , , , , , , , , , , , , , , , , , , , , , , , , , , , , , , , , , , , , , , , , , , , , , , , , , , , , , , , , , , , , , , , , , , , , , , , , , , , , , , , , , , , , , , , , , , , , , , , , , , , , , , , , , , , , , , , , , , , , , , , , , , , , , , , , , , , , , , , , , , , , , , , , , , , , , , , , , , , , , , , , , , , , , , , , , , , , , , , , , , , , , , , , , , , , , , , , , , , , , , , , , , , , , , , , , , , , , , , , , , , , , , , , , , , , , , , , , , , , , , , , , , , , , , , , , , , , , , , , , , , , , , , , , , , , , , , , 
991431,160304,Haryana,HR-U235,Urban,District name, ,PSU name,Census/UFS PSU number,Address,HH/Flat/Apt number,Door number,GATS-3/179/02,Head name,Head father/spouse name,Observation,Female,1/30/2026 1:04:22 PM,1/30/2026 1:10:40 PM,1/30/2026 1:09:15 PM,1/30/2026 1:26:14 PM,1,34,2,Mubeena akhter,0.005100406,200,1/30/2026 1:09:13 PM,400,1/30/2026 1:26:13 PM,200,1/30/2026 1:09:13 PM,400,1/30/2026 1:26:13 PM, , , , , , , , , , , , , , , , , ,1,4,2,0,1,Mubeena akhter, , , , , , , , , , , , , , , , , , , ,34, , , , , , , , , , , , , , , , , , , , , , , , , , , , , , , , , , , , , , , , , , , , , , , , , , , , , , , , , , , ,2, , , , , , , , , , , , , , , , , , , ,2, , , , , , , , , , , , , , , , , , , ,2, , , , , , , , , , , , , , , , , , , ,2, , , ,1,8,2,9,1991, , , ,1,4,1,1,2,1,2,2,1,2,1,2,2,1,2,1,4,2, ,2,3, ,3, , , , , , , , , , , , , , , , , , , , , , , , , , , , , , , , , , , , , , , , , , , , , , , , , , , , , , , , , , , , , , , , ,2, , , , , , , , , , , , , , , , ,3, ,3, , , , , , , , , , , , , , , , , , , , , , , , , , , , , , , , , , , , , , , , , , , , , , , , , , , , , , , , , , , ,2, ,2, ,2, , , , , , , , , , , , , , , , , , , , , , , , , , , , , , , , , , , , , , , , , , , , , ,4, ,4,2, , , , ,2, ,2, ,2, , ,2, ,2, ,2, ,2, ,2, ,1,1, , , , , , , , , , , , , , , , , , , , , , , , , , , , , , ,2,2,2,2,2,2,2,2,2,2, , ,2,2,2,2,2,2,2,2,2,2,2, , ,2, , , , , , ,2,2,2,2,2,2,2,2,2,2,2,2,2,2, ,2,2,2,2,2,2,2,2,2,2,2,2, ,2,2,2,2,2,2,2,2,2,2,2,2,2,2,2,2,2,2,2,2,2,2,1,-7,1,-7,1,-7,1,2,1,-7,-7,1,1, , ,2,Cooperative respondant,34
991432,160304,Haryana,HR-U980,Urban,District name, ,PSU name,Census/UFS PSU number,Address,HH/Flat/Apt number,Door number,GATS-3/279/09,Head name,Head father/spouse name,Observation,Female,1/30/2026 2:19:37 PM,1/30/2026 2:30:04 PM,1/30/2026 2:27:45 PM,1/30/2026 2:42:10 PM,1,36,2,Fatima,0.732843983,200,1/30/2026 2:27:41 PM,400,1/30/2026 2:42:07 PM,200,1/30/2026 2:27:41 PM,400,1/30/2026 2:42:07 PM, , , , , , , , , , , , , , , , ,33.97635666666667 74.74752166666667 1625.3 16.0,1,5,4,0,2,Fatima,Arooja shabir, , , , , , , , , , , , , , , , , , ,36,18, , , , , , , , , , , , , , , , , , , , , , , , , , , , , , , , , , , , , , , , , , , , , , , , , , , , , , , , , , ,2,2, , , , , , , , , , , , , , , , , , ,2,2, , , , , , , , , , , , , , , , , , ,2,2, , , , , , , , , , , , , , , , , , ,2,33.97642 74.7475384 1649.199951171875 56.1, , ,1,8,2,5,1989, , , ,1,6,1,1,2,1,2,2,1,2,1,1,2,1,2,1,4,2, ,2,3, ,3, , , , , , , , , , , , , , , , , , , , , , , , , , , , , , , , , , , , , , , , , , , , , , , , , , , , , , , , , , , , , , , , ,2, , , , , , , , , , , , , , , , ,3, ,3, , , , , , , , , , , , , , , , , , , , , , , , , , , , , , , , , , , , , , , , , , , , , , , , , , , , , , , , , , , ,2, ,2, ,2, , , , , , , , , , , , , , , , , , , , , , , , , , , , , , , , , , , , , , , , , , , , , ,4, ,4,2, , , , ,2, ,2, ,2, , ,2, ,1,2,2, ,2, ,2, ,1,1, , , , , , , , , , , , , , , , , , , , , , , , , , , , , , ,2,2,2,2,2,2,2,2,2,2, , ,2,2,2,2,2,2,2,2,2,2,2, , ,2, , , , , , ,2,2,2,2,2,2,2,2,2,2,2,2,2,2, ,2,2,2,2,2,2,2,2,2,2,2,2, ,2,2,2,2,2,2,2,2,2,2,2,2,2,2,2,2,2,2,2,2,2,2,1,-7,1,-7,1,-7,1,2,1,-7,-7,1,1, , ,2,Respondant was cooperative,36
991433,160304,Haryana,HR-U404,Urban,District name, ,PSU name,Census/UFS PSU number,Address,HH/Flat/Apt number,Door number,GATS-3/253/09,Head name,Head father/spouse name,Observation,Female,1/30/2026 2:51:24 PM,1/30/2026 2:58:53 PM,1/30/2026 2:58:39 PM,1/30/2026 3:09:12 PM,1,58,2,Sara,0.027108467,200,1/30/2026 2:58:33 PM,400,1/30/2026 3:09:11 PM,200,1/30/2026 2:58:33 PM,400,1/30/2026 3:09:11 PM, , , , , , , , , , , , , , , , , ,1,3,3, ,1,Sara, , , , , , , , , , , , , , , , , , , ,58, , , , , , , , , , , , , , , , , , , , , , , , , , , , , , , , , , , , , , , , , , , , , , , , , , , , , , , , , , , ,2, , , , , , , , , , , , , , , , , , , ,2, , , , , , , , , , , , , , , , , , , ,2, , , , , , , , , , , , , , , , , , , ,2, , , ,1,8,2,10,1967, , , ,1,6,1,1,2,1,1,2,1,2,2,1,2,1,2,1,4,2, ,2,3, ,3, , , , , , , , , , , , , , , , , , , , , , , , , , , , , , , , , , , , , , , , , , , , , , , , , , , , , , , , , , , , , , , , ,2, , , , , , , , , , , , , , , , ,3, ,3, , , , , , , , , , , , , , , , , , , , , , , , , , , , , , , , , , , , , , , , , , , , , , , , , , , , , , , , , , , ,2, ,2, ,2, , , , , , , , , , , , , , , , , , , , , , , , , , , , , , , , , , , , , , , , , , , , , ,3, , ,2, , , , ,2, ,2, ,2, , ,2, ,1,2,2, ,2, ,2, ,1,1, , , , , , , , , , , , , , , , , , , , , , , , , , , , , , ,2,2,2,2,2,2,2,2,2,2, , ,2,2,2,2,2,2,2,2,2,2,2, , ,2, , , , , , ,1,2,2,2,2,2,2,2,2,2,2,2,2,2, ,2,2,2,2,2,2,2,2,2,2,2,2, ,2,2,2,2,2,2,2,2,2,2,2,2,2,2,2,2,2,2,2,2,2,2,1,1,1,-7,1,-7,1,2,1,-7,-7,1,1, , , ,overall response good,58
991434,160304,Haryana,HR-U809,Urban,District name, ,PSU name,Census/UFS PSU number,Address,HH/Flat/Apt number,Door number,GATS-3/063/03,Head name,Head father/spouse name,Observation,Female,1/30/2026 3:30:54 PM,1/30/2026 3:41:36 PM,1/30/2026 3:39:35 PM,1/30/2026 3:48:42 PM,1,49,2,Saleema,0.52473705,200,1/30/2026 3:39:32 PM,400,1/30/2026 3:48:41 PM,200,1/30/2026 3:39:32 PM,400,1/30/2026 3:48:41 PM, , , , , , , , , , , , , , , , ,33.97651 74.74673666666666 1659.0 8.3,1,5,5, ,2,Saleema,Aamina, , , , , , , , , , , , , , , , , , ,49,26, , , , , , , , , , , , , , , , , , , , , , , , , , , , , , , , , , , , , , , , , , , , , , , , , , , , , , , , , , ,2,2, , , , , , , , , , , , , , , , , , ,2,2, , , , , , , , , , , , , , , , , , ,2,2, , , , , , , , , , , , , , , , , , ,2, , , ,1,8,2,1,1977, , , ,1,6,1,1,2,1,1,2,1,2,1,1,2,1,2,1,4,2, ,2,3, ,3, , , , , , , , , , , , , , , , , , , , , , , , , , , , , , , , , , , , , , , , , , , , , , , , , , , , , , , , , , , , , , , , ,2, , , , , , , , , , , , , , , , ,3, ,3, , , , , , , , , , , , , , , , , , , , , , , , , , , , , , , , , , , , , , , , , , , , , , , , , , , , , , , , , , , ,2, ,2, ,2, , , , , , , , , , , , , , , , , , , , , , , , , , , , , , , , , , , , , , , , , , , , , ,4, ,4,2, , , , ,2, ,2, ,2, , ,2, ,2, ,2, ,2, ,2, ,1,1, , , , , , , , , , , , , , , , , , , , , , , , , , , , , , ,2,2,2,2,2,2,2,2,2,2, , ,2,2,2,2,2,2,2,2,2,2,2, , ,2, , , , , , ,2,2,2,2,2,2,2,2,2,2,2,2,2,2, ,2,2,2,2,2,2,2,2,2,2,2,2, ,2,2,2,2,2,2,2,2,2,2,2,2,2,2,2,2,2,2,2,2,2,2,2,-7,1,1,1,-7,1,-7,1,-7,-7,1,1, , ,2,Good response,49
991435,160304,Haryana,HR-U256,Urban,District name, ,PSU name,Census/UFS PSU number,Address,HH/Flat/Apt number,Door number,GATS-3/012/05,Head name,Head father/spouse name,Observation,Female,1/30/2026 6:21:47 PM,1/30/2026 6:25:16 PM,1/30/2026 6:24:52 PM,1/30/2026 6:42:19 PM,1,38,2,Shameema,0.204611059,200,1/30/2026 6:24:48 PM,400,1/30/2026 6:42:16 PM,200,1/30/2026 6:24:48 PM,400,1/30/2026 6:42:16 PM, , , , , , , , , , , , , , , , ,33.89357 75.105145 1638.3 17.1,1,4,3,0,1,Shameema, , , , , , , , , , , , , , , , , , , ,38, , , , , , , , , , , , , , , , , , , , , , , , , , , , , , , , , , , , , , , , , , , , , , , , , , , , , , , , , , , ,2, , , , , , , , , , , , , , , , , , , ,2, , , , , , , , , , , , , , , , , , , ,2, , , , , , , , , , , , , , , , , , , ,2, , , ,1,8,2,4,1987, , , ,2,6,1,1,2,1,2,2,1,2,2,1,2,1,2,1,4,2, ,2,3, ,3, , , , , , , , , , , , , , , , , , , , , , , , , , , , , , , , , , , , , , , , , , , , , , , , , , , , , , , , , , , , , , , , ,2, , , , , , , , , , , , , , , , ,3, ,3, , , , , , , , , , , , , , , , , , , , , , , , , , , , , , , , , , , , , , , , , , , , , , , , , , , , , , , , , , , ,2, ,2, ,2, , , , , , , , , , , , , , , , , , , , , , , , , , , , , , , , , , , , , , , , , , , , , ,4, ,1,2, , , , ,1,2,1,2,2, , ,2, ,2, ,2, ,2, ,2, ,1,1, , , , , , , , , , , , , , , , , , , , , , , , , , , , , , ,2,2,2,2,2,2,2,2,2,2, , ,2,2,2,2,2,2,2,2,2,2,2, , ,2, , , , , , ,2,2,2,2,2,2,2,2,2,2,2,2,2,2, ,2,2,2,2,2,2,2,2,2,2,2,2, ,2,2,2,2,2,2,2,2,2,2,2,2,2,2,2,2,2,2,2,2,2,2,1,-7,1,-7,1,-7,1,2,1,-7,-7,1,1, , ,2,Good response,38
991436,160304,Haryana,HR-R019,Rural,District name,Sub-district name,PSU name,Census/UFS PSU number,Address,HH/Flat/Apt number,Door number,GATS-3/229/01,Head name,Head father/spouse name,Observation,Female,1/30/2026 7:02:02 PM,1/30/2026 7:16:44 PM,1/30/2026 7:16:17 PM,1/30/2026 7:26:49 PM,1,36,2,Sumaira,0.512990815,200,1/30/2026 7:16:12 PM,400,1/30/2026 7:26:47 PM,200,1/30/2026 7:16:12 PM,400,1/30/2026 7:26:47 PM, , , , , , , , , , , , , , , , , ,1,4,2,0,1,Sumaira, , , , , , , , , , , , , , , , , , , ,36, , , , , , , , , , , , , , , , , , , , , , , , , , , , , , , , , , , , , , , , , , , , , , , , , , , , , , , , , , , ,2, , , , , , , , , , , , , , , , , , , ,2, , , , , , , , , , , , , , , , , , , ,2, , , , , , , , , , , , , , , , , , , ,2, , , ,1,8,2,3,1987, , , ,4,6,1,1,2,1,1,2,1,2,1,1,2,1,2,1,4,2, ,2,-7, , , , , , , , , , , , , , , , , , , , , , , , , , , , , , , , , , , , , , , , , , , , , , , , , , , , , , , , , , , , , , , , , , ,2, , , , , , , , , , , , , , , , ,3, ,3, , , , , , , , , , , , , , , , , , , , , , , , , , , , , , , , , , , , , , , , , , , , , , , , , , , , , , , , , , , ,2, ,2, ,2, , , , , , , , , , , , , , , , , , , , , , , , , , , , , , , , , , , , , , , , , , , , , ,4, ,3,2, , , , ,2, ,1,2,2, , ,2, ,1,2,2, ,2, ,2, ,1,1, , , , , , , , , , , , , , , , , , , , , , , , , , , , , , ,2,2,2,2,2,2,2,2,2,2, , ,2,2,2,2,2,2,2,2,2,2,2, , ,2, , , , , , ,2,2,2,2,2,2,2,2,2,2,2,2,2,2, ,2,2,2,2,2,2,2,2,2,2,2,2, ,2,2,2,2,2,2,2,2,2,2,2,2,2,2,2,2,2,2,2,2,2,2,1,-7,1,-7,1,-7,1,-7,1,-7,-7,1,1, , ,2,respondant was good,38
991437,160304,Haryana,HR-R708,Rural,District name,Sub-district name,PSU name,Census/UFS PSU number,Address,HH/Flat/Apt number,Door number,GATS-3/272/06,Head name,Head father/spouse name,Observation,Female, , , , , , , , , , , , , , , , , , , , , , , , , , , , , , , , , , , , , , , , , , , , , , , , , , , , , , , , , , , , , , , , , , , , , , , , , , , , , , , , , , , , , , , , , , , , , , , , , , , , , , , , , , , , , , , , , , , , , , , , , , , , , , , , , , , , , , , , , , , , , , , , , , , , , , , , , , , , , , , , , , , , , , , , , , , , , , , , , , , , , , , , , , , , , , , , , , , , , , , , , , , , , , , , , , , , , , , , , , , , , , , , , , , , , , , , , , , , , , , , , , , , , , , , , , , , , , , , , , , , , , , , , , , , , , , , , , , , , , , , , , , , , , , , , , , , , , , , , , , , , , , , , , , , , , , , , , , , , , , , , , , , , , , , , , , , , , , , , , , , , , , , , , , , , , , , , , , , , , , , , , , , , , , , , , , , , , , , , , , , , , , , , , , , , , , , , , , , , , , , , , , , , , , , , , , , , , , , , , , , , , , , , , , , , , , , , , , , , , , , , , , , , , , , , , , , , , , , , , , , , , , , , , , , , , , , , , , , , , , , , , , , , , , , , , , , , , , , , , , , , , , , , , , , , , , , , , , , , , , , , , , , , , , , , , , , , , , , , , , , , , , , , , , , , , , , , , , , , , , , , , , , 
991438,160304,Haryana,HR-R991,Rural,District name,Sub-district name,PSU name,Census/UFS PSU number,Address,HH/Flat/Apt number,Door number,GATS-3/137/03,Head name,Head father/spouse name,Observation,Female, , , , , , , , , , , , , , , , , , , , , , , , , , , , , , , , , , , , , , , , , , , , , , , , , , , , , , , , , , , , , , , , , , , , , , , , , , , , , , , , , , , , , , , , , , , , , , , , , , , , , , , , , , , , , , , , , , , , , , , , , , , , , , , , , , , , , , , , , , , , , , , , , , , , , , , , , , , , , , , , , , , , , , , , , , , , , , , , , , , , , , , , , , , , , , , , , , , , , , , , , , , , , , , , , , , , , , , , , , , , , , , , , , , , , , , , , , , , , , , , , , , , , , , , , , , , , , , , , , , , , , , , , , , , , , , , , , , , , , , , , , , , , , , , , , , , , , , , , , , , , , , , , , , , , , , , , , , , , , , , , , , , , , , , , , , , , , , , , , , , , , , , , , , , , , , , , , , , , , , , , , , , , , , , , , , , , , , , , , , , , , , , , , , , , , , , , , , , , , , , , , , , , , , , , , , , , , , , , , , , , , , , , , , , , , , , , , , , , , , , , , , , , , , , , , , , , , , , , , , , , , , , , , , , , , , , , , , , , , , , , , , , , , , , , , , , , , , , , , , , , , , , , , , , , , , , , , , , , , , , , , , , , , , , , , , , , , , , , , , , , , , , , , , , , , , , , , , , , , , , , , , , 
991439,160304,Haryana,HR-U177,Urban,District name, ,PSU name,Census/UFS PSU number,Address,HH/Flat/Apt number,Door number,GATS-3/235/05,Head name,Head father/spouse name,Observation,Female, , , , , , , , , , , , , , , , , , , , , , , , , , , , , , , , , , , , , , , , , , , , , , , , , , , , , , , , , , , , , , , , , , , , , , , , , , , , , , , , , , , , , , , , , , , , , , , , , , , , , , , , , , , , , , , , , , , , , , , , , , , , , , , , , , , , , , , , , , , , , , , , , , , , , , , , , , , , , , , , , , , , , , , , , , , , , , , , , , , , , , , , , , , , , , , , , , , , , , , , , , , , , , , , , , , , , , , , , , , , , , , , , , , , , , , , , , , , , , , , , , , , , , , , , , , , , , , , , , , , , , , , , , , , , , , , , , , , , , , , , , , , , , , , , , , , , , , , , , , , , , , , , , , , , , , , , , , , , , , , , , , , , , , , , , , , , , , , , , , , , , , , , , , , , , , , , , , , , , , , , , , , , , , , , , , , , , , , , , , , , , , , , , , , , , , , , , , , , , , , , , , , , , , , , , , , , , , , , , , , , , , , , , , , , , , , , , , , , , , , , , , , , , , , , , , , , , , , , , , , , , , , , , , , , , , , , , , , , , , , , , , , , , , , , , , , , , , , , , , , , , , , , , , , , , , , , , , , , , , , , , , , , , , , , , , , , , , , , , , , , , , , , , , , , , , , , , , , , , , , , , , , 
991440,160304,Haryana,HR-R468,Rural,District name,Sub-district name,PSU name,Census/UFS PSU number,Address,HH/Flat/Apt number,Door number,GATS-3/294/01,Head name,Head father/spouse name,Observation,Female, , , , , , , , , , , , , , , , , , , , , , , , , , , , , , , , , , , , , , , , , , , , , , , , , , , , , , , , , , , , , , , , , , , , , , , , , , , , , , , , , , , , , , , , , , , , , , , , , , , , , , , , , , , , , , , , , , , , , , , , , , , , , , , , , , , , , , , , , , , , , , , , , , , , , , , , , , , , , , , , , , , , , , , , , , , , , , , , , , , , , , , , , , , , , , , , , , , , , , , , , , , , , , , , , , , , , , , , , , , , , , , , , , , , , , , , , , , , , , , , , , , , , , , , , , , , , , , , , , , , , , , , , , , , , , , , , , , , , , , , , , , , , , , , , , , , , , , , , , , , , , , , , , , , , , , , , , , , , , , , , , , , , , , , , , , , , , , , , , , , , , , , , , , , , , , , , , , , , , , , , , , , , , , , , , , , , , , , , , , , , , , , , , , , , , , , , , , , , , , , , , , , , , , , , , , , , , , , , , , , , , , , , , , , , , , , , , , , , , , , , , , , , , , , , , , , , , , , , , , , , , , , , , , , , , , , , , , , , , , , , , , , , , , , , , , , , , , , , , , , , , , , , , , , , , , , , , , , , , , , , , , , , , , , , , , , , , , , , , , , , , , , , , , , , , , , , , , , , , , , , , , , 
991441,160304,Haryana,HR-U721,Urban,District name, ,PSU name,Census/UFS PSU number,Address,HH/Flat/Apt number,Door number,GATS-3/087/06,Head name,Head father/spouse name,Observation,Female, , , , , , , , , , , , , , , , , , , , , , , , , , , , , , , , , , , , , , , , , , , , , , , , , , , , , , , , , , , , , , , , , , , , , , , , , , , , , , , , , , , , , , , , , , , , , , , , , , , , , , , , , , , , , , , , , , , , , , , , , , , , , , , , , , , , , , , , , , , , , , , , , , , , , , , , , , , , , , , , , , , , , , , , , , , , , , , , , , , , , , , , , , , , , , , , , , , , , , , , , , , , , , , , , , , , , , , , , , , , , , , , , , , , , , , , , , , , , , , , , , , , , , , , , , , , , , , , , , , , , , , , , , , , , , , , , , , , , , , , , , , , , , , , , , , , , , , , , , , , , , , , , , , , , , , , , , , , , , , , , , , , , , , , , , , , , , , , , , , , , , , , , , , , , , , , , , , , , , , , , , , , , , , , , , , , , , , , , , , , , , , , , , , , , , , , , , , , , , , , , , , , , , , , , , , , , , , , , , , , , , , , , , , , , , , , , , , , , , , , , , , , , , , , , , , , , , , , , , , , , , , , , , , , , , , , , , , , , , , , , , , , , , , , , , , , , , , , , , , , , , , , , , , , , , , , , , , , , , , , , , , , , , , , , , , , , , , , , , , , , , , , , , , , , , , , , , , , , , , , , , , , 
991442,160304,Haryana,HR-R434,Rural,District name,Sub-district name,PSU name,Census/UFS PSU number,Address,HH/Flat/Apt number,Door number,GATS-3/281/04,Head name,Head father/spouse name,Observation,Female, , , , , , , , , , , , , , , , , , , , , , , , , , , , , , , , , , , , , , , , , , , , , , , , , , , , , , , , , , , , , , , , , , , , , , , , , , , , , , , , , , , , , , , , , , , , , , , , , , , , , , , , , , , , , , , , , , , , , , , , , , , , , , , , , , , , , , , , , , , , , , , , , , , , , , , , , , , , , , , , , , , , , , , , , , , , , , , , , , , , , , , , , , , , , , , , , , , , , , , , , , , , , , , , , , , , , , , , , , , , , , , , , , , , , , , , , , , , , , , , , , , , , , , , , , , , , , , , , , , , , , , , , , , , , , , , , , , , , , , , , , , , , , , , , , , , , , , , , , , , , , , , , , , , , , , , , , , , , , , , , , , , , , , , , , , , , , , , , , , , , , , , , , , , , , , , , , , , , , , , , , , , , , , , , , , , , , , , , , , , , , , , , , , , , , , , , , , , , , , , , , , , , , , , , , , , , , , , , , , , , , , , , , , , , , , , , , , , , , , , , , , , , , , , , , , , , , , , , , , , , , , , , , , , , , , , , , , , , , , , , , , , , , , , , , , , , , , , , , , , , , , , , , , , , , , , , , , , , , , , , , , , , , , , , , , , , , , , , , , , , , , , , , , , , , , , , , , , , , , , , , , , 
991443,160304,Haryana,HR-U328,Urban,District name, ,PSU name,Census/UFS PSU number,Address,HH/Flat/Apt number,Door number,GATS-3/121/02,Head name,Head father/spouse name,Observation,Female, , , , , , , , , , , , , , , , , , , , , , , , , , , , , , , , , , , , , , , , , , , , , , , , , , , , , , , , , , , , , , , , , , , , , , , , , , , , , , , , , , , , , , , , , , , , , , , , , , , , , , , , , , , , , , , , , , , , , , , , , , , , , , , , , , , , , , , , , , , , , , , , , , , , , , , , , , , , , , , , , , , , , , , , , , , , , , , , , , , , , , , , , , , , , , , , , , , , , , , , , , , , , , , , , , , , , , , , , , , , , , , , , , , , , , , , , , , , , , , , , , , , , , , , , , , , , , , , , , , , , , , , , , , , , , , , , , , , , , , , , , , , , , , , , , , , , , , , , , , , , , , , , , , , , , , , , , , , , , , , , , , , , , , , , , , , , , , , , , , , , , , , , , , , , , , , , , , , , , , , , , , , , , , , , , , , , , , , , , , , , , , , , , , , , , , , , , , , , , , , , , , , , , , , , , , , , , , , , , , , , , , , , , , , , , , , , , , , , , , , , , , , , , , , , , , , , , , , , , , , , , , , , , , , , , , , , , , , , , , , , , , , , , , , , , , , , , , , , , , , , , , , , , , , , , , , , , , , , , , , , , , , , , , , , , , , , , , , , , , , , , , , , , , , , , , , , , , , , , , , , , , , 
991444,160304,Haryana,HR-U102,Urban,District name, ,PSU name,Census/UFS PSU number,Address,HH/Flat/Apt number,Door number,GATS-3/076/04,Head name,Head father/spouse name,Observation,Female, , , , , , , , , , , , , , , , , , , , , , , , , , , , , , , , , , , , , , , , , , , , , , , , , , , , , , , , , , , , , , , , , , , , , , , , , , , , , , , , , , , , , , , , , , , , , , , , , , , , , , , , , , , , , , , , , , , , , , , , , , , , , , , , , , , , , , , , , , , , , , , , , , , , , , , , , , , , , , , , , , , , , , , , , , , , , , , , , , , , , , , , , , , , , , , , , , , , , , , , , , , , , , , , , , , , , , , , , , , , , , , , , , , , , , , , , , , , , , , , , , , , , , , , , , , , , , , , , , , , , , , , , , , , , , , , , , , , , , , , , , , , , , , , , , , , , , , , , , , , , , , , , , , , , , , , , , , , , , , , , , , , , , , , , , , , , , , , , , , , , , , , , , , , , , , , , , , , , , , , , , , , , , , , , , , , , , , , , , , , , , , , , , , , , , , , , , , , , , , , , , , , , , , , , , , , , , , , , , , , , , , , , , , , , , , , , , , , , , , , , , , , , , , , , , , , , , , , , , , , , , , , , , , , , , , , , , , , , , , , , , , , , , , , , , , , , , , , , , , , , , , , , , , , , , , , , , , , , , , , , , , , , , , , , , , , , , , , , , , , , , , , , , , , , , , , , , , , , , , , , , , , 
991445,160304,Haryana,HR-R552,Rural,District name,Sub-district name,PSU name,Census/UFS PSU number,Address,HH/Flat/Apt number,Door number,GATS-3/180/01,Head name,Head father/spouse name,Observation,Female, , , , , , , , , , , , , , , , , , , , , , , , , , , , , , , , , , , , , , , , , , , , , , , , , , , , , , , , , , , , , , , , , , , , , , , , , , , , , , , , , , , , , , , , , , , , , , , , , , , , , , , , , , , , , , , , , , , , , , , , , , , , , , , , , , , , , , , , , , , , , , , , , , , , , , , , , , , , , , , , , , , , , , , , , , , , , , , , , , , , , , , , , , , , , , , , , , , , , , , , , , , , , , , , , , , , , , , , , , , , , , , , , , , , , , , , , , , , , , , , , , , , , , , , , , , , , , , , , , , , , , , , , , , , , , , , , , , , , , , , , , , , , , , , , , , , , , , , , , , , , , , , , , , , , , , , , , , , , , , , , , , , , , , , , , , , , , , , , , , , , , , , , , , , , , , , , , , , , , , , , , , , , , , , , , , , , , , , , , , , , , , , , , , , , , , , , , , , , , , , , , , , , , , , , , , , , , , , , , , , , , , , , , , , , , , , , , , , , , , , , , , , , , , , , , , , , , , , , , , , , , , , , , , , , , , , , , , , , , , , , , , , , , , , , , , , , , , , , , , , , , , , , , , , , , , , , , , , , , , , , , , , , , , , , , , , , , , , , , , , , , , , , , , , , , , , , , , , , , , , , , , , 
991446,160304,Haryana,HR-R390,Rural,District name,Sub-district name,PSU name,Census/UFS PSU number,Address,HH/Flat/Apt number,Door number,GATS-3/232/09,Head name,Head father/spouse name,Observation,Female, , , , , , , , , , , , , , , , , , , , , , , , , , , , , , , , , , , , , , , , , , , , , , , , , , , , , , , , , , , , , , , , , , , , , , , , , , , , , , , , , , , , , , , , , , , , , , , , , , , , , , , , , , , , , , , , , , , , , , , , , , , , , , , , , , , , , , , , , , , , , , , , , , , , , , , , , , , , , , , , , , , , , , , , , , , , , , , , , , , , , , , , , , , , , , , , , , , , , , , , , , , , , , , , , , , , , , , , , , , , , , , , , , , , , , , , , , , , , , , , , , , , , , , , , , , , , , , , , , , , , , , , , , , , , , , , , , , , , , , , , , , , , , , , , , , , , , , , , , , , , , , , , , , , , , , , , , , , , , , , , , , , , , , , , , , , , , , , , , , , , , , , , , , , , , , , , , , , , , , , , , , , , , , , , , , , , , , , , , , , , , , , , , , , , , , , , , , , , , , , , , , , , , , , , , , , , , , , , , , , , , , , , , , , , , , , , , , , , , , , , , , , , , , , , , , , , , , , , , , , , , , , , , , , , , , , , , , , , , , , , , , , , , , , , , , , , , , , , , , , , , , , , , , , , , , , , , , , , , , , , , , , , , , , , , , , , , , , , , , , , , , , , , , , , , , , , , , , , , , , , , , , 
991447,160304,Haryana,HR-R864,Rural,District name,Sub-district name,PSU name,Census/UFS PSU number,Address,HH/Flat/Apt number,Door number,GATS-3/120/07,Head name,Head father/spouse name,Observation,Female, , , , , , , , , , , , , , , , , , , , , , , , , , , , , , , , , , , , , , , , , , , , , , , , , , , , , , , , , , , , , , , , , , , , , , , , , , , , , , , , , , , , , , , , , , , , , , , , , , , , , , , , , , , , , , , , , , , , , , , , , , , , , , , , , , , , , , , , , , , , , , , , , , , , , , , , , , , , , , , , , , , , , , , , , , , , , , , , , , , , , , , , , , , , , , , , , , , , , , , , , , , , , , , , , , , , , , , , , , , , , , , , , , , , , , , , , , , , , , , , , , , , , , , , , , , , , , , , , , , , , , , , , , , , , , , , , , , , , , , , , , , , , , , , , , , , , , , , , , , , , , , , , , , , , , , , , , , , , , , , , , , , , , , , , , , , , , , , , , , , , , , , , , , , , , , , , , , , , , , , , , , , , , , , , , , , , , , , , , , , , , , , , , , , , , , , , , , , , , , , , , , , , , , , , , , , , , , , , , , , , , , , , , , , , , , , , , , , , , , , , , , , , , , , , , , , , , , , , , , , , , , , , , , , , , , , , , , , , , , , , , , , , , , , , , , , , , , , , , , , , , , , , , , , , , , , , , , , , , , , , , , , , , , , , , , , , , , , , , , , , , , , , , , , , , , , , , , , , , , , , , , , 
991448,160304,Haryana,HR-R118,Rural,District name,Sub-district name,PSU name,Census/UFS PSU number,Address,HH/Flat/Apt number,Door number,GATS-3/103/06,Head name,Head father/spouse name,Observation,Female, , , , , , , , , , , , , , , , , , , , , , , , , , , , , , , , , , , , , , , , , , , , , , , , , , , , , , , , , , , , , , , , , , , , , , , , , , , , , , , , , , , , , , , , , , , , , , , , , , , , , , , , , , , , , , , , , , , , , , , , , , , , , , , , , , , , , , , , , , , , , , , , , , , , , , , , , , , , , , , , , , , , , , , , , , , , , , , , , , , , , , , , , , , , , , , , , , , , , , , , , , , , , , , , , , , , , , , , , , , , , , , , , , , , , , , , , , , , , , , , , , , , , , , , , , , , , , , , , , , , , , , , , , , , , , , , , , , , , , , , , , , , , , , , , , , , , , , , , , , , , , , , , , , , , , , , , , , , , , , , , , , , , , , , , , , , , , , , , , , , , , , , , , , , , , , , , , , , , , , , , , , , , , , , , , , , , , , , , , , , , , , , , , , , , , , , , , , , , , , , , , , , , , , , , , , , , , , , , , , , , , , , , , , , , , , , , , , , , , , , , , , , , , , , , , , , , , , , , , , , , , , , , , , , , , , , , , , , , , , , , , , , , , , , , , , , , , , , , , , , , , , , , , , , , , , , , , , , , , , , , , , , , , , , , , , , , , , , , , , , , , , , , , , , , , , , , , , , , , , , , , , , 
991449,160304,Haryana,HR-U847,Urban,District name, ,PSU name,Census/UFS PSU number,Address,HH/Flat/Apt number,Door number,GATS-3/035/05,Head name,Head father/spouse name,Observation,Female, , , , , , , , , , , , , , , , , , , , , , , , , , , , , , , , , , , , , , , , , , , , , , , , , , , , , , , , , , , , , , , , , , , , , , , , , , , , , , , , , , , , , , , , , , , , , , , , , , , , , , , , , , , , , , , , , , , , , , , , , , , , , , , , , , , , , , , , , , , , , , , , , , , , , , , , , , , , , , , , , , , , , , , , , , , , , , , , , , , , , , , , , , , , , , , , , , , , , , , , , , , , , , , , , , , , , , , , , , , , , , , , , , , , , , , , , , , , , , , , , , , , , , , , , , , , , , , , , , , , , , , , , , , , , , , , , , , , , , , , , , , , , , , , , , , , , , , , , , , , , , , , , , , , , , , , , , , , , , , , , , , , , , , , , , , , , , , , , , , , , , , , , , , , , , , , , , , , , , , , , , , , , , , , , , , , , , , , , , , , , , , , , , , , , , , , , , , , , , , , , , , , , , , , , , , , , , , , , , , , , , , , , , , , , , , , , , , , , , , , , , , , , , , , , , , , , , , , , , , , , , , , , , , , , , , , , , , , , , , , , , , , , , , , , , , , , , , , , , , , , , , , , , , , , , , , , , , , , , , , , , , , , , , , , , , , , , , , , , , , , , , , , , , , , , , , , , , , , , , , , , , , 
991450,160304,Haryana,HR-U740,Urban,District name, ,PSU name,Census/UFS PSU number,Address,HH/Flat/Apt number,Door number,GATS-3/161/03,Head name,Head father/spouse name,Observation,Female, , , , , , , , , , , , , , , , , , , , , , , , , , , , , , , , , , , , , , , , , , , , , , , , , , , , , , , , , , , , , , , , , , , , , , , , , , , , , , , , , , , , , , , , , , , , , , , , , , , , , , , , , , , , , , , , , , , , , , , , , , , , , , , , , , , , , , , , , , , , , , , , , , , , , , , , , , , , , , , , , , , , , , , , , , , , , , , , , , , , , , , , , , , , , , , , , , , , , , , , , , , , , , , , , , , , , , , , , , , , , , , , , , , , , , , , , , , , , , , , , , , , , , , , , , , , , , , , , , , , , , , , , , , , , , , , , , , , , , , , , , , , , , , , , , , , , , , , , , , , , , , , , , , , , , , , , , , , , , , , , , , , , , , , , , , , , , , , , , , , , , , , , , , , , , , , , , , , , , , , , , , , , , , , , , , , , , , , , , , , , , , , , , , , , , , , , , , , , , , , , , , , , , , , , , , , , , , , , , , , , , , , , , , , , , , , , , , , , , , , , , , , , , , , , , , , , , , , , , , , , , , , , , , , , , , , , , , , , , , , , , , , , , , , , , , , , , , , , , , , , , , , , , , , , , , , , , , , , , , , , , , , , , , , , , , , , , , , , , , , , , , , , , , , , , , , , , , , , , , , , , , , 
991451,160304,Haryana,HR-U030,Urban,District name, ,PSU name,Census/UFS PSU number,Address,HH/Flat/Apt number,Door number,GATS-3/265/02,Head name,Head father/spouse name,Observation,Female, , , , , , , , , , , , , , , , , , , , , , , , , , , , , , , , , , , , , , , , , , , , , , , , , , , , , , , , , , , , , , , , , , , , , , , , , , , , , , , , , , , , , , , , , , , , , , , , , , , , , , , , , , , , , , , , , , , , , , , , , , , , , , , , , , , , , , , , , , , , , , , , , , , , , , , , , , , , , , , , , , , , , , , , , , , , , , , , , , , , , , , , , , , , , , , , , , , , , , , , , , , , , , , , , , , , , , , , , , , , , , , , , , , , , , , , , , , , , , , , , , , , , , , , , , , , , , , , , , , , , , , , , , , , , , , , , , , , , , , , , , , , , , , , , , , , , , , , , , , , , , , , , , , , , , , , , , , , , , , , , , , , , , , , , , , , , , , , , , , , , , , , , , , , , , , , , , , , , , , , , , , , , , , , , , , , , , , , , , , , , , , , , , , , , , , , , , , , , , , , , , , , , , , , , , , , , , , , , , , , , , , , , , , , , , , , , , , , , , , , , , , , , , , , , , , , , , , , , , , , , , , , , , , , , , , , , , , , , , , , , , , , , , , , , , , , , , , , , , , , , , , , , , , , , , , , , , , , , , , , , , , , , , , , , , , , , , , , , , , , , , , , , , , , , , , , , , , , , , , , , , , , 
991452,160304,Haryana,HR-U120,Urban,District name, ,PSU name,Census/UFS PSU number,Address,HH/Flat/Apt number,Door number,GATS-3/224/01,Head name,Head father/spouse name,Observation,Female, , , , , , , , , , , , , , , , , , , , , , , , , , , , , , , , , , , , , , , , , , , , , , , , , , , , , , , , , , , , , , , , , , , , , , , , , , , , , , , , , , , , , , , , , , , , , , , , , , , , , , , , , , , , , , , , , , , , , , , , , , , , , , , , , , , , , , , , , , , , , , , , , , , , , , , , , , , , , , , , , , , , , , , , , , , , , , , , , , , , , , , , , , , , , , , , , , , , , , , , , , , , , , , , , , , , , , , , , , , , , , , , , , , , , , , , , , , , , , , , , , , , , , , , , , , , , , , , , , , , , , , , , , , , , , , , , , , , , , , , , , , , , , , , , , , , , , , , , , , , , , , , , , , , , , , , , , , , , , , , , , , , , , , , , , , , , , , , , , , , , , , , , , , , , , , , , , , , , , , , , , , , , , , , , , , , , , , , , , , , , , , , , , , , , , , , , , , , , , , , , , , , , , , , , , , , , , , , , , , , , , , , , , , , , , , , , , , , , , , , , , , , , , , , , , , , , , , , , , , , , , , , , , , , , , , , , , , , , , , , , , , , , , , , , , , , , , , , , , , , , , , , , , , , , , , , , , , , , , , , , , , , , , , , , , , , , , , , , , , , , , , , , , , , , , , , , , , , , , , , , , , , 
991453,160304,Haryana,HR-U174,Urban,District name, ,PSU name,Census/UFS PSU number,Address,HH/Flat/Apt number,Door number,GATS-3/181/07,Head name,Head father/spouse name,Observation,Female, , , , , , , , , , , , , , , , , , , , , , , , , , , , , , , , , , , , , , , , , , , , , , , , , , , , , , , , , , , , , , , , , , , , , , , , , , , , , , , , , , , , , , , , , , , , , , , , , , , , , , , , , , , , , , , , , , , , , , , , , , , , , , , , , , , , , , , , , , , , , , , , , , , , , , , , , , , , , , , , , , , , , , , , , , , , , , , , , , , , , , , , , , , , , , , , , , , , , , , , , , , , , , , , , , , , , , , , , , , , , , , , , , , , , , , , , , , , , , , , , , , , , , , , , , , , , , , , , , , , , , , , , , , , , , , , , , , , , , , , , , , , , , , , , , , , , , , , , , , , , , , , , , , , , , , , , , , , , , , , , , , , , , , , , , , , , , , , , , , , , , , , , , , , , , , , , , , , , , , , , , , , , , , , , , , , , , , , , , , , , , , , , , , , , , , , , , , , , , , , , , , , , , , , , , , , , , , , , , , , , , , , , , , , , , , , , , , , , , , , , , , , , , , , , , , , , , , , , , , , , , , , , , , , , , , , , , , , , , , , , , , , , , , , , , , , , , , , , , , , , , , , , , , , , , , , , , , , , , , , , , , , , , , , , , , , , , , , , , , , , , , , , , , , , , , , , , , , , , , , , , , , 
991454,160304,Haryana,HR-R259,Rural,District name,Sub-district name,PSU name,Census/UFS PSU number,Address,HH/Flat/Apt number,Door number,GATS-3/046/07,Head name,Head father/spouse name,Observation,Female, , , , , , , , , , , , , , , , , , , , , , , , , , , , , , , , , , , , , , , , , , , , , , , , , , , , , , , , , , , , , , , , , , , , , , , , , , , , , , , , , , , , , , , , , , , , , , , , , , , , , , , , , , , , , , , , , , , , , , , , , , , , , , , , , , , , , , , , , , , , , , , , , , , , , , , , , , , , , , , , , , , , , , , , , , , , , , , , , , , , , , , , , , , , , , , , , , , , , , , , , , , , , , , , , , , , , , , , , , , , , , , , , , , , , , , , , , , , , , , , , , , , , , , , , , , , , , , , , , , , , , , , , , , , , , , , , , , , , , , , , , , , , , , , , , , , , , , , , , , , , , , , , , , , , , , , , , , , , , , , , , , , , , , , , , , , , , , , , , , , , , , , , , , , , , , , , , , , , , , , , , , , , , , , , , , , , , , , , , , , , , , , , , , , , , , , , , , , , , , , , , , , , , , , , , , , , , , , , , , , , , , , , , , , , , , , , , , , , , , , , , , , , , , , , , , , , , , , , , , , , , , , , , , , , , , , , , , , , , , , , , , , , , , , , , , , , , , , , , , , , , , , , , , , , , , , , , , , , , , , , , , , , , , , , , , , , , , , , , , , , , , , , , , , , , , , , , , , , , , , , , , , 
991455,160304,Haryana,HR-U560,Urban,District name, ,PSU name,Census/UFS PSU number,Address,HH/Flat/Apt number,Door number,GATS-3/194/02,Head name,Head father/spouse name,Observation,Female, , , , , , , , , , , , , , , , , , , , , , , , , , , , , , , , , , , , , , , , , , , , , , , , , , , , , , , , , , , , , , , , , , , , , , , , , , , , , , , , , , , , , , , , , , , , , , , , , , , , , , , , , , , , , , , , , , , , , , , , , , , , , , , , , , , , , , , , , , , , , , , , , , , , , , , , , , , , , , , , , , , , , , , , , , , , , , , , , , , , , , , , , , , , , , , , , , , , , , , , , , , , , , , , , , , , , , , , , , , , , , , , , , , , , , , , , , , , , , , , , , , , , , , , , , , , , , , , , , , , , , , , , , , , , , , , , , , , , , , , , , , , , , , , , , , , , , , , , , , , , , , , , , , , , , , , , , , , , , , , , , , , , , , , , , , , , , , , , , , , , , , , , , , , , , , , , , , , , , , , , , , , , , , , , , , , , , , , , , , , , , , , , , , , , , , , , , , , , , , , , , , , , , , , , , , , , , , , , , , , , , , , , , , , , , , , , , , , , , , , , , , , , , , , , , , , , , , , , , , , , , , , , , , , , , , , , , , , , , , , , , , , , , , , , , , , , , , , , , , , , , , , , , , , , , , , , , , , , , , , , , , , , , , , , , , , , , , , , , , , , , , , , , , , , , , , , , , , , , , , , , , , 
991456,160304,Haryana,HR-R483,Rural,District name,Sub-district name,PSU name,Census/UFS PSU number,Address,HH/Flat/Apt number,Door number,GATS-3/115/07,Head name,Head father/spouse name,Observation,Female, , , , , , , , , , , , , , , , , , , , , , , , , , , , , , , , , , , , , , , , , , , , , , , , , , , , , , , , , , , , , , , , , , , , , , , , , , , , , , , , , , , , , , , , , , , , , , , , , , , , , , , , , , , , , , , , , , , , , , , , , , , , , , , , , , , , , , , , , , , , , , , , , , , , , , , , , , , , , , , , , , , , , , , , , , , , , , , , , , , , , , , , , , , , , , , , , , , , , , , , , , , , , , , , , , , , , , , , , , , , , , , , , , , , , , , , , , , , , , , , , , , , , , , , , , , , , , , , , , , , , , , , , , , , , , , , , , , , , , , , , , , , , , , , , , , , , , , , , , , , , , , , , , , , , , , , , , , , , , , , , , , , , , , , , , , , , , , , , , , , , , , , , , , , , , , , , , , , , , , , , , , , , , , , , , , , , , , , , , , , , , , , , , , , , , , , , , , , , , , , , , , , , , , , , , , , , , , , , , , , , , , , , , , , , , , , , , , , , , , , , , , , , , , , , , , , , , , , , , , , , , , , , , , , , , , , , , , , , , , , , , , , , , , , , , , , , , , , , , , , , , , , , , , , , , , , , , , , , , , , , , , , , , , , , , , , , , , , , , , , , , , , , , , , , , , , , , , , , , , , , , , , 
991457,160304,Haryana,HR-R993,Rural,District name,Sub-district name,PSU name,Census/UFS PSU number,Address,HH/Flat/Apt number,Door number,GATS-3/132/04,Head name,Head father/spouse name,Observation,Female, , , , , , , , , , , , , , , , , , , , , , , , , , , , , , , , , , , , , , , , , , , , , , , , , , , , , , , , , , , , , , , , , , , , , , , , , , , , , , , , , , , , , , , , , , , , , , , , , , , , , , , , , , , , , , , , , , , , , , , , , , , , , , , , , , , , , , , , , , , , , , , , , , , , , , , , , , , , , , , , , , , , , , , , , , , , , , , , , , , , , , , , , , , , , , , , , , , , , , , , , , , , , , , , , , , , , , , , , , , , , , , , , , , , , , , , , , , , , , , , , , , , , , , , , , , , , , , , , , , , , , , , , , , , , , , , , , , , , , , , , , , , , , , , , , , , , , , , , , , , , , , , , , , , , , , , , , , , , , , , , , , , , , , , , , , , , , , , , , , , , , , , , , , , , , , , , , , , , , , , , , , , , , , , , , , , , , , , , , , , , , , , , , , , , , , , , , , , , , , , , , , , , , , , , , , , , , , , , , , , , , , , , , , , , , , , , , , , , , , , , , , , , , , , , , , , , , , , , , , , , , , , , , , , , , , , , , , , , , , , , , , , , , , , , , , , , , , , , , , , , , , , , , , , , , , , , , , , , , , , , , , , , , , , , , , , , , , , , , , , , , , , , , , , , , , , , , , , , , , , , , , , 
991458,160304,Haryana,HR-U835,Urban,District name, ,PSU name,Census/UFS PSU number,Address,HH/Flat/Apt number,Door number,GATS-3/100/06,Head name,Head father/spouse name,Observation,Female, , , , , , , , , , , , , , , , , , , , , , , , , , , , , , , , , , , , , , , , , , , , , , , , , , , , , , , , , , , , , , , , , , , , , , , , , , , , , , , , , , , , , , , , , , , , , , , , , , , , , , , , , , , , , , , , , , , , , , , , , , , , , , , , , , , , , , , , , , , , , , , , , , , , , , , , , , , , , , , , , , , , , , , , , , , , , , , , , , , , , , , , , , , , , , , , , , , , , , , , , , , , , , , , , , , , , , , , , , , , , , , , , , , , , , , , , , , , , , , , , , , , , , , , , , , , , , , , , , , , , , , , , , , , , , , , , , , , , , , , , , , , , , , , , , , , , , , , , , , , , , , , , , , , , , , , , , , , , , , , , , , , , , , , , , , , , , , , , , , , , , , , , , , , , , , , , , , , , , , , , , , , , , , , , , , , , , , , , , , , , , , , , , , , , , , , , , , , , , , , , , , , , , , , , , , , , , , , , , , , , , , , , , , , , , , , , , , , , , , , , , , , , , , , , , , , , , , , , , , , , , , , , , , , , , , , , , , , , , , , , , , , , , , , , , , , , , , , , , , , , , , , , , , , , , , , , , , , , , , , , , , , , , , , , , , , , , , , , , , , , , , , , , , , , , , , , , , , , , , , , , , , 
991459,160304,Haryana,HR-R499,Rural,District name,Sub-district name,PSU name,Census/UFS PSU number,Address,HH/Flat/Apt number,Door number,GATS-3/185/01,Head name,Head father/spouse name,Observation,Female, , , , , , , , , , , , , , , , , , , , , , , , , , , , , , , , , , , , , , , , , , , , , , , , , , , , , , , , , , , , , , , , , , , , , , , , , , , , , , , , , , , , , , , , , , , , , , , , , , , , , , , , , , , , , , , , , , , , , , , , , , , , , , , , , , , , , , , , , , , , , , , , , , , , , , , , , , , , , , , , , , , , , , , , , , , , , , , , , , , , , , , , , , , , , , , , , , , , , , , , , , , , , , , , , , , , , , , , , , , , , , , , , , , , , , , , , , , , , , , , , , , , , , , , , , , , , , , , , , , , , , , , , , , , , , , , , , , , , , , , , , , , , , , , , , , , , , , , , , , , , , , , , , , , , , , , , , , , , , , , , , , , , , , , , , , , , , , , , , , , , , , , , , , , , , , , , , , , , , , , , , , , , , , , , , , , , , , , , , , , , , , , , , , , , , , , , , , , , , , , , , , , , , , , , , , , , , , , , , , , , , , , , , , , , , , , , , , , , , , , , , , , , , , , , , , , , , , , , , , , , , , , , , , , , , , , , , , , , , , , , , , , , , , , , , , , , , , , , , , , , , , , , , , , , , , , , , , , , , , , , , , , , , , , , , , , , , , , , , , , , , , , , , , , , , , , , , , , , , , , , , , , 
991460,160304,Haryana,HR-U045,Urban,District name, ,PSU name,Census/UFS PSU number,Address,HH/Flat/Apt number,Door number,GATS-3/119/08,Head name,Head father/spouse name,Observation,Female, , , , , , , , , , , , , , , , , , , , , , , , , , , , , , , , , , , , , , , , , , , , , , , , , , , , , , , , , , , , , , , , , , , , , , , , , , , , , , , , , , , , , , , , , , , , , , , , , , , , , , , , , , , , , , , , , , , , , , , , , , , , , , , , , , , , , , , , , , , , , , , , , , , , , , , , , , , , , , , , , , , , , , , , , , , , , , , , , , , , , , , , , , , , , , , , , , , , , , , , , , , , , , , , , , , , , , , , , , , , , , , , , , , , , , , , , , , , , , , , , , , , , , , , , , , , , , , , , , , , , , , , , , , , , , , , , , , , , , , , , , , , , , , , , , , , , , , , , , , , , , , , , , , , , , , , , , , , , , , , , , , , , , , , , , , , , , , , , , , , , , , , , , , , , , , , , , , , , , , , , , , , , , , , , , , , , , , , , , , , , , , , , , , , , , , , , , , , , , , , , , , , , , , , , , , , , , , , , , , , , , , , , , , , , , , , , , , , , , , , , , , , , , , , , , , , , , , , , , , , , , , , , , , , , , , , , , , , , , , , , , , , , , , , , , , , , , , , , , , , , , , , , , , , , , , , , , , , , , , , , , , , , , , , , , , , , , , , , , , , , , , , , , , , , , , , , , , , , , , , , , , , 
991491,160402,Haryana,HR-U235,Urban,District name, ,PSU name,Census/UFS PSU number,Address,HH/Flat/Apt number,Door number,GATS-3/179/02,Head name,Head father/spouse name,Observation,Female,1/29/2026 11:58:23 AM,1/29/2026 12:05:04 PM,1/29/2026 12:04:13 PM,1/29/2026 12:25:34 PM,2,19,2,kulsuma,0.022321847,200,1/29/2026 12:04:10 PM,400,1/29/2026 12:25:31 PM,200,1/29/2026 12:04:10 PM,400,1/29/2026 12:25:31 PM, , , , , , , , , , , , , , , , , ,1,7,7, ,3,haleema,kulsuma,azie, , , , , , , , , , , , , , , , , ,50,19,70, , , , , , , , , , , , , , , , , , , , , , , , , , , , , , , , , , , , , , , , , , , , , , , , , , , , , , , , , ,2,2,2, , , , , , , , , , , , , , , , , ,2,2,2, , , , , , , , , , , , , , , , , ,2,2,2, , , , , , , , , , , , , , , , , ,2, , , ,1,8,2,9,2006, , , ,5,5,1,2,2,1,2,2,1,2,2,1,2,2,2,1,-7,2, ,1,-7, , , , , , , , , , , , , , , , , , , , , , , , , , , , , , , , , , , , , , , , , , , , , , , , , , , , , , , , , , , , , , , , , , ,2, , , , , , , , , , , , , , , , ,-7, , , , , , , , , , , , , , , , , , , , , , , , , , , , , , , , , , , , , , , , , , , , , , , , , , , , , , , , , , , , , ,2, ,2, ,2, , , , , , , , , , , , , , , , , , , , , , , , , , , , , , , , , , , , , , , , , , , , , ,4, ,-7,2, , , , ,2, ,2, ,2, , ,2, ,2, ,2, ,2, ,2, ,1,1, , , , , , , , , , , , , , , , , , , , , , , , , , , , , , ,2,2,2,2,2,2,2,2,2,2, , ,2,2,2,2,2,2,2,2,2,2,2, , ,2, , , , , , ,2,2,2,2,2,2,2,2,2,2,2,2,2,2, ,2,2,2,2,2,2,2,2,2,2,2,2, ,2,2,2,2,2,2,2,2,2,2,2,2,2,2,2,2,2,2,2,2,2,2,2,2,2,2,1,1,2,2,2,2,2,2,2, , ,2,it is very decated person fully,19
991492,160402,Haryana,HR-U980,Urban,District name, ,PSU name,Census/UFS PSU number,Address,HH/Flat/Apt number,Door number,GATS-3/279/09,Head name,Head father/spouse name,Observation,Female,1/29/2026 1:00:26 PM,1/29/2026 1:13:43 PM,1/29/2026 1:12:11 PM,1/29/2026 1:22:55 PM,4,17,2,misbah jan,0.104686695,200,1/29/2026 1:12:08 PM,400,1/29/2026 1:22:54 PM,200,1/29/2026 1:12:08 PM,400,1/29/2026 1:22:54 PM, , , , , , , , , , , , , , , , , ,1,6,6, ,6,gh mehdin bhut,zamrudda bano,shaista,misbah jan,misbah jan,misbah jan, , , , , , , , , , , , , , ,56,45,19,17,17,17, , , , , , , , , , , , , , , , , ,7,7,7, , , , , , , , , , , , , , , , , ,2008,2005,2005, , , , , , , , , , , , , , ,2,2,2,2,2,2, , , , , , , , , , , , , , ,2,2,2,2,2,2, , , , , , , , , , , , , , ,2,2,2,2,2,2, , , , , , , , , , , , , , ,2, , , ,1,8,2,7,2005, , , ,5,5,1,2,2,1,1,2,1,2,2,1,2,2,2,1,-7,2, ,1,-7, , , , , , , , , , , , , , , , , , , , , , , , , , , , , , , , , , , , , , , , , , , , , , , , , , , , , , , , , , , , , , , , , , ,2, , , , , , , , , , , , , , , , ,-7, , , , , , , , , , , , , , , , , , , , , , , , , , , , , , , , , , , , , , , , , , , , , , , , , , , , , , , , , , , , , ,2, ,2, ,2, , , , , , , , , , , , , , , , , , , , , , , , , , , , , , , , , , , , , , , , , , , , , ,2,2,5,2, , , , ,2, ,2, ,2, , ,2, ,2, ,2, ,2, ,2, ,2,2, , , , , , , , , , , , , , , , , , , , , , , , , , , , , , ,2,2,2,2,2,2,2,2,2,2, , ,2,2,1,2,2,2,2,2,2,2,2, , ,2, , , , , , ,2,2,2,2,2,2,2,2,2,2,2,2,2,2, ,2,1,2,2,2,2,2,2,2,2,2,2, ,2,2,2,2,2,2,2,2,2,2,2,2,2,2,2,2,2,2,2,2,2,2,2,2,1,1,1,1,2,2,2,2,1,2,2, , ,2,it is very cooperative fully,20
991493,160402,Haryana,HR-U404,Urban,District name, ,PSU name,Census/UFS PSU number,Address,HH/Flat/Apt number,Door number,GATS-3/253/09,Head name,Head father/spouse name,Observation,Female,1/30/2026 12:24:21 PM, ,1/30/2026 12:26:43 PM, , , , , , ,201,1/30/2026 12:26:35 PM, , ,201,1/30/2026 12:26:35 PM, , , , , , , , , , , , , , , , , , ,33.977738333333335 74.74776333333332 1297.1 6.5,1,4,2,0,0, , , , , , , , , , , , , , , , , , , , , , , , , , , , , , , , , , , , , , , , , , , , , , , , , , , , , , , , , , , , , , , , , , , , , , , , , , , , , , , , , , , , , , , , , , , , , , , , , , , , , , , , , , , , , , , , , , , , , , , , , , , , , , , , , , , , , , , , , , , , , , , , , , , , , , , , , , , , , , , , , , , , , , , , , , , , , , , , , , , , , , , , , , , , , , , , , , , , , , , , , , , , , , , , , , , , , , , , , , , , , , , , , , , , , , , , , , , , , , , , , , , , , , , , , , , , , , , , , , , , , , , , , , , , , , , , , , , , , , , , , , , , , , , , , , , , , , , , , , , , , , , , , , , , , , , , , , , , , , , , , , , , , , , , , , , , , , , , , , , , , , , , , , , , , , , , , , , , , , , , , , , , , , , , , , , , , , , , , , , , , , , , , , , , , , , , , , , , , , , , , , , , , , , , , , , , , , , , , , , , , , , , , , , , , , , , , , , , , , , , , , , , , , , , , , , , , , , , , , , , , , , , , , , , , , , , , , , , , , , , , , , , , , , , , , , , , , , , , , , , , , , , , , , , , , , , , , , , , , , , , , , , , 
991494,160402,Haryana,HR-U809,Urban,District name, ,PSU name,Census/UFS PSU number,Address,HH/Flat/Apt number,Door number,GATS-3/063/03,Head name,Head father/spouse name,Observation,Female, , , , , , , , , , , , , , , , , , , , , , , , , , , , , , , , , , , , , , , , , , , , , , , , , , , , , , , , , , , , , , , , , , , , , , , , , , , , , , , , , , , , , , , , , , , , , , , , , , , , , , , , , , , , , , , , , , , , , , , , , , , , , , , , , , , , , , , , , , , , , , , , , , , , , , , , , , , , , , , , , , , , , , , , , , , , , , , , , , , , , , , , , , , , , , , , , , , , , , , , , , , , , , , , , , , , , , , , , , , , , , , , , , , , , , , , , , , , , , , , , , , , , , , , , , , , , , , , , , , , , , , , , , , , , , , , , , , , , , , , , , , , , , , , , , , , , , , , , , , , , , , , , , , , , , , , , , , , , , , , , , , , , , , , , , , , , , , , , , , , , , , , , , , , , , , , , , , , , , , , , , , , , , , , , , , , , , , , , , , , , , , , , , , , , , , , , , , , , , , , , , , , , , , , , , , , , , , , , , , , , , , , , , , , , , , , , , , , , , , , , , , , , , , , , , , , , , , , , , , , , , , , , , , , , , , , , , , , , , , , , , , , , , , , , , , , , , , , , , , , , , , , , , , , , , , , , , , , , , , , , , , , , , , , , , , , , , , , , , , , , , , , , , , , , , , , , , , , , , , , , , , , 
991495,160402,Haryana,HR-U256,Urban,District name, ,PSU name,Census/UFS PSU number,Address,HH/Flat/Apt number,Door number,GATS-3/012/05,Head name,Head father/spouse name,Observation,Female,1/30/2026 12:27:08 PM,1/30/2026 12:31:17 PM,1/30/2026 12:28:53 PM,1/30/2026 12:42:18 PM,1,37,2,afroza bano,0.46522696,200,1/30/2026 12:28:50 PM,400,1/30/2026 12:42:16 PM,200,1/30/2026 12:28:50 PM,400,1/30/2026 12:42:16 PM, , , , , , , , , , , , , , , , ,33.977626666666666 74.74783166666666 1297.1 11.4,1,4,2,0,1,afroza bano, , , , , , , , , , , , , , , , , , , ,37, , , , , , , , , , , , , , , , , , , , , , , , , , , , , , , , , , , , , , , , , , , , , , , , , , , , , , , , , , , ,2, , , , , , , , , , , , , , , , , , , ,2, , , , , , , , , , , , , , , , , , , ,2, , , , , , , , , , , , , , , , , , , ,2,33.97761833333333 74.74839 1297.1 10.1, , ,1,8,2,6,1988, , , ,5,4,1,1,2,1,1,1,1,2,1,1,2,2,2,1,4,2, ,2,3, ,3, , , , , , , , , , , , , , , , , , , , , , , , , , , , , , , , , , , , , , , , , , , , , , , , , , , , , , , , , , , , , , , , ,2, , , , , , , , , , , , , , , , ,3, ,-7, , , , , , , , , , , , , , , , , , , , , , , , , , , , , , , , , , , , , , , , , , , , , , , , , , , , , , , , , , , ,2, ,2, ,2, , , , , , , , , , , , , , , , , , , , , , , , , , , , , , , , , , , , , , , , , , , , , ,1,1,-7,2, , , , ,2, ,2, ,2, , ,2, ,2, ,2, ,2, ,2, ,2,2, , , , , , , , , , , , , , , , , , , , , , , , , , , , , , ,1,1,2,2,2,1,2,2,2,2, , ,2,1,1,2,2,1,1,2,2,2,2, , ,2, , , , , , ,2,2,2,2,2,2,1,1,2,1,2,2,2,2, ,2,1,2,2,2,1,2,2,2,2,2,2, ,2,2,2,2,2,2,2,2,2,2,2,2,2,2,2,2,2,2,2,2,2,2,2,2,1,1,1,1,2,2,2,1,1,2,2, , ,2,it is very very cooperative fully,37
991496,160402,Haryana,HR-R019,Rural,District name,Sub-district name,PSU name,Census/UFS PSU number,Address,HH/Flat/Apt number,Door number,GATS-3/229/01,Head name,Head father/spouse name,Observation,Female,1/30/2026 12:47:42 PM, , , , , , , , ,201,1/30/2026 12:48:48 PM, , ,201,1/30/2026 12:48:48 PM, , , , , , , , , , , , , , , , , , ,33.977868333333326 74.74745833333333 1617.0 6.8,1,4,2,1,0, , , , , , , , , , , , , , , , , , , , , , , , , , , , , , , , , , , , , , , , , , , , , , , , , , , , , , , , , , , , , , , , , , , , , , , , , , , , , , , , , , , , , , , , , , , , , , , , , , , , , , , , , , , , , , , , , , , , , , , , , , , , , , , , , , , , , , , , , , , , , , , , , , , , , , , , , , , , , , , , , , , , , , , , , , , , , , , , , , , , , , , , , , , , , , , , , , , , , , , , , , , , , , , , , , , , , , , , , , , , , , , , , , , , , , , , , , , , , , , , , , , , , , , , , , , , , , , , , , , , , , , , , , , , , , , , , , , , , , , , , , , , , , , , , , , , , , , , , , , , , , , , , , , , , , , , , , , , , , , , , , , , , , , , , , , , , , , , , , , , , , , , , , , , , , , , , , , , , , , , , , , , , , , , , , , , , , , , , , , , , , , , , , , , , , , , , , , , , , , , , , , , , , , , , , , , , , , , , , , , , , , , , , , , , , , , , , , , , , , , , , , , , , , , , , , , , , , , , , , , , , , , , , , , , , , , , , , , , , , , , , , , , , , , , , , , , , , , , , , , , , , , , , , , , , , , , , , , , , , , , , , , , 
991497,160402,Haryana,HR-R708,Rural,District name,Sub-district name,PSU name,Census/UFS PSU number,Address,HH/Flat/Apt number,Door number,GATS-3/272/06,Head name,Head father/spouse name,Observation,Female,1/30/2026 12:50:21 PM,1/30/2026 12:54:34 PM,1/30/2026 12:52:33 PM,1/30/2026 1:04:20 PM,1,30,2,nahida,0.426161435,200,1/30/2026 12:52:26 PM,400,1/30/2026 1:04:18 PM,200,1/30/2026 12:52:26 PM,400,1/30/2026 1:04:18 PM, , , , , , , , , , , , , , , , ,33.978035 74.74756333333333 1615.8 15.7,1,4,2,1,1,nahida, , , , , , , , , , , , , , , , , , , ,30, , , , , , , , , , , , , , , , , , , , , , , , , , , , , , , , , , , , , , , , , , , , , , , , , , , , , , , , , , , ,2, , , , , , , , , , , , , , , , , , , ,2, , , , , , , , , , , , , , , , , , , ,2, , , , , , , , , , , , , , , , , , , ,2,33.97790666666666 74.74757666666666 1638.4 12.9, , ,1,8,2,5,1995, , , ,3,4,1,1,2,1,2,2,1,2,1,1,2,1,2,1,4,2, ,2,3, ,3, , , , , , , , , , , , , , , , , , , , , , , , , , , , , , , , , , , , , , , , , , , , , , , , , , , , , , , , , , , , , , , , ,2, , , , , , , , , , , , , , , , ,-7, , , , , , , , , , , , , , , , , , , , , , , , , , , , , , , , , , , , , , , , , , , , , , , , , , , , , , , , , , , , , ,2, ,2, ,2, , , , , , , , , , , , , , , , , , , , , , , , , , , , , , , , , , , , , , , , , , , , , ,3, , ,2, , , , ,2, ,2, ,2, , ,2, ,2, ,2, ,2, ,2, ,2,2, , , , , , , , , , , , , , , , , , , , , , , , , , , , , , ,1,1,1,2,2,1,2,2,2,2, , ,2,1,1,1,2,2,1,2,2,2,2, , ,2, , , , , , ,2,2,2,1,1,2,2,1,1,1,2,2,2,2, ,2,1,1,2,2,1,1,1,2,2,2,2, ,2,2,2,2,2,2,2,2,2,2,2,2,2,2,2,2,2,2,2,2,2,2,2,2,1,1,1,1,2,2,2,1,2,2,2, , ,1,good person,30
991498,160402,Haryana,HR-R991,Rural,District name,Sub-district name,PSU name,Census/UFS PSU number,Address,HH/Flat/Apt number,Door number,GATS-3/137/03,Head name,Head father/spouse name,Observation,Female,1/30/2026 1:21:45 PM,1/30/2026 1:31:48 PM,1/30/2026 1:30:33 PM,1/30/2026 1:32:40 PM,3,30,2,shagufta,0.301486808,200,1/30/2026 1:30:31 PM,408,1/30/2026 1:33:00 PM,200,1/30/2026 1:30:31 PM,408,1/30/2026 1:33:00 PM, , , , , , , , , , , , , , , , ,33.97773333333334 74.74705 1664.4 14.6,1,7,5,2,3,sara bano,nusrat bano,shagufta, , , , , , , , , , , , , , , , , ,65,37,30, , , , , , , , , , , , , , , , , , , , , , , , , , , , , , , , , , , , , , , , , , , , , , , , , , , , , , , , , ,2,2,2, , , , , , , , , , , , , , , , , ,2,2,2, , , , , , , , , , , , , , , , , ,2,2,2, , , , , , , , , , , , , , , , , , ,33.977913333333326 74.74716 1659.0 14.4, , , , , , , , , , , , , , , , , , , , , , , , , , , , , , , , , , , , , , , , , , , , , , , , , , , , , , , , , , , , , , , , , , , , , , , , , , , , , , , , , , , , , , , , , , , , , , , , , , , , , , , , , , , , , , , , , , , , , , , , , , , , , , , , , , , , , , , , , , , , , , , , , , , , , , , , , , , , , , , , , , , , , , , , , , , , , , , , , , , , , , , , , , , , , , , , , , , , , , , , , , , , , , , , , , , , , , , , , , , , , , , , , , , , , , , , , , , , , , , , , , , , , , , , , , , , , , , , , , , , , , , , , , , , , , , , , , , , , , , , , , , , , , , , , , , , , , , , , , , , , , , , , , , , , , , , , , , , , , , , , , , , , , , , , , , , , , , , , , , , , , , , , , , , , , , , , , , , , , , , , , , , , , , , , , , , , , , , , , , , , , , 
991499,160402,Haryana,HR-U177,Urban,District name, ,PSU name,Census/UFS PSU number,Address,HH/Flat/Apt number,Door number,GATS-3/235/05,Head name,Head father/spouse name,Observation,Female,1/30/2026 2:58:31 PM, , , , , , , , , , , , , , , , , , , , , , , , , , , , , , , , , , , , , , , , , , , , , , , , , , , , , , , , , , , , , , , , , , , , , , , , , , , , , , , , , , , , , , , , , , , , , , , , , , , , , , , , , , , , , , , , , , , , , , , , , , , , , , , , , , , , , , , , , , , , , , , , , , , , , , , , , , , , , , , , , , , , , , , , , , , , , , , , , , , , , , , , , , , , , , , , , , , , , , , , , , , , , , , , , , , , , , , , , , , , , , , , , , , , , , , , , , , , , , , , , , , , , , , , , , , , , , , , , , , , , , , , , , , , , , , , , , , , , , , , , , , , , , , , , , , , , , , , , , , , , , , , , , , , , , , , , , , , , , , , , , , , , , , , , , , , , , , , , , , , , , , , , , , , , , , , , , , , , , , , , , , , , , , , , , , , , , , , , , , , , , , , , , , , , , , , , , , , , , , , , , , , , , , , , , , , , , , , , , , , , , , , , , , , , , , , , , , , , , , , , , , , , , , , , , , , , , , , , , , , , , , , , , , , , , , , , , , , , , , , , , , , , , , , , , , , , , , , , , , , , , , , , , , , , , , , , , , , , , , , , , , , , , , , , , , , , , , , , , , , , , , , , , , , , , , , , , , , , , , , , , , 
991500,160402,Haryana,HR-R468,Rural,District name,Sub-district name,PSU name,Census/UFS PSU number,Address,HH/Flat/Apt number,Door number,GATS-3/294/01,Head name,Head father/spouse name,Observation,Female,1/30/2026 2:59:48 PM,1/30/2026 3:05:14 PM,1/30/2026 3:03:08 PM,1/30/2026 3:15:45 PM,2,18,2,Mariya jan,0.078302289,200,1/30/2026 3:03:05 PM,400,1/30/2026 3:15:42 PM,200,1/30/2026 3:03:05 PM,400,1/30/2026 3:15:42 PM, , , , , , , , , , , , , , , , ,33.977758333333334 74.74795333333333 1710.0 12.8,1,4,2,0,2,musrat bano,Mariya jan, , , , , , , , , , , , , , , , , , ,28,18, , , , , , , , , , , , , , , , , , , , , , , , , , , , , , , , , , , , , , , , , , , , , , , , , , , , , , , , , , ,2,2, , , , , , , , , , , , , , , , , , ,2,2, , , , , , , , , , , , , , , , , , ,2,2, , , , , , , , , , , , , , , , , , ,2,33.97764333333334 74.74798666666668 1707.9 13.7, , ,1,8,2,7,2007, , , ,3,5,1,1,2,1,2,2,1,2,2,1,2,2,2,1,-7,2, ,1,-7, , , , , , , , , , , , , , , , , , , , , , , , , , , , , , , , , , , , , , , , , , , , , , , , , , , , , , , , , , , , , , , , , , ,2, , , , , , , , , , , , , , , , ,-7, , , , , , , , , , , , , , , , , , , , , , , , , , , , , , , , , , , , , , , , , , , , , , , , , , , , , , , , , , , , , ,2, ,2, ,2, , , , , , , , , , , , , , , , , , , , , , , , , , , , , , , , , , , , , , , , , , , , , ,3, , ,2, , , , ,2, ,2, ,2, , ,2, ,2, ,2, ,2, ,2, ,2,2, , , , , , , , , , , , , , , , , , , , , , , , , , , , , , ,2,2,2,2,2,1,2,2,2,2, , ,2,2,2,2,2,2,1,2,2,2,2, , ,2, , , , , , ,2,2,2,2,2,2,2,2,2,1,2,2,2,2, ,2,2,2,2,2,2,2,1,2,2,2,2, ,2,2,2,2,2,2,2,2,2,2,2,2,2,2,2,2,2,2,2,2,2,2,2,2,1,1,1,2,2,2,2,2,2,2,2, , ,2,good person very cooperative,18
991501,160402,Haryana,HR-U721,Urban,District name, ,PSU name,Census/UFS PSU number,Address,HH/Flat/Apt number,Door number,GATS-3/087/06,Head name,Head father/spouse name,Observation,Female,1/30/2026 6:52:39 PM,1/30/2026 9:13:01 PM,1/30/2026 7:00:52 PM,1/30/2026 9:21:57 PM,1,30,2,abc,0.620281395,200,1/30/2026 7:00:49 PM,400,1/30/2026 9:21:55 PM,200,1/30/2026 7:00:49 PM,400,1/30/2026 9:21:55 PM, , , , , , , , , , , , , , , , ,34.080439999999996 74.64823 1565.9 9.8,1,5,2,1,1,abc, , , , , , , , , , , , , , , , , , , ,30, , , , , , , , , , , , , , , , , , , , , , , , , , , , , , , , , , , , , , , , , , , , , , , , , , , , , , , , , , , ,2, , , , , , , , , , , , , , , , , , , ,1, , , , , , , , , , , , , , , , , , , ,2, , , , , , , , , , , , , , , , , , , ,2,34.08013666666667 74.64899666666666 1582.1000000000001 12.3, , ,1,8,2,6,1995, , , ,6,4,1,1,2,1,1,1,1,2,2,1,2,2,1,1,4,2, ,1,3, ,3, , , , , , , , , , , , , , , , , , , , , , , , , , , , , , , , , , , , , , , , , , , , , , , , , , , , , , , , , , , , , , , , ,2, , , , , , , , , , , , , , , , ,3, ,3, , , , , , , , , , , , , , , , , , , , , , , , , , , , , , , , , , , , , , , , , , , , , , , , , , , , , , , , , , , ,2, ,2, ,2, , , , , , , , , , , , , , , , , , , , , , , , , , , , , , , , , , , , , , , , , , , , , ,3, , ,2, , , , ,1,1,1,1,2, , ,2, ,1,2,2, ,2, ,2, ,1,1, , , , , , , , , , , , , , , , , , , , , , , , , , , , , , ,1,1,1,2,2,1,2,2,2,2, , ,2,1,1,1,2,2,1,2,2,2,2, , ,2, , , , , , ,1,2,2,1,1,2,1,1,2,1,2,2,2,2, ,2,2,2,2,2,1,2,1,2,2,2,2, ,2,2,2,2,2,2,2,2,2,2,2,2,2,2,2,2,2,2,2,2,2,2,2,2,1,1,1,1,1,1,1,2,2,2,2, , ,2,dedicated person,30
991502,160402,Haryana,HR-R434,Rural,District name,Sub-district name,PSU name,Census/UFS PSU number,Address,HH/Flat/Apt number,Door number,GATS-3/281/04,Head name,Head father/spouse name,Observation,Female,1/30/2026 8:30:45 PM,1/30/2026 8:35:49 PM,1/30/2026 8:35:33 PM,1/30/2026 8:52:38 PM,2,25,2,gousia jan,0.43204014,200,1/30/2026 8:35:26 PM,400,1/30/2026 8:52:37 PM,200,1/30/2026 8:35:26 PM,400,1/30/2026 8:52:37 PM, , , , , , , , , , , , , , , , ,34.080420000000004 74.64826 1527.2 8.9,1,6,6, ,3,masooda bano,gousia jan,ishrat, , , , , , , , , , , , , , , , , ,50,25,22, , , , , , , , , , , , , , , , , , , , , , , , , , , , , , , , , , , , , , , , , , , , , , , , , , , , , , , , , ,2,2,2, , , , , , , , , , , , , , , , , ,2,2,2, , , , , , , , , , , , , , , , , ,2,2,2, , , , , , , , , , , , , , , , , ,2,34.080043333333336 74.649025 1528.1000000000001 10.1, , ,1,8,2,12,2000, , , ,6,2,1,1,2,1,1,1,1,2,2,1,2,2,1,1,4,2, ,1,3, ,3, , , , , , , , , , , , , , , , , , , , , , , , , , , , , , , , , , , , , , , , , , , , , , , , , , , , , , , , , , , , , , , , ,2, , , , , , , , , , , , , , , , ,3, ,3, , , , , , , , , , , , , , , , , , , , , , , , , , , , , , , , , , , , , , , , , , , , , , , , , , , , , , , , , , , ,2, ,2, ,2, , , , , , , , , , , , , , , , , , , , , , , , , , , , , , , , , , , , , , , , , , , , , ,1,1,2,1,3, ,-7,2,2, ,2, ,1,1,2,2, ,2, ,2, ,1,1,2, ,1,1, , , , , , , , , , , , , , , , , , , , , , , , , , , , , , ,1,1,1,2,2,1,2,1,2,2, , ,2,1,1,1,2,2,1,2,2,2,2, , ,2, , , , , , ,2,2,2,1,1,2,1,1,2,1,2,2,2,2, ,2,1,1,2,1,1,2,1,2,2,2,2, ,2,2,2,2,2,2,2,2,2,2,2,2,2,2,2,2,2,2,2,2,2,2,2,2,1,1,1,2,2,2,2,2,2,2,2, , ,2,cooperative,25
991503,160402,Haryana,HR-U328,Urban,District name, ,PSU name,Census/UFS PSU number,Address,HH/Flat/Apt number,Door number,GATS-3/121/02,Head name,Head father/spouse name,Observation,Female,1/30/2026 9:25:25 PM, , , , , , , , , , , , , , , , , , , , , , , , , , , , , , , , ,34.08000666666667 74.649025 1563.3000000000002 17.1,1,6,6, ,5,mehjabeena,mariya,mohsina, , , , , , , , , , , , , , , , , ,40,30,22, , , , , , , , , , , , , , , , , , , , , , , , , , , , , , , , , , , , , , , , , , , , , , , , , , , , , , , , , ,2,2,2, , , , , , , , , , , , , , , , , ,2,2,2, , , , , , , , , , , , , , , , , ,2,2, , , , , , , , , , , , , , , , , , , , , , , , , , , , , , , , , , , , , , , , , , , , , , , , , , , , , , , , , , , , , , , , , , , , , , , , , , , , , , , , , , , , , , , , , , , , , , , , , , , , , , , , , , , , , , , , , , , , , , , , , , , , , , , , , , , , , , , , , , , , , , , , , , , , , , , , , , , , , , , , , , , , , , , , , , , , , , , , , , , , , , , , , , , , , , , , , , , , , , , , , , , , , , , , , , , , , , , , , , , , , , , , , , , , , , , , , , , , , , , , , , , , , , , , , , , , , , , , , , , , , , , , , , , , , , , , , , , , , , , , , , , , , , , , , , , , , , , , , , , , , , , , , , , , , , , , , , , , , , , , , , , , , , , , , , , , , , , , , , , , , , , , , , , , , , , , , , , , , , , , , , , , , , , , , , , , , , , , , , , , , , , , , , , , , , , , , , , , , , , , , , , 
991504,160402,Haryana,HR-U102,Urban,District name, ,PSU name,Census/UFS PSU number,Address,HH/Flat/Apt number,Door number,GATS-3/076/04,Head name,Head father/spouse name,Observation,Female, , , , , , , , , , , , , , , , , , , , , , , , , , , , , , , , , , , , , , , , , , , , , , , , , , , , , , , , , , , , , , , , , , , , , , , , , , , , , , , , , , , , , , , , , , , , , , , , , , , , , , , , , , , , , , , , , , , , , , , , , , , , , , , , , , , , , , , , , , , , , , , , , , , , , , , , , , , , , , , , , , , , , , , , , , , , , , , , , , , , , , , , , , , , , , , , , , , , , , , , , , , , , , , , , , , , , , , , , , , , , , , , , , , , , , , , , , , , , , , , , , , , , , , , , , , , , , , , , , , , , , , , , , , , , , , , , , , , , , , , , , , , , , , , , , , , , , , , , , , , , , , , , , , , , , , , , , , , , , , , , , , , , , , , , , , , , , , , , , , , , , , , , , , , , , , , , , , , , , , , , , , , , , , , , , , , , , , , , , , , , , , , , , , , , , , , , , , , , , , , , , , , , , , , , , , , , , , , , , , , , , , , , , , , , , , , , , , , , , , , , , , , , , , , , , , , , , , , , , , , , , , , , , , , , , , , , , , , , , , , , , , , , , , , , , , , , , , , , , , , , , , , , , , , , , , , , , , , , , , , , , , , , , , , , , , , , , , , , , , , , , , , , , , , , , , , , , , , , , , , , , , , 
991505,160402,Haryana,HR-R552,Rural,District name,Sub-district name,PSU name,Census/UFS PSU number,Address,HH/Flat/Apt number,Door number,GATS-3/180/01,Head name,Head father/spouse name,Observation,Female, , , , , , , , , , , , , , , , , , , , , , , , , , , , , , , , , , , , , , , , , , , , , , , , , , , , , , , , , , , , , , , , , , , , , , , , , , , , , , , , , , , , , , , , , , , , , , , , , , , , , , , , , , , , , , , , , , , , , , , , , , , , , , , , , , , , , , , , , , , , , , , , , , , , , , , , , , , , , , , , , , , , , , , , , , , , , , , , , , , , , , , , , , , , , , , , , , , , , , , , , , , , , , , , , , , , , , , , , , , , , , , , , , , , , , , , , , , , , , , , , , , , , , , , , , , , , , , , , , , , , , , , , , , , , , , , , , , , , , , , , , , , , , , , , , , , , , , , , , , , , , , , , , , , , , , , , , , , , , , , , , , , , , , , , , , , , , , , , , , , , , , , , , , , , , , , , , , , , , , , , , , , , , , , , , , , , , , , , , , , , , , , , , , , , , , , , , , , , , , , , , , , , , , , , , , , , , , , , , , , , , , , , , , , , , , , , , , , , , , , , , , , , , , , , , , , , , , , , , , , , , , , , , , , , , , , , , , , , , , , , , , , , , , , , , , , , , , , , , , , , , , , , , , , , , , , , , , , , , , , , , , , , , , , , , , , , , , , , , , , , , , , , , , , , , , , , , , , , , , , , , , , 
991506,160402,Haryana,HR-R390,Rural,District name,Sub-district name,PSU name,Census/UFS PSU number,Address,HH/Flat/Apt number,Door number,GATS-3/232/09,Head name,Head father/spouse name,Observation,Female, , , , , , , , , , , , , , , , , , , , , , , , , , , , , , , , , , , , , , , , , , , , , , , , , , , , , , , , , , , , , , , , , , , , , , , , , , , , , , , , , , , , , , , , , , , , , , , , , , , , , , , , , , , , , , , , , , , , , , , , , , , , , , , , , , , , , , , , , , , , , , , , , , , , , , , , , , , , , , , , , , , , , , , , , , , , , , , , , , , , , , , , , , , , , , , , , , , , , , , , , , , , , , , , , , , , , , , , , , , , , , , , , , , , , , , , , , , , , , , , , , , , , , , , , , , , , , , , , , , , , , , , , , , , , , , , , , , , , , , , , , , , , , , , , , , , , , , , , , , , , , , , , , , , , , , , , , , , , , , , , , , , , , , , , , , , , , , , , , , , , , , , , , , , , , , , , , , , , , , , , , , , , , , , , , , , , , , , , , , , , , , , , , , , , , , , , , , , , , , , , , , , , , , , , , , , , , , , , , , , , , , , , , , , , , , , , , , , , , , , , , , , , , , , , , , , , , , , , , , , , , , , , , , , , , , , , , , , , , , , , , , , , , , , , , , , , , , , , , , , , , , , , , , , , , , , , , , , , , , , , , , , , , , , , , , , , , , , , , , , , , , , , , , , , , , , , , , , , , , , , , , , 
991507,160402,Haryana,HR-R864,Rural,District name,Sub-district name,PSU name,Census/UFS PSU number,Address,HH/Flat/Apt number,Door number,GATS-3/120/07,Head name,Head father/spouse name,Observation,Female, , , , , , , , , , , , , , , , , , , , , , , , , , , , , , , , , , , , , , , , , , , , , , , , , , , , , , , , , , , , , , , , , , , , , , , , , , , , , , , , , , , , , , , , , , , , , , , , , , , , , , , , , , , , , , , , , , , , , , , , , , , , , , , , , , , , , , , , , , , , , , , , , , , , , , , , , , , , , , , , , , , , , , , , , , , , , , , , , , , , , , , , , , , , , , , , , , , , , , , , , , , , , , , , , , , , , , , , , , , , , , , , , , , , , , , , , , , , , , , , , , , , , , , , , , , , , , , , , , , , , , , , , , , , , , , , , , , , , , , , , , , , , , , , , , , , , , , , , , , , , , , , , , , , , , , , , , , , , , , , , , , , , , , , , , , , , , , , , , , , , , , , , , , , , , , , , , , , , , , , , , , , , , , , , , , , , , , , , , , , , , , , , , , , , , , , , , , , , , , , , , , , , , , , , , , , , , , , , , , , , , , , , , , , , , , , , , , , , , , , , , , , , , , , , , , , , , , , , , , , , , , , , , , , , , , , , , , , , , , , , , , , , , , , , , , , , , , , , , , , , , , , , , , , , , , , , , , , , , , , , , , , , , , , , , , , , , , , , , , , , , , , , , , , , , , , , , , , , , , , , , , , 
991508,160402,Haryana,HR-R118,Rural,District name,Sub-district name,PSU name,Census/UFS PSU number,Address,HH/Flat/Apt number,Door number,GATS-3/103/06,Head name,Head father/spouse name,Observation,Female, , , , , , , , , , , , , , , , , , , , , , , , , , , , , , , , , , , , , , , , , , , , , , , , , , , , , , , , , , , , , , , , , , , , , , , , , , , , , , , , , , , , , , , , , , , , , , , , , , , , , , , , , , , , , , , , , , , , , , , , , , , , , , , , , , , , , , , , , , , , , , , , , , , , , , , , , , , , , , , , , , , , , , , , , , , , , , , , , , , , , , , , , , , , , , , , , , , , , , , , , , , , , , , , , , , , , , , , , , , , , , , , , , , , , , , , , , , , , , , , , , , , , , , , , , , , , , , , , , , , , , , , , , , , , , , , , , , , , , , , , , , , , , , , , , , , , , , , , , , , , , , , , , , , , , , , , , , , , , , , , , , , , , , , , , , , , , , , , , , , , , , , , , , , , , , , , , , , , , , , , , , , , , , , , , , , , , , , , , , , , , , , , , , , , , , , , , , , , , , , , , , , , , , , , , , , , , , , , , , , , , , , , , , , , , , , , , , , , , , , , , , , , , , , , , , , , , , , , , , , , , , , , , , , , , , , , , , , , , , , , , , , , , , , , , , , , , , , , , , , , , , , , , , , , , , , , , , , , , , , , , , , , , , , , , , , , , , , , , , , , , , , , , , , , , , , , , , , , , , , , , , , 
991509,160402,Haryana,HR-U847,Urban,District name, ,PSU name,Census/UFS PSU number,Address,HH/Flat/Apt number,Door number,GATS-3/035/05,Head name,Head father/spouse name,Observation,Female, , , , , , , , , , , , , , , , , , , , , , , , , , , , , , , , , , , , , , , , , , , , , , , , , , , , , , , , , , , , , , , , , , , , , , , , , , , , , , , , , , , , , , , , , , , , , , , , , , , , , , , , , , , , , , , , , , , , , , , , , , , , , , , , , , , , , , , , , , , , , , , , , , , , , , , , , , , , , , , , , , , , , , , , , , , , , , , , , , , , , , , , , , , , , , , , , , , , , , , , , , , , , , , , , , , , , , , , , , , , , , , , , , , , , , , , , , , , , , , , , , , , , , , , , , , , , , , , , , , , , , , , , , , , , , , , , , , , , , , , , , , , , , , , , , , , , , , , , , , , , , , , , , , , , , , , , , , , , , , , , , , , , , , , , , , , , , , , , , , , , , , , , , , , , , , , , , , , , , , , , , , , , , , , , , , , , , , , , , , , , , , , , , , , , , , , , , , , , , , , , , , , , , , , , , , , , , , , , , , , , , , , , , , , , , , , , , , , , , , , , , , , , , , , , , , , , , , , , , , , , , , , , , , , , , , , , , , , , , , , , , , , , , , , , , , , , , , , , , , , , , , , , , , , , , , , , , , , , , , , , , , , , , , , , , , , , , , , , , , , , , , , , , , , , , , , , , , , , , , , , , , , 
991510,160402,Haryana,HR-U740,Urban,District name, ,PSU name,Census/UFS PSU number,Address,HH/Flat/Apt number,Door number,GATS-3/161/03,Head name,Head father/spouse name,Observation,Female, , , , , , , , , , , , , , , , , , , , , , , , , , , , , , , , , , , , , , , , , , , , , , , , , , , , , , , , , , , , , , , , , , , , , , , , , , , , , , , , , , , , , , , , , , , , , , , , , , , , , , , , , , , , , , , , , , , , , , , , , , , , , , , , , , , , , , , , , , , , , , , , , , , , , , , , , , , , , , , , , , , , , , , , , , , , , , , , , , , , , , , , , , , , , , , , , , , , , , , , , , , , , , , , , , , , , , , , , , , , , , , , , , , , , , , , , , , , , , , , , , , , , , , , , , , , , , , , , , , , , , , , , , , , , , , , , , , , , , , , , , , , , , , , , , , , , , , , , , , , , , , , , , , , , , , , , , , , , , , , , , , , , , , , , , , , , , , , , , , , , , , , , , , , , , , , , , , , , , , , , , , , , , , , , , , , , , , , , , , , , , , , , , , , , , , , , , , , , , , , , , , , , , , , , , , , , , , , , , , , , , , , , , , , , , , , , , , , , , , , , , , , , , , , , , , , , , , , , , , , , , , , , , , , , , , , , , , , , , , , , , , , , , , , , , , , , , , , , , , , , , , , , , , , , , , , , , , , , , , , , , , , , , , , , , , , , , , , , , , , , , , , , , , , , , , , , , , , , , , , , , , , 
991511,160402,Haryana,HR-U030,Urban,District name, ,PSU name,Census/UFS PSU number,Address,HH/Flat/Apt number,Door number,GATS-3/265/02,Head name,Head father/spouse name,Observation,Female, , , , , , , , , , , , , , , , , , , , , , , , , , , , , , , , , , , , , , , , , , , , , , , , , , , , , , , , , , , , , , , , , , , , , , , , , , , , , , , , , , , , , , , , , , , , , , , , , , , , , , , , , , , , , , , , , , , , , , , , , , , , , , , , , , , , , , , , , , , , , , , , , , , , , , , , , , , , , , , , , , , , , , , , , , , , , , , , , , , , , , , , , , , , , , , , , , , , , , , , , , , , , , , , , , , , , , , , , , , , , , , , , , , , , , , , , , , , , , , , , , , , , , , , , , , , , , , , , , , , , , , , , , , , , , , , , , , , , , , , , , , , , , , , , , , , , , , , , , , , , , , , , , , , , , , , , , , , , , , , , , , , , , , , , , , , , , , , , , , , , , , , , , , , , , , , , , , , , , , , , , , , , , , , , , , , , , , , , , , , , , , , , , , , , , , , , , , , , , , , , , , , , , , , , , , , , , , , , , , , , , , , , , , , , , , , , , , , , , , , , , , , , , , , , , , , , , , , , , , , , , , , , , , , , , , , , , , , , , , , , , , , , , , , , , , , , , , , , , , , , , , , , , , , , , , , , , , , , , , , , , , , , , , , , , , , , , , , , , , , , , , , , , , , , , , , , , , , , , , , , , , , 
991512,160402,Haryana,HR-U120,Urban,District name, ,PSU name,Census/UFS PSU number,Address,HH/Flat/Apt number,Door number,GATS-3/224/01,Head name,Head father/spouse name,Observation,Female, , , , , , , , , , , , , , , , , , , , , , , , , , , , , , , , , , , , , , , , , , , , , , , , , , , , , , , , , , , , , , , , , , , , , , , , , , , , , , , , , , , , , , , , , , , , , , , , , , , , , , , , , , , , , , , , , , , , , , , , , , , , , , , , , , , , , , , , , , , , , , , , , , , , , , , , , , , , , , , , , , , , , , , , , , , , , , , , , , , , , , , , , , , , , , , , , , , , , , , , , , , , , , , , , , , , , , , , , , , , , , , , , , , , , , , , , , , , , , , , , , , , , , , , , , , , , , , , , , , , , , , , , , , , , , , , , , , , , , , , , , , , , , , , , , , , , , , , , , , , , , , , , , , , , , , , , , , , , , , , , , , , , , , , , , , , , , , , , , , , , , , , , , , , , , , , , , , , , , , , , , , , , , , , , , , , , , , , , , , , , , , , , , , , , , , , , , , , , , , , , , , , , , , , , , , , , , , , , , , , , , , , , , , , , , , , , , , , , , , , , , , , , , , , , , , , , , , , , , , , , , , , , , , , , , , , , , , , , , , , , , , , , , , , , , , , , , , , , , , , , , , , , , , , , , , , , , , , , , , , , , , , , , , , , , , , , , , , , , , , , , , , , , , , , , , , , , , , , , , , , , , , 
991513,160402,Haryana,HR-U174,Urban,District name, ,PSU name,Census/UFS PSU number,Address,HH/Flat/Apt number,Door number,GATS-3/181/07,Head name,Head father/spouse name,Observation,Female, , , , , , , , , , , , , , , , , , , , , , , , , , , , , , , , , , , , , , , , , , , , , , , , , , , , , , , , , , , , , , , , , , , , , , , , , , , , , , , , , , , , , , , , , , , , , , , , , , , , , , , , , , , , , , , , , , , , , , , , , , , , , , , , , , , , , , , , , , , , , , , , , , , , , , , , , , , , , , , , , , , , , , , , , , , , , , , , , , , , , , , , , , , , , , , , , , , , , , , , , , , , , , , , , , , , , , , , , , , , , , , , , , , , , , , , , , , , , , , , , , , , , , , , , , , , , , , , , , , , , , , , , , , , , , , , , , , , , , , , , , , , , , , , , , , , , , , , , , , , , , , , , , , , , , , , , , , , , , , , , , , , , , , , , , , , , , , , , , , , , , , , , , , , , , , , , , , , , , , , , , , , , , , , , , , , , , , , , , , , , , , , , , , , , , , , , , , , , , , , , , , , , , , , , , , , , , , , , , , , , , , , , , , , , , , , , , , , , , , , , , , , , , , , , , , , , , , , , , , , , , , , , , , , , , , , , , , , , , , , , , , , , , , , , , , , , , , , , , , , , , , , , , , , , , , , , , , , , , , , , , , , , , , , , , , , , , , , , , , , , , , , , , , , , , , , , , , , , , , , , , , , 
991514,160402,Haryana,HR-R259,Rural,District name,Sub-district name,PSU name,Census/UFS PSU number,Address,HH/Flat/Apt number,Door number,GATS-3/046/07,Head name,Head father/spouse name,Observation,Female, , , , , , , , , , , , , , , , , , , , , , , , , , , , , , , , , , , , , , , , , , , , , , , , , , , , , , , , , , , , , , , , , , , , , , , , , , , , , , , , , , , , , , , , , , , , , , , , , , , , , , , , , , , , , , , , , , , , , , , , , , , , , , , , , , , , , , , , , , , , , , , , , , , , , , , , , , , , , , , , , , , , , , , , , , , , , , , , , , , , , , , , , , , , , , , , , , , , , , , , , , , , , , , , , , , , , , , , , , , , , , , , , , , , , , , , , , , , , , , , , , , , , , , , , , , , , , , , , , , , , , , , , , , , , , , , , , , , , , , , , , , , , , , , , , , , , , , , , , , , , , , , , , , , , , , , , , , , , , , , , , , , , , , , , , , , , , , , , , , , , , , , , , , , , , , , , , , , , , , , , , , , , , , , , , , , , , , , , , , , , , , , , , , , , , , , , , , , , , , , , , , , , , , , , , , , , , , , , , , , , , , , , , , , , , , , , , , , , , , , , , , , , , , , , , , , , , , , , , , , , , , , , , , , , , , , , , , , , , , , , , , , , , , , , , , , , , , , , , , , , , , , , , , , , , , , , , , , , , , , , , , , , , , , , , , , , , , , , , , , , , , , , , , , , , , , , , , , , , , , , , , , 
991515,160402,Haryana,HR-U560,Urban,District name, ,PSU name,Census/UFS PSU number,Address,HH/Flat/Apt number,Door number,GATS-3/194/02,Head name,Head father/spouse name,Observation,Female, , , , , , , , , , , , , , , , , , , , , , , , , , , , , , , , , , , , , , , , , , , , , , , , , , , , , , , , , , , , , , , , , , , , , , , , , , , , , , , , , , , , , , , , , , , , , , , , , , , , , , , , , , , , , , , , , , , , , , , , , , , , , , , , , , , , , , , , , , , , , , , , , , , , , , , , , , , , , , , , , , , , , , , , , , , , , , , , , , , , , , , , , , , , , , , , , , , , , , , , , , , , , , , , , , , , , , , , , , , , , , , , , , , , , , , , , , , , , , , , , , , , , , , , , , , , , , , , , , , , , , , , , , , , , , , , , , , , , , , , , , , , , , , , , , , , , , , , , , , , , , , , , , , , , , , , , , , , , , , , , , , , , , , , , , , , , , , , , , , , , , , , , , , , , , , , , , , , , , , , , , , , , , , , , , , , , , , , , , , , , , , , , , , , , , , , , , , , , , , , , , , , , , , , , , , , , , , , , , , , , , , , , , , , , , , , , , , , , , , , , , , , , , , , , , , , , , , , , , , , , , , , , , , , , , , , , , , , , , , , , , , , , , , , , , , , , , , , , , , , , , , , , , , , , , , , , , , , , , , , , , , , , , , , , , , , , , , , , , , , , , , , , , , , , , , , , , , , , , , , , , , , 
991516,160402,Haryana,HR-R483,Rural,District name,Sub-district name,PSU name,Census/UFS PSU number,Address,HH/Flat/Apt number,Door number,GATS-3/115/07,Head name,Head father/spouse name,Observation,Female, , , , , , , , , , , , , , , , , , , , , , , , , , , , , , , , , , , , , , , , , , , , , , , , , , , , , , , , , , , , , , , , , , , , , , , , , , , , , , , , , , , , , , , , , , , , , , , , , , , , , , , , , , , , , , , , , , , , , , , , , , , , , , , , , , , , , , , , , , , , , , , , , , , , , , , , , , , , , , , , , , , , , , , , , , , , , , , , , , , , , , , , , , , , , , , , , , , , , , , , , , , , , , , , , , , , , , , , , , , , , , , , , , , , , , , , , , , , , , , , , , , , , , , , , , , , , , , , , , , , , , , , , , , , , , , , , , , , , , , , , , , , , , , , , , , , , , , , , , , , , , , , , , , , , , , , , , , , , , , , , , , , , , , , , , , , , , , , , , , , , , , , , , , , , , , , , , , , , , , , , , , , , , , , , , , , , , , , , , , , , , , , , , , , , , , , , , , , , , , , , , , , , , , , , , , , , , , , , , , , , , , , , , , , , , , , , , , , , , , , , , , , , , , , , , , , , , , , , , , , , , , , , , , , , , , , , , , , , , , , , , , , , , , , , , , , , , , , , , , , , , , , , , , , , , , , , , , , , , , , , , , , , , , , , , , , , , , , , , , , , , , , , , , , , , , , , , , , , , , , , , , , 
991517,160402,Haryana,HR-R993,Rural,District name,Sub-district name,PSU name,Census/UFS PSU number,Address,HH/Flat/Apt number,Door number,GATS-3/132/04,Head name,Head father/spouse name,Observation,Female, , , , , , , , , , , , , , , , , , , , , , , , , , , , , , , , , , , , , , , , , , , , , , , , , , , , , , , , , , , , , , , , , , , , , , , , , , , , , , , , , , , , , , , , , , , , , , , , , , , , , , , , , , , , , , , , , , , , , , , , , , , , , , , , , , , , , , , , , , , , , , , , , , , , , , , , , , , , , , , , , , , , , , , , , , , , , , , , , , , , , , , , , , , , , , , , , , , , , , , , , , , , , , , , , , , , , , , , , , , , , , , , , , , , , , , , , , , , , , , , , , , , , , , , , , , , , , , , , , , , , , , , , , , , , , , , , , , , , , , , , , , , , , , , , , , , , , , , , , , , , , , , , , , , , , , , , , , , , , , , , , , , , , , , , , , , , , , , , , , , , , , , , , , , , , , , , , , , , , , , , , , , , , , , , , , , , , , , , , , , , , , , , , , , , , , , , , , , , , , , , , , , , , , , , , , , , , , , , , , , , , , , , , , , , , , , , , , , , , , , , , , , , , , , , , , , , , , , , , , , , , , , , , , , , , , , , , , , , , , , , , , , , , , , , , , , , , , , , , , , , , , , , , , , , , , , , , , , , , , , , , , , , , , , , , , , , , , , , , , , , , , , , , , , , , , , , , , , , , , , , , , , 
991518,160402,Haryana,HR-U835,Urban,District name, ,PSU name,Census/UFS PSU number,Address,HH/Flat/Apt number,Door number,GATS-3/100/06,Head name,Head father/spouse name,Observation,Female, , , , , , , , , , , , , , , , , , , , , , , , , , , , , , , , , , , , , , , , , , , , , , , , , , , , , , , , , , , , , , , , , , , , , , , , , , , , , , , , , , , , , , , , , , , , , , , , , , , , , , , , , , , , , , , , , , , , , , , , , , , , , , , , , , , , , , , , , , , , , , , , , , , , , , , , , , , , , , , , , , , , , , , , , , , , , , , , , , , , , , , , , , , , , , , , , , , , , , , , , , , , , , , , , , , , , , , , , , , , , , , , , , , , , , , , , , , , , , , , , , , , , , , , , , , , , , , , , , , , , , , , , , , , , , , , , , , , , , , , , , , , , , , , , , , , , , , , , , , , , , , , , , , , , , , , , , , , , , , , , , , , , , , , , , , , , , , , , , , , , , , , , , , , , , , , , , , , , , , , , , , , , , , , , , , , , , , , , , , , , , , , , , , , , , , , , , , , , , , , , , , , , , , , , , , , , , , , , , , , , , , , , , , , , , , , , , , , , , , , , , , , , , , , , , , , , , , , , , , , , , , , , , , , , , , , , , , , , , , , , , , , , , , , , , , , , , , , , , , , , , , , , , , , , , , , , , , , , , , , , , , , , , , , , , , , , , , , , , , , , , , , , , , , , , , , , , , , , , , , , , , , 
991519,160402,Haryana,HR-R499,Rural,District name,Sub-district name,PSU name,Census/UFS PSU number,Address,HH/Flat/Apt number,Door number,GATS-3/185/01,Head name,Head father/spouse name,Observation,Female, , , , , , , , , , , , , , , , , , , , , , , , , , , , , , , , , , , , , , , , , , , , , , , , , , , , , , , , , , , , , , , , , , , , , , , , , , , , , , , , , , , , , , , , , , , , , , , , , , , , , , , , , , , , , , , , , , , , , , , , , , , , , , , , , , , , , , , , , , , , , , , , , , , , , , , , , , , , , , , , , , , , , , , , , , , , , , , , , , , , , , , , , , , , , , , , , , , , , , , , , , , , , , , , , , , , , , , , , , , , , , , , , , , , , , , , , , , , , , , , , , , , , , , , , , , , , , , , , , , , , , , , , , , , , , , , , , , , , , , , , , , , , , , , , , , , , , , , , , , , , , , , , , , , , , , , , , , , , , , , , , , , , , , , , , , , , , , , , , , , , , , , , , , , , , , , , , , , , , , , , , , , , , , , , , , , , , , , , , , , , , , , , , , , , , , , , , , , , , , , , , , , , , , , , , , , , , , , , , , , , , , , , , , , , , , , , , , , , , , , , , , , , , , , , , , , , , , , , , , , , , , , , , , , , , , , , , , , , , , , , , , , , , , , , , , , , , , , , , , , , , , , , , , , , , , , , , , , , , , , , , , , , , , , , , , , , , , , , , , , , , , , , , , , , , , , , , , , , , , , , , , , 
991520,160402,Haryana,HR-U045,Urban,District name, ,PSU name,Census/UFS PSU number,Address,HH/Flat/Apt number,Door number,GATS-3/119/08,Head name,Head father/spouse name,Observation,Female, , , , , , , , , , , , , , , , , , , , , , , , , , , , , , , , , , , , , , , , , , , , , , , , , , , , , , , , , , , , , , , , , , , , , , , , , , , , , , , , , , , , , , , , , , , , , , , , , , , , , , , , , , , , , , , , , , , , , , , , , , , , , , , , , , , , , , , , , , , , , , , , , , , , , , , , , , , , , , , , , , , , , , , , , , , , , , , , , , , , , , , , , , , , , , , , , , , , , , , , , , , , , , , , , , , , , , , , , , , , , , , , , , , , , , , , , , , , , , , , , , , , , , , , , , , , , , , , , , , , , , , , , , , , , , , , , , , , , , , , , , , , , , , , , , , , , , , , , , , , , , , , , , , , , , , , , , , , , , , , , , , , , , , , , , , , , , , , , , , , , , , , , , , , , , , , , , , , , , , , , , , , , , , , , , , , , , , , , , , , , , , , , , , , , , , , , , , , , , , , , , , , , , , , , , , , , , , , , , , , , , , , , , , , , , , , , , , , , , , , , , , , , , , , , , , , , , , , , , , , , , , , , , , , , , , , , , , , , , , , , , , , , , , , , , , , , , , , , , , , , , , , , , , , , , , , , , , , , , , , , , , , , , , , , , , , , , , , , , , , , , , , , , , , , , , , , , , , , , , , , , , , 
991521,160403,Haryana,HR-U235,Urban,District name, ,PSU name,Census/UFS PSU number,Address,HH/Flat/Apt number,Door number,GATS-3/179/02,Head name,Head father/spouse name,Observation,Male,1/29/2026 12:12:47 PM,1/29/2026 10:16:51 PM,1/29/2026 12:18:30 PM, ,2,25,1,faisal ashraf,0.100463907,200,1/29/2026 12:18:27 PM,309,1/29/2026 12:30:00 PM,200,1/29/2026 12:18:27 PM,309,1/29/2026 12:30:00 PM, , , , , , , , , , , , , , , , ,33.97623333333333 74.74905333333332 1423.4 13.2,1,4,4, ,2,mohd Ashraf bhat,faisal ashraf, , , , , , , , , , , , , , , , , , ,48,25, , , , , , , , , , , , , , , , , , , , , , , , , , , , , , , , , , , , , , , , , , , , , , , , , , , , , , , , , , ,1,1, , , , , , , , , , , , , , , , , , ,1,2, , , , , , , , , , , , , , , , , , ,2,2, , , , , , , , , , , , , , , , , , , , , , , , , , , , , , , , , , , , , , , , , , , , , , , , , , , , , , , , , , , , , , , , , , , , , , , , , , , , , , , , , , , , , , , , , , , , , , , , , , , , , , , , , , , , , , , , , , , , , , , , , , , , , , , , , , , , , , , , , , , , , , , , , , , , , , , , , , , , , , , , , , , , , , , , , , , , , , , , , , , , , , , , , , , , , , , , , , , , , , , , , , , , , , , , , , , , , , , , , , , , , , , , , , , , , , , , , , , , , , , , , , , , , , , , , , , , , , , , , , , , , , , , , , , , , , , , , , , , , , , , , , , , , , , , , , , , , , , , , , , , , , , , , , , , , , , , , , , , , , , , , , , , , , , , , , , , , , , , , , , , , , , , , , , , , , , , , , , , , , , , , , , , , , , , , , , , , , , , , , , , , , , , , , , , , , , , , , , , , , , , , , , 
991522,160403,Haryana,HR-U980,Urban,District name, ,PSU name,Census/UFS PSU number,Address,HH/Flat/Apt number,Door number,GATS-3/279/09,Head name,Head father/spouse name,Observation,Male,1/29/2026 12:56:03 PM,1/29/2026 2:50:55 PM,1/29/2026 1:03:59 PM,1/29/2026 3:05:40 PM,1,80,1,ghulam mohd bhat,0.676801112,200,1/29/2026 1:03:56 PM,400,1/29/2026 3:05:38 PM,200,1/29/2026 1:03:56 PM,400,1/29/2026 3:05:38 PM, , ,309,1/29/2026 1:12:00 PM, , , , , , , , , , , , ,33.97608666666667 74.74801333333333 1491.0 11.6,1,5,5, ,3,ghulam mohd bhat,Abdul hameed bhat,younis hameed, , , , , , , , , , , , , , , , , ,80,48,20, , , , , , , , , , , , , , , , , , , , , , , , , , , , , , , , , , , , , , , , , , , , , , , , , , , , , , , , , ,1,1,1, , , , , , , , , , , , , , , , , ,2,1,2, , , , , , , , , , , , , , , , , ,2,2,2, , , , , , , , , , , , , , , , , ,2,33.976335 74.74830666666666 1635.3 10.3, , ,1,3,1,1,1946, , , ,1,9,1,2,2,1,1,1,1,1,1,1,1,1,2,1,4,2, ,2,3, ,3, , , , , , , , , , , , , , , , , , , , , , , , , , , , , , , , , , , , , , , , , , , , , , , , , , , , , , , , , , , , , , , , ,2, , , , , , , , , , , , , , , , ,3, ,3, , , , , , , , , , , , , , , , , , , , , , , , , , , , , , , , , , , , , , , , , , , , , , , , , , , , , , , , , , , ,2, ,2, ,2, , , , , , , , , , , , , , , , , , , , , , , , , , , , , , , , , , , , , , , , , , , , , ,2,2,3,2, , , , ,2, ,2, ,2, , ,2, ,2, ,2, ,2, ,2, ,2,2, , , , , , , , , , , , , , , , , , , , , , , , , , , , , , ,2,2,2,2,2,2,2,2,2,2, , ,2,2,2,2,2,2,2,2,2,2,2, , ,2, , , , , , ,2,2,2,2,2,2,2,2,2,2,2,2,2,2, ,2,2,2,2,2,2,2,2,2,2,2,2, ,2,2,2,2,2,2,2,2,2,2,2,2,2,2,2,2,2,2,2,2,2,2,2,1,1,1,1,1,1,1,1,1,1,2,1, , , ,interviewer was good,80
991523,160403,Haryana,HR-U404,Urban,District name, ,PSU name,Census/UFS PSU number,Address,HH/Flat/Apt number,Door number,GATS-3/253/09,Head name,Head father/spouse name,Observation,Male,1/29/2026 1:18:32 PM,1/29/2026 1:23:22 PM,1/29/2026 1:22:16 PM,1/29/2026 1:23:28 PM,2,33,1,Mohd saleem bhat,0.240168431,200,1/29/2026 1:22:14 PM,309,1/29/2026 1:24:00 PM,200,1/29/2026 1:22:14 PM,309,1/29/2026 1:24:00 PM, , , , , , , , , , , , , , , , ,33.974405000000004 74.748705 1590.6 12.1,1,8,8, ,2,ghulam nabi bhat,Mohd saleem bhat, , , , , , , , , , , , , , , , , , ,60,33, , , , , , , , , , , , , , , , , , , , , , , , , , , , , , , , , , , , , , , , , , , , , , , , , , , , , , , , , , ,1,1, , , , , , , , , , , , , , , , , , ,1,2, , , , , , , , , , , , , , , , , , ,2,2, , , , , , , , , , , , , , , , , , , , , , , , , , , , , , , , , , , , , , , , , , , , , , , , , , , , , , , , , , , , , , , , , , , , , , , , , , , , , , , , , , , , , , , , , , , , , , , , , , , , , , , , , , , , , , , , , , , , , , , , , , , , , , , , , , , , , , , , , , , , , , , , , , , , , , , , , , , , , , , , , , , , , , , , , , , , , , , , , , , , , , , , , , , , , , , , , , , , , , , , , , , , , , , , , , , , , , , , , , , , , , , , , , , , , , , , , , , , , , , , , , , , , , , , , , , , , , , , , , , , , , , , , , , , , , , , , , , , , , , , , , , , , , , , , , , , , , , , , , , , , , , , , , , , , , , , , , , , , , , , , , , , , , , , , , , , , , , , , , , , , , , , , , , , , , , , , , , , , , , , , , , , , , , , , , , , , , , , , , , , , , , , , , , , , , , , , , , , , , , , , , , 
991524,160403,Haryana,HR-U809,Urban,District name, ,PSU name,Census/UFS PSU number,Address,HH/Flat/Apt number,Door number,GATS-3/063/03,Head name,Head father/spouse name,Observation,Male,1/29/2026 1:51:08 PM,1/29/2026 1:56:34 PM,1/29/2026 1:55:36 PM,1/29/2026 2:15:36 PM,3,19,1,afnan fayaz,0.450341474,200,1/29/2026 1:55:31 PM,400,1/29/2026 2:15:35 PM,200,1/29/2026 1:55:31 PM,400,1/29/2026 2:15:35 PM, , , , , , , , , , , , , , , , ,33.973949999999995 74.74949 1687.3 13.0,1,5,5, ,3,fayaz Ahmad dar,zubair fayaz,afnan fayaz, , , , , , , , , , , , , , , , , ,50,19,19, , , , , , , , , , , , , , , , , , , , , , , , , , , , , , , , , , , , , , , , , , , , , , , , , , , , , , , , , ,1,1,1, , , , , , , , , , , , , , , , , ,2,1,2, , , , , , , , , , , , , , , , , ,2,2,2, , , , , , , , , , , , , , , , , ,2, , , ,1,3,1,1,2005, , , ,2,4,1,1,2,1,1,2,1,2,1,1,2,1,2,1,4,2, ,1,3, ,3, , , , , , , , , , , , , , , , , , , , , , , , , , , , , , , , , , , , , , , , , , , , , , , , , , , , , , , , , , , , , , , , ,2, , , , , , , , , , , , , , , , ,3, ,3, , , , , , , , , , , , , , , , , , , , , , , , , , , , , , , , , , , , , , , , , , , , , , , , , , , , , , , , , , , ,2, ,2, ,2, , , , , , , , , , , , , , , , , , , , , , , , , , , , , , , , , , , , , , , , , , , , , ,3, , ,2, , , , ,2, ,2, ,2, , ,2, ,2, ,2, ,2, ,2, ,1,1, , , , , , , , , , , , , , , , , , , , , , , , , , , , , , ,2,1,2,1,2,2,2,1,1,1,on road streets, ,2,2,2,2,2,2,2,2,2,2,2, , ,2, , , , , , ,1,2,2,2,2,2,2,2,2,2,2,2,2,2, ,2,2,2,2,2,2,2,2,2,2,2,2, ,2,2,2,2,2,2,2,2,2,2,2,2,2,2,2,2,2,2,2,2,2,2,2,1,2,1,1,1,1,-7,1,1,1,1,1, , , ,interveiver was copprative,21
991525,160403,Haryana,HR-U256,Urban,District name, ,PSU name,Census/UFS PSU number,Address,HH/Flat/Apt number,Door number,GATS-3/012/05,Head name,Head father/spouse name,Observation,Male,1/29/2026 3:16:50 PM,1/29/2026 3:20:47 PM,1/29/2026 3:20:26 PM,1/29/2026 3:39:34 PM,2,22,1,inayat nazir,0.013404031,200,1/29/2026 3:20:24 PM,400,1/29/2026 3:39:33 PM,200,1/29/2026 3:20:24 PM,400,1/29/2026 3:39:33 PM, , , , , , , , , , , , , , , , ,33.9761725 74.7486887 1646.4000244140625 32.099,1,2,2, ,2,Nazir Ahmad bhat,inayat nazir, , , , , , , , , , , , , , , , , , ,54,22, , , , , , , , , , , , , , , , , , , , , , , , , , , , , , , , , , , , , , , , , , , , , , , , , , , , , , , , , , ,1,1, , , , , , , , , , , , , , , , , , ,1,2, , , , , , , , , , , , , , , , , , ,2,2, , , , , , , , , , , , , , , , , , ,2,33.9761392 74.7486221 1646.4000244140625 30.0, , ,1,3,1,4,2003, , , ,6,5,1,1,2,1,2,2,1,2,2,1,2,1,2,1,4,2, ,1,3, ,3, , , , , , , , , , , , , , , , , , , , , , , , , , , , , , , , , , , , , , , , , , , , , , , , , , , , , , , , , , , , , , , , ,1,3,2, , , , , , , , , , , , , ,1,3, ,3, , , , , , , , , , , , , , , , , , , , , , , , , , , , , , , , , , , , , , , , , , , , , , , , , , , , , , , , , , , ,2, ,2, ,2, , , , , , , , , , , , , , , , , , , , , , , , , , , , , , , , , , , , , , , , , , , , , ,2,2,1,2, , , , ,1,2,1,2,2, , ,2, ,1,2,2, ,1,1,2, ,1,1, , , , , , , , , , , , , , , , , , , , , , , , , , , , , , ,2,2,2,2,2,2,2,2,2,2, , ,2,2,2,2,2,2,2,2,2,2,2, , ,2, , , , , , ,2,2,2,2,2,2,2,2,2,2,2,2,2,2, ,2,2,2,2,2,2,2,2,2,2,2,2, ,2,2,2,2,2,2,2,2,2,2,2,2,2,2,2,2,2,2,2,2,2,2,2,2,2,2,2,2,2,2,2,2,2,2,1, , , ,interveiver was good and coperative,22
991526,160403,Haryana,HR-R019,Rural,District name,Sub-district name,PSU name,Census/UFS PSU number,Address,HH/Flat/Apt number,Door number,GATS-3/229/01,Head name,Head father/spouse name,Observation,Male,1/30/2026 11:52:52 AM,1/30/2026 11:55:00 AM,1/30/2026 11:54:54 AM,1/30/2026 12:18:30 PM,2,26,1,mohd aqib bhat,0.042736819,200,1/30/2026 11:54:50 AM,400,1/30/2026 12:18:28 PM,200,1/30/2026 11:54:50 AM,400,1/30/2026 12:18:28 PM, , , , , , , , , , , , , , , , ,33.97796666666667 74.74829 1629.8 12.4,1,5,5, ,2,mohd Farooq bhat,mohd aqib bhat, , , , , , , , , , , , , , , , , , ,50,26, , , , , , , , , , , , , , , , , , , , , , , , , , , , , , , , , , , , , , , , , , , , , , , , , , , , , , , , , , ,1,1, , , , , , , , , , , , , , , , , , ,2,2, , , , , , , , , , , , , , , , , , ,2,2, , , , , , , , , , , , , , , , , , ,2,33.97718 74.74848 1629.7 7.6, , ,1,8,1,7,1999, , , ,7,4,1,1,2,1,2,2,1,1,1,1,1,1,2,1,4,2, ,1,3, ,2,20, , , , , , , , , , , , , , , , , , , , , , , , ,2, ,1, , ,1,1,2, ,2,2,2,2,2,2,2,2,2,2,2, ,1,1,1,1,2,2,2,1,1,1, , , , , , , , ,1,3,2, , , , , , , , , , , , , ,1,3, ,3, , , , , , , , , , , , , , , , , , , , , , , , , , , , , , , , , , , , , , , , , , , , , , , , , , , , , , , , , , , ,2, ,2, ,2, , , , , , , , , , , , , , , , , , , , , , , , , , , , , , , , , , , , , , , , , , , , , ,3, , ,1,3, ,4,1,1,2,1,2,2, , ,2, ,2, ,2, ,2, ,2, ,1,1, , , , , , , , , , , , , , , , , , , , , , , , , , , , , , ,2,2,2,2,2,2,2,2,2,2, , ,2,2,2,2,2,2,2,2,2,2,2, , ,2, , , , , , ,2,1,1,2,2,2,2,2,2,2,2,2,2,2, ,2,2,2,2,2,2,2,2,2,2,2,2, ,2,2,1,2,2,2,2,2,2,2,2,2,2,2,2,2,2,2,2,2,2,2,1,1,1,1,1,1,1,2,1,1,1,2,1, , , ,interiewer was good & coperative,26
991527,160403,Haryana,HR-R708,Rural,District name,Sub-district name,PSU name,Census/UFS PSU number,Address,HH/Flat/Apt number,Door number,GATS-3/272/06,Head name,Head father/spouse name,Observation,Male,1/30/2026 12:28:57 PM,1/30/2026 12:33:52 PM,1/30/2026 12:32:57 PM,1/30/2026 12:34:14 PM,2,22,1,Anzar hameed,0.519538112,200,1/30/2026 12:32:54 PM,309,1/30/2026 12:35:00 PM,200,1/30/2026 12:32:54 PM,309,1/30/2026 12:35:00 PM, , , , , , , , , , , , , , , , ,33.977441666666664 74.74778500000001 1607.4 7.5,1,5,5, ,3,Ab hameed bhat,Anzar hameed,Aqib hameed, , , , , , , , , , , , , , , , , ,48,22,17, , , , , , , , , , , , , , , , , , , ,10, , , , , , , , , , , , , , , , , , , ,2008, , , , , , , , , , , , , , , , , ,1,1,1, , , , , , , , , , , , , , , , , ,1,2,2, , , , , , , , , , , , , , , , , ,2,2,2, , , , , , , , , , , , , , , , , , , , , , , , , , , , , , , , , , , , , , , , , , , , , , , , , , , , , , , , , , , , , , , , , , , , , , , , , , , , , , , , , , , , , , , , , , , , , , , , , , , , , , , , , , , , , , , , , , , , , , , , , , , , , , , , , , , , , , , , , , , , , , , , , , , , , , , , , , , , , , , , , , , , , , , , , , , , , , , , , , , , , , , , , , , , , , , , , , , , , , , , , , , , , , , , , , , , , , , , , , , , , , , , , , , , , , , , , , , , , , , , , , , , , , , , , , , , , , , , , , , , , , , , , , , , , , , , , , , , , , , , , , , , , , , , , , , , , , , , , , , , , , , , , , , , , , , , , , , , , , , , , , , , , , , , , , , , , , , , , , , , , , , , , , , , , , , , , , , , , , , , , , , , , , , , , , , , , , , , , , , , , , , , , , , , , , , , , , , , , , , , , , 
991528,160403,Haryana,HR-R991,Rural,District name,Sub-district name,PSU name,Census/UFS PSU number,Address,HH/Flat/Apt number,Door number,GATS-3/137/03,Head name,Head father/spouse name,Observation,Male,1/30/2026 12:47:27 PM,1/30/2026 12:52:44 PM,1/30/2026 12:51:30 PM,1/30/2026 1:14:11 PM,1,60,1,Ali mohammad,0.805115544,200,1/30/2026 12:51:27 PM,400,1/30/2026 1:14:10 PM,200,1/30/2026 12:51:27 PM,400,1/30/2026 1:14:10 PM, , , , , , , , , , , , , , , , ,33.97815666666667 74.7474 1507.4 7.1,1,5,5, ,2,Ali mohammad,ashiq Ahmad dar, , , , , , , , , , , , , , , , , , ,60,35, , , , , , , , , , , , , , , , , , , , , , , , , , , , , , , , , , , , , , , , , , , , , , , , , , , , , , , , , , ,1,1, , , , , , , , , , , , , , , , , , ,2,2, , , , , , , , , , , , , , , , , , ,2,2, , , , , , , , , , , , , , , , , , ,2,33.977819999999994 74.74799166666666 1638.0 12.3, , ,1,8,1,-7,1956, ,60,1,1,4,1,1,2,1,2,1,1,2,1,1,2,1,2,1,4,2, ,2,3, ,3, , , , , , , , , , , , , , , , , , , , , , , , , , , , , , , , , , , , , , , , , , , , , , , , , , , , , , , , , , , , , , , , ,2, , , , , , , , , , , , , , , , ,3, ,3, , , , , , , , , , , , , , , , , , , , , , , , , , , , , , , , , , , , , , , , , , , , , , , , , , , , , , , , , , , ,2, ,2, ,2, , , , , , , , , , , , , , , , , , , , , , , , , , , , , , , , , , , , , , , , , , , , , ,3, , ,2, , , , ,2, ,2, ,2, , ,2, ,1,2,2, ,2, ,2, ,1,1, , , , , , , , , , , , , , , , , , , , , , , , , , , , , , ,2,2,2,2,2,2,2,2,2,2, , ,2,2,2,2,2,2,2,2,2,2,2, , ,2, , , , , , ,2,2,2,2,2,2,2,2,2,2,2,2,2,2, ,2,2,2,2,2,2,2,2,2,2,2,2, ,2,2,2,2,2,2,2,2,2,2,2,2,2,2,2,2,2,2,2,2,2,2,1,1,1,1,1,1,1,1,1,1,1,1,1, , , ,good answered fluntely,60
991529,160403,Haryana,HR-U177,Urban,District name, ,PSU name,Census/UFS PSU number,Address,HH/Flat/Apt number,Door number,GATS-3/235/05,Head name,Head father/spouse name,Observation,Male,1/30/2026 2:27:41 PM,1/30/2026 2:32:53 PM,1/30/2026 2:32:40 PM,1/30/2026 3:00:10 PM,1,40,1,javeed Ahmad sheikh,0.611633808,200,1/30/2026 2:32:38 PM,400,1/30/2026 3:00:08 PM,200,1/30/2026 2:32:38 PM,400,1/30/2026 3:00:08 PM, , , , , , , , , , , , , , , , ,33.975991666666665 74.74766333333334 1582.9 7.9,1,3,2,0,1,javeed Ahmad sheikh, , , , , , , , , , , , , , , , , , , ,40, , , , , , , , , , , , , , , , , , , , , , , , , , , , , , , , , , , , , , , , , , , , , , , , , , , , , , , , , , , ,1, , , , , , , , , , , , , , , , , , , ,1, , , , , , , , , , , , , , , , , , , ,2, , , , , , , , , , , , , , , , , , , ,2,33.976171666666666 74.74759666666667 1651.6 4.9, , ,1,8,1,-7,1986, ,40,1,1,4,1,2,2,2,1,1,1,2,2,2,2,2,2,1,4,2, ,2,2,2, ,30, , , , , , , , , , , , , , , , , ,0,0,0,0,2,0, , , , , , , , , , , , , , , , , , , , , , , , , , , , , , , , ,2, ,5,2,1, ,2,1,2, , , , , , , , , , , , , , , , ,3, ,3, , , , , , , , , , , , , , , , , , , , , , , , , , , , , , , , , , , , , , , , , , , , , , , , , , , , , , , , , , , ,2, ,2, ,2, ,2, , , , , , , , , , , , , , , , ,1,1,1,1,1, , , , , , , , , , , , , , , , , , , , , , ,3, , ,1,3, ,-7,2,1,2,1,2,1,2,2,2, ,1,2,2, ,2, ,2, ,1,1, , , , , , , , , , , , , , , , , , , , , , , , , , , , , , ,2,1,1,1,2,2,2,2,2,2, ,1,2,2,2,2,2,2,2,2,2,2,2, , ,2,2, , , , , ,2,2,2,2,2,2,2,2,2,2,2,2,2,2, ,2,2,2,2,2,2,2,2,2,2,2,2, ,2,2,2,2,2,2,2,2,2,2,2,2,2,2,2,2,2,2,2,2,2,2,2,2,2,2,2,2,2,2,2,2,2,2,-7,4, , ,good interiewer,40
991530,160403,Haryana,HR-R468,Rural,District name,Sub-district name,PSU name,Census/UFS PSU number,Address,HH/Flat/Apt number,Door number,GATS-3/294/01,Head name,Head father/spouse name,Observation,Male,1/30/2026 3:07:22 PM,1/30/2026 3:41:19 PM,1/30/2026 3:10:42 PM,1/30/2026 3:59:30 PM,3,27,1,mohammad lateef,0.302693532,200,1/30/2026 3:10:40 PM,400,1/30/2026 3:59:27 PM,200,1/30/2026 3:10:40 PM,400,1/30/2026 3:59:27 PM, , ,304,1/30/2026 3:24:00 PM, , , , , , , , , , , , ,33.9758427 74.7478715 1648.199951171875 20.431,1,7,7, ,3,ghulam mohd bhat,bilal ahmad,mohammad lateef, , , , , , , , , , , , , , , , , ,63,30,27, , , , , , , , , , , , , , , , , , , , , , , , , , , , , , , , , , , , , , , , , , , , , , , , , , , , , , , , , ,1,1,1, , , , , , , , , , , , , , , , , ,2,2,2, , , , , , , , , , , , , , , , , ,2,2,2, , , , , , , , , , , , , , , , , ,2,33.9758415 74.7478734 1648.199951171875 100.0, , ,1,8,1,10,1997, , , ,5,4,1,1,2,1,2,2,1,2,1,1,2,1,2,1,4,2, ,1,3, ,3, , , , , , , , , , , , , , , , , , , , , , , , , , , , , , , , , , , , , , , , , , , , , , , , , , , , , , , , , , , , , , , , ,2, , , , , , , , , , , , , , , , ,3, ,3, , , , , , , , , , , , , , , , , , , , , , , , , , , , , , , , , , , , , , , , , , , , , , , , , , , , , , , , , , , ,2, ,2, ,2, , , , , , , , , , , , , , , , , , , , , , , , , , , , , , , , , , , , , , , , , , , , , ,3, , ,1,3, ,-7,2,2, ,2, ,2, , ,2, ,1,2,2, ,2, ,2, ,2,2, , , , , , , , , , , , , , , , , , , , , , , , , , , , , , ,2,2,2,1,2,2,2,2,2,1,on cigerate packets, ,2,2,2,2,2,2,2,2,2,2,2, , ,2, , , , , , ,1,2,2,2,2,2,2,2,2,2,2,2,2,2, ,2,2,2,2,2,2,2,2,2,2,2,2, ,2,2,2,2,2,2,2,2,2,2,2,2,2,2,2,2,2,2,2,2,2,2,1,1,1,1,1,1,1,-7,1,1,1,-7,1, , , ,interiwer was good,28
991531,160403,Haryana,HR-U721,Urban,District name, ,PSU name,Census/UFS PSU number,Address,HH/Flat/Apt number,Door number,GATS-3/087/06,Head name,Head father/spouse name,Observation,Male, , , , , , , , , , , , , , , , , , , , , , , , , , , , , , , , , , , , , , , , , , , , , , , , , , , , , , , , , , , , , , , , , , , , , , , , , , , , , , , , , , , , , , , , , , , , , , , , , , , , , , , , , , , , , , , , , , , , , , , , , , , , , , , , , , , , , , , , , , , , , , , , , , , , , , , , , , , , , , , , , , , , , , , , , , , , , , , , , , , , , , , , , , , , , , , , , , , , , , , , , , , , , , , , , , , , , , , , , , , , , , , , , , , , , , , , , , , , , , , , , , , , , , , , , , , , , , , , , , , , , , , , , , , , , , , , , , , , , , , , , , , , , , , , , , , , , , , , , , , , , , , , , , , , , , , , , , , , , , , , , , , , , , , , , , , , , , , , , , , , , , , , , , , , , , , , , , , , , , , , , , , , , , , , , , , , , , , , , , , , , , , , , , , , , , , , , , , , , , , , , , , , , , , , , , , , , , , , , , , , , , , , , , , , , , , , , , , , , , , , , , , , , , , , , , , , , , , , , , , , , , , , , , , , , , , , , , , , , , , , , , , , , , , , , , , , , , , , , , , , , , , , , , , , , , , , , , , , , , , , , , , , , , , , , , , , , , , , , , , , , , , , , , , , , , , , , , , , , , , , , , , , 
991532,160403,Haryana,HR-R434,Rural,District name,Sub-district name,PSU name,Census/UFS PSU number,Address,HH/Flat/Apt number,Door number,GATS-3/281/04,Head name,Head father/spouse name,Observation,Male, , , , , , , , , , , , , , , , , , , , , , , , , , , , , , , , , , , , , , , , , , , , , , , , , , , , , , , , , , , , , , , , , , , , , , , , , , , , , , , , , , , , , , , , , , , , , , , , , , , , , , , , , , , , , , , , , , , , , , , , , , , , , , , , , , , , , , , , , , , , , , , , , , , , , , , , , , , , , , , , , , , , , , , , , , , , , , , , , , , , , , , , , , , , , , , , , , , , , , , , , , , , , , , , , , , , , , , , , , , , , , , , , , , , , , , , , , , , , , , , , , , , , , , , , , , , , , , , , , , , , , , , , , , , , , , , , , , , , , , , , , , , , , , , , , , , , , , , , , , , , , , , , , , , , , , , , , , , , , , , , , , , , , , , , , , , , , , , , , , , , , , , , , , , , , , , , , , , , , , , , , , , , , , , , , , , , , , , , , , , , , , , , , , , , , , , , , , , , , , , , , , , , , , , , , , , , , , , , , , , , , , , , , , , , , , , , , , , , , , , , , , , , , , , , , , , , , , , , , , , , , , , , , , , , , , , , , , , , , , , , , , , , , , , , , , , , , , , , , , , , , , , , , , , , , , , , , , , , , , , , , , , , , , , , , , , , , , , , , , , , , , , , , , , , , , , , , , , , , , , , , , , 
991533,160403,Haryana,HR-U328,Urban,District name, ,PSU name,Census/UFS PSU number,Address,HH/Flat/Apt number,Door number,GATS-3/121/02,Head name,Head father/spouse name,Observation,Male, , , , , , , , , , , , , , , , , , , , , , , , , , , , , , , , , , , , , , , , , , , , , , , , , , , , , , , , , , , , , , , , , , , , , , , , , , , , , , , , , , , , , , , , , , , , , , , , , , , , , , , , , , , , , , , , , , , , , , , , , , , , , , , , , , , , , , , , , , , , , , , , , , , , , , , , , , , , , , , , , , , , , , , , , , , , , , , , , , , , , , , , , , , , , , , , , , , , , , , , , , , , , , , , , , , , , , , , , , , , , , , , , , , , , , , , , , , , , , , , , , , , , , , , , , , , , , , , , , , , , , , , , , , , , , , , , , , , , , , , , , , , , , , , , , , , , , , , , , , , , , , , , , , , , , , , , , , , , , , , , , , , , , , , , , , , , , , , , , , , , , , , , , , , , , , , , , , , , , , , , , , , , , , , , , , , , , , , , , , , , , , , , , , , , , , , , , , , , , , , , , , , , , , , , , , , , , , , , , , , , , , , , , , , , , , , , , , , , , , , , , , , , , , , , , , , , , , , , , , , , , , , , , , , , , , , , , , , , , , , , , , , , , , , , , , , , , , , , , , , , , , , , , , , , , , , , , , , , , , , , , , , , , , , , , , , , , , , , , , , , , , , , , , , , , , , , , , , , , , , , , , , 
991534,160403,Haryana,HR-U102,Urban,District name, ,PSU name,Census/UFS PSU number,Address,HH/Flat/Apt number,Door number,GATS-3/076/04,Head name,Head father/spouse name,Observation,Male, , , , , , , , , , , , , , , , , , , , , , , , , , , , , , , , , , , , , , , , , , , , , , , , , , , , , , , , , , , , , , , , , , , , , , , , , , , , , , , , , , , , , , , , , , , , , , , , , , , , , , , , , , , , , , , , , , , , , , , , , , , , , , , , , , , , , , , , , , , , , , , , , , , , , , , , , , , , , , , , , , , , , , , , , , , , , , , , , , , , , , , , , , , , , , , , , , , , , , , , , , , , , , , , , , , , , , , , , , , , , , , , , , , , , , , , , , , , , , , , , , , , , , , , , , , , , , , , , , , , , , , , , , , , , , , , , , , , , , , , , , , , , , , , , , , , , , , , , , , , , , , , , , , , , , , , , , , , , , , , , , , , , , , , , , , , , , , , , , , , , , , , , , , , , , , , , , , , , , , , , , , , , , , , , , , , , , , , , , , , , , , , , , , , , , , , , , , , , , , , , , , , , , , , , , , , , , , , , , , , , , , , , , , , , , , , , , , , , , , , , , , , , , , , , , , , , , , , , , , , , , , , , , , , , , , , , , , , , , , , , , , , , , , , , , , , , , , , , , , , , , , , , , , , , , , , , , , , , , , , , , , , , , , , , , , , , , , , , , , , , , , , , , , , , , , , , , , , , , , , , , , , 
991535,160403,Haryana,HR-R552,Rural,District name,Sub-district name,PSU name,Census/UFS PSU number,Address,HH/Flat/Apt number,Door number,GATS-3/180/01,Head name,Head father/spouse name,Observation,Male, , , , , , , , , , , , , , , , , , , , , , , , , , , , , , , , , , , , , , , , , , , , , , , , , , , , , , , , , , , , , , , , , , , , , , , , , , , , , , , , , , , , , , , , , , , , , , , , , , , , , , , , , , , , , , , , , , , , , , , , , , , , , , , , , , , , , , , , , , , , , , , , , , , , , , , , , , , , , , , , , , , , , , , , , , , , , , , , , , , , , , , , , , , , , , , , , , , , , , , , , , , , , , , , , , , , , , , , , , , , , , , , , , , , , , , , , , , , , , , , , , , , , , , , , , , , , , , , , , , , , , , , , , , , , , , , , , , , , , , , , , , , , , , , , , , , , , , , , , , , , , , , , , , , , , , , , , , , , , , , , , , , , , , , , , , , , , , , , , , , , , , , , , , , , , , , , , , , , , , , , , , , , , , , , , , , , , , , , , , , , , , , , , , , , , , , , , , , , , , , , , , , , , , , , , , , , , , , , , , , , , , , , , , , , , , , , , , , , , , , , , , , , , , , , , , , , , , , , , , , , , , , , , , , , , , , , , , , , , , , , , , , , , , , , , , , , , , , , , , , , , , , , , , , , , , , , , , , , , , , , , , , , , , , , , , , , , , , , , , , , , , , , , , , , , , , , , , , , , , , , , , , 
991536,160403,Haryana,HR-R390,Rural,District name,Sub-district name,PSU name,Census/UFS PSU number,Address,HH/Flat/Apt number,Door number,GATS-3/232/09,Head name,Head father/spouse name,Observation,Male, , , , , , , , , , , , , , , , , , , , , , , , , , , , , , , , , , , , , , , , , , , , , , , , , , , , , , , , , , , , , , , , , , , , , , , , , , , , , , , , , , , , , , , , , , , , , , , , , , , , , , , , , , , , , , , , , , , , , , , , , , , , , , , , , , , , , , , , , , , , , , , , , , , , , , , , , , , , , , , , , , , , , , , , , , , , , , , , , , , , , , , , , , , , , , , , , , , , , , , , , , , , , , , , , , , , , , , , , , , , , , , , , , , , , , , , , , , , , , , , , , , , , , , , , , , , , , , , , , , , , , , , , , , , , , , , , , , , , , , , , , , , , , , , , , , , , , , , , , , , , , , , , , , , , , , , , , , , , , , , , , , , , , , , , , , , , , , , , , , , , , , , , , , , , , , , , , , , , , , , , , , , , , , , , , , , , , , , , , , , , , , , , , , , , , , , , , , , , , , , , , , , , , , , , , , , , , , , , , , , , , , , , , , , , , , , , , , , , , , , , , , , , , , , , , , , , , , , , , , , , , , , , , , , , , , , , , , , , , , , , , , , , , , , , , , , , , , , , , , , , , , , , , , , , , , , , , , , , , , , , , , , , , , , , , , , , , , , , , , , , , , , , , , , , , , , , , , , , , , , , , , , 
991537,160403,Haryana,HR-R864,Rural,District name,Sub-district name,PSU name,Census/UFS PSU number,Address,HH/Flat/Apt number,Door number,GATS-3/120/07,Head name,Head father/spouse name,Observation,Male, , , , , , , , , , , , , , , , , , , , , , , , , , , , , , , , , , , , , , , , , , , , , , , , , , , , , , , , , , , , , , , , , , , , , , , , , , , , , , , , , , , , , , , , , , , , , , , , , , , , , , , , , , , , , , , , , , , , , , , , , , , , , , , , , , , , , , , , , , , , , , , , , , , , , , , , , , , , , , , , , , , , , , , , , , , , , , , , , , , , , , , , , , , , , , , , , , , , , , , , , , , , , , , , , , , , , , , , , , , , , , , , , , , , , , , , , , , , , , , , , , , , , , , , , , , , , , , , , , , , , , , , , , , , , , , , , , , , , , , , , , , , , , , , , , , , , , , , , , , , , , , , , , , , , , , , , , , , , , , , , , , , , , , , , , , , , , , , , , , , , , , , , , , , , , , , , , , , , , , , , , , , , , , , , , , , , , , , , , , , , , , , , , , , , , , , , , , , , , , , , , , , , , , , , , , , , , , , , , , , , , , , , , , , , , , , , , , , , , , , , , , , , , , , , , , , , , , , , , , , , , , , , , , , , , , , , , , , , , , , , , , , , , , , , , , , , , , , , , , , , , , , , , , , , , , , , , , , , , , , , , , , , , , , , , , , , , , , , , , , , , , , , , , , , , , , , , , , , , , , , , , , 
991538,160403,Haryana,HR-R118,Rural,District name,Sub-district name,PSU name,Census/UFS PSU number,Address,HH/Flat/Apt number,Door number,GATS-3/103/06,Head name,Head father/spouse name,Observation,Male, , , , , , , , , , , , , , , , , , , , , , , , , , , , , , , , , , , , , , , , , , , , , , , , , , , , , , , , , , , , , , , , , , , , , , , , , , , , , , , , , , , , , , , , , , , , , , , , , , , , , , , , , , , , , , , , , , , , , , , , , , , , , , , , , , , , , , , , , , , , , , , , , , , , , , , , , , , , , , , , , , , , , , , , , , , , , , , , , , , , , , , , , , , , , , , , , , , , , , , , , , , , , , , , , , , , , , , , , , , , , , , , , , , , , , , , , , , , , , , , , , , , , , , , , , , , , , , , , , , , , , , , , , , , , , , , , , , , , , , , , , , , , , , , , , , , , , , , , , , , , , , , , , , , , , , , , , , , , , , , , , , , , , , , , , , , , , , , , , , , , , , , , , , , , , , , , , , , , , , , , , , , , , , , , , , , , , , , , , , , , , , , , , , , , , , , , , , , , , , , , , , , , , , , , , , , , , , , , , , , , , , , , , , , , , , , , , , , , , , , , , , , , , , , , , , , , , , , , , , , , , , , , , , , , , , , , , , , , , , , , , , , , , , , , , , , , , , , , , , , , , , , , , , , , , , , , , , , , , , , , , , , , , , , , , , , , , , , , , , , , , , , , , , , , , , , , , , , , , , , , , , , 
991539,160403,Haryana,HR-U847,Urban,District name, ,PSU name,Census/UFS PSU number,Address,HH/Flat/Apt number,Door number,GATS-3/035/05,Head name,Head father/spouse name,Observation,Male, , , , , , , , , , , , , , , , , , , , , , , , , , , , , , , , , , , , , , , , , , , , , , , , , , , , , , , , , , , , , , , , , , , , , , , , , , , , , , , , , , , , , , , , , , , , , , , , , , , , , , , , , , , , , , , , , , , , , , , , , , , , , , , , , , , , , , , , , , , , , , , , , , , , , , , , , , , , , , , , , , , , , , , , , , , , , , , , , , , , , , , , , , , , , , , , , , , , , , , , , , , , , , , , , , , , , , , , , , , , , , , , , , , , , , , , , , , , , , , , , , , , , , , , , , , , , , , , , , , , , , , , , , , , , , , , , , , , , , , , , , , , , , , , , , , , , , , , , , , , , , , , , , , , , , , , , , , , , , , , , , , , , , , , , , , , , , , , , , , , , , , , , , , , , , , , , , , , , , , , , , , , , , , , , , , , , , , , , , , , , , , , , , , , , , , , , , , , , , , , , , , , , , , , , , , , , , , , , , , , , , , , , , , , , , , , , , , , , , , , , , , , , , , , , , , , , , , , , , , , , , , , , , , , , , , , , , , , , , , , , , , , , , , , , , , , , , , , , , , , , , , , , , , , , , , , , , , , , , , , , , , , , , , , , , , , , , , , , , , , , , , , , , , , , , , , , , , , , , , , , , , , 
991540,160403,Haryana,HR-U740,Urban,District name, ,PSU name,Census/UFS PSU number,Address,HH/Flat/Apt number,Door number,GATS-3/161/03,Head name,Head father/spouse name,Observation,Male, , , , , , , , , , , , , , , , , , , , , , , , , , , , , , , , , , , , , , , , , , , , , , , , , , , , , , , , , , , , , , , , , , , , , , , , , , , , , , , , , , , , , , , , , , , , , , , , , , , , , , , , , , , , , , , , , , , , , , , , , , , , , , , , , , , , , , , , , , , , , , , , , , , , , , , , , , , , , , , , , , , , , , , , , , , , , , , , , , , , , , , , , , , , , , , , , , , , , , , , , , , , , , , , , , , , , , , , , , , , , , , , , , , , , , , , , , , , , , , , , , , , , , , , , , , , , , , , , , , , , , , , , , , , , , , , , , , , , , , , , , , , , , , , , , , , , , , , , , , , , , , , , , , , , , , , , , , , , , , , , , , , , , , , , , , , , , , , , , , , , , , , , , , , , , , , , , , , , , , , , , , , , , , , , , , , , , , , , , , , , , , , , , , , , , , , , , , , , , , , , , , , , , , , , , , , , , , , , , , , , , , , , , , , , , , , , , , , , , , , , , , , , , , , , , , , , , , , , , , , , , , , , , , , , , , , , , , , , , , , , , , , , , , , , , , , , , , , , , , , , , , , , , , , , , , , , , , , , , , , , , , , , , , , , , , , , , , , , , , , , , , , , , , , , , , , , , , , , , , , , , , , 
991541,160403,Haryana,HR-U030,Urban,District name, ,PSU name,Census/UFS PSU number,Address,HH/Flat/Apt number,Door number,GATS-3/265/02,Head name,Head father/spouse name,Observation,Male, , , , , , , , , , , , , , , , , , , , , , , , , , , , , , , , , , , , , , , , , , , , , , , , , , , , , , , , , , , , , , , , , , , , , , , , , , , , , , , , , , , , , , , , , , , , , , , , , , , , , , , , , , , , , , , , , , , , , , , , , , , , , , , , , , , , , , , , , , , , , , , , , , , , , , , , , , , , , , , , , , , , , , , , , , , , , , , , , , , , , , , , , , , , , , , , , , , , , , , , , , , , , , , , , , , , , , , , , , , , , , , , , , , , , , , , , , , , , , , , , , , , , , , , , , , , , , , , , , , , , , , , , , , , , , , , , , , , , , , , , , , , , , , , , , , , , , , , , , , , , , , , , , , , , , , , , , , , , , , , , , , , , , , , , , , , , , , , , , , , , , , , , , , , , , , , , , , , , , , , , , , , , , , , , , , , , , , , , , , , , , , , , , , , , , , , , , , , , , , , , , , , , , , , , , , , , , , , , , , , , , , , , , , , , , , , , , , , , , , , , , , , , , , , , , , , , , , , , , , , , , , , , , , , , , , , , , , , , , , , , , , , , , , , , , , , , , , , , , , , , , , , , , , , , , , , , , , , , , , , , , , , , , , , , , , , , , , , , , , , , , , , , , , , , , , , , , , , , , , , , , , , 
991542,160403,Haryana,HR-U120,Urban,District name, ,PSU name,Census/UFS PSU number,Address,HH/Flat/Apt number,Door number,GATS-3/224/01,Head name,Head father/spouse name,Observation,Male, , , , , , , , , , , , , , , , , , , , , , , , , , , , , , , , , , , , , , , , , , , , , , , , , , , , , , , , , , , , , , , , , , , , , , , , , , , , , , , , , , , , , , , , , , , , , , , , , , , , , , , , , , , , , , , , , , , , , , , , , , , , , , , , , , , , , , , , , , , , , , , , , , , , , , , , , , , , , , , , , , , , , , , , , , , , , , , , , , , , , , , , , , , , , , , , , , , , , , , , , , , , , , , , , , , , , , , , , , , , , , , , , , , , , , , , , , , , , , , , , , , , , , , , , , , , , , , , , , , , , , , , , , , , , , , , , , , , , , , , , , , , , , , , , , , , , , , , , , , , , , , , , , , , , , , , , , , , , , , , , , , , , , , , , , , , , , , , , , , , , , , , , , , , , , , , , , , , , , , , , , , , , , , , , , , , , , , , , , , , , , , , , , , , , , , , , , , , , , , , , , , , , , , , , , , , , , , , , , , , , , , , , , , , , , , , , , , , , , , , , , , , , , , , , , , , , , , , , , , , , , , , , , , , , , , , , , , , , , , , , , , , , , , , , , , , , , , , , , , , , , , , , , , , , , , , , , , , , , , , , , , , , , , , , , , , , , , , , , , , , , , , , , , , , , , , , , , , , , , , , , , , 
991543,160403,Haryana,HR-U174,Urban,District name, ,PSU name,Census/UFS PSU number,Address,HH/Flat/Apt number,Door number,GATS-3/181/07,Head name,Head father/spouse name,Observation,Male, , , , , , , , , , , , , , , , , , , , , , , , , , , , , , , , , , , , , , , , , , , , , , , , , , , , , , , , , , , , , , , , , , , , , , , , , , , , , , , , , , , , , , , , , , , , , , , , , , , , , , , , , , , , , , , , , , , , , , , , , , , , , , , , , , , , , , , , , , , , , , , , , , , , , , , , , , , , , , , , , , , , , , , , , , , , , , , , , , , , , , , , , , , , , , , , , , , , , , , , , , , , , , , , , , , , , , , , , , , , , , , , , , , , , , , , , , , , , , , , , , , , , , , , , , , , , , , , , , , , , , , , , , , , , , , , , , , , , , , , , , , , , , , , , , , , , , , , , , , , , , , , , , , , , , , , , , , , , , , , , , , , , , , , , , , , , , , , , , , , , , , , , , , , , , , , , , , , , , , , , , , , , , , , , , , , , , , , , , , , , , , , , , , , , , , , , , , , , , , , , , , , , , , , , , , , , , , , , , , , , , , , , , , , , , , , , , , , , , , , , , , , , , , , , , , , , , , , , , , , , , , , , , , , , , , , , , , , , , , , , , , , , , , , , , , , , , , , , , , , , , , , , , , , , , , , , , , , , , , , , , , , , , , , , , , , , , , , , , , , , , , , , , , , , , , , , , , , , , , , , , , , 
991544,160403,Haryana,HR-R259,Rural,District name,Sub-district name,PSU name,Census/UFS PSU number,Address,HH/Flat/Apt number,Door number,GATS-3/046/07,Head name,Head father/spouse name,Observation,Male, , , , , , , , , , , , , , , , , , , , , , , , , , , , , , , , , , , , , , , , , , , , , , , , , , , , , , , , , , , , , , , , , , , , , , , , , , , , , , , , , , , , , , , , , , , , , , , , , , , , , , , , , , , , , , , , , , , , , , , , , , , , , , , , , , , , , , , , , , , , , , , , , , , , , , , , , , , , , , , , , , , , , , , , , , , , , , , , , , , , , , , , , , , , , , , , , , , , , , , , , , , , , , , , , , , , , , , , , , , , , , , , , , , , , , , , , , , , , , , , , , , , , , , , , , , , , , , , , , , , , , , , , , , , , , , , , , , , , , , , , , , , , , , , , , , , , , , , , , , , , , , , , , , , , , , , , , , , , , , , , , , , , , , , , , , , , , , , , , , , , , , , , , , , , , , , , , , , , , , , , , , , , , , , , , , , , , , , , , , , , , , , , , , , , , , , , , , , , , , , , , , , , , , , , , , , , , , , , , , , , , , , , , , , , , , , , , , , , , , , , , , , , , , , , , , , , , , , , , , , , , , , , , , , , , , , , , , , , , , , , , , , , , , , , , , , , , , , , , , , , , , , , , , , , , , , , , , , , , , , , , , , , , , , , , , , , , , , , , , , , , , , , , , , , , , , , , , , , , , , , , , , 
991545,160403,Haryana,HR-U560,Urban,District name, ,PSU name,Census/UFS PSU number,Address,HH/Flat/Apt number,Door number,GATS-3/194/02,Head name,Head father/spouse name,Observation,Male, , , , , , , , , , , , , , , , , , , , , , , , , , , , , , , , , , , , , , , , , , , , , , , , , , , , , , , , , , , , , , , , , , , , , , , , , , , , , , , , , , , , , , , , , , , , , , , , , , , , , , , , , , , , , , , , , , , , , , , , , , , , , , , , , , , , , , , , , , , , , , , , , , , , , , , , , , , , , , , , , , , , , , , , , , , , , , , , , , , , , , , , , , , , , , , , , , , , , , , , , , , , , , , , , , , , , , , , , , , , , , , , , , , , , , , , , , , , , , , , , , , , , , , , , , , , , , , , , , , , , , , , , , , , , , , , , , , , , , , , , , , , , , , , , , , , , , , , , , , , , , , , , , , , , , , , , , , , , , , , , , , , , , , , , , , , , , , , , , , , , , , , , , , , , , , , , , , , , , , , , , , , , , , , , , , , , , , , , , , , , , , , , , , , , , , , , , , , , , , , , , , , , , , , , , , , , , , , , , , , , , , , , , , , , , , , , , , , , , , , , , , , , , , , , , , , , , , , , , , , , , , , , , , , , , , , , , , , , , , , , , , , , , , , , , , , , , , , , , , , , , , , , , , , , , , , , , , , , , , , , , , , , , , , , , , , , , , , , , , , , , , , , , , , , , , , , , , , , , , , , , , , 
991546,160403,Haryana,HR-R483,Rural,District name,Sub-district name,PSU name,Census/UFS PSU number,Address,HH/Flat/Apt number,Door number,GATS-3/115/07,Head name,Head father/spouse name,Observation,Male, , , , , , , , , , , , , , , , , , , , , , , , , , , , , , , , , , , , , , , , , , , , , , , , , , , , , , , , , , , , , , , , , , , , , , , , , , , , , , , , , , , , , , , , , , , , , , , , , , , , , , , , , , , , , , , , , , , , , , , , , , , , , , , , , , , , , , , , , , , , , , , , , , , , , , , , , , , , , , , , , , , , , , , , , , , , , , , , , , , , , , , , , , , , , , , , , , , , , , , , , , , , , , , , , , , , , , , , , , , , , , , , , , , , , , , , , , , , , , , , , , , , , , , , , , , , , , , , , , , , , , , , , , , , , , , , , , , , , , , , , , , , , , , , , , , , , , , , , , , , , , , , , , , , , , , , , , , , , , , , , , , , , , , , , , , , , , , , , , , , , , , , , , , , , , , , , , , , , , , , , , , , , , , , , , , , , , , , , , , , , , , , , , , , , , , , , , , , , , , , , , , , , , , , , , , , , , , , , , , , , , , , , , , , , , , , , , , , , , , , , , , , , , , , , , , , , , , , , , , , , , , , , , , , , , , , , , , , , , , , , , , , , , , , , , , , , , , , , , , , , , , , , , , , , , , , , , , , , , , , , , , , , , , , , , , , , , , , , , , , , , , , , , , , , , , , , , , , , , , , , , , , 
991547,160403,Haryana,HR-R993,Rural,District name,Sub-district name,PSU name,Census/UFS PSU number,Address,HH/Flat/Apt number,Door number,GATS-3/132/04,Head name,Head father/spouse name,Observation,Male, , , , , , , , , , , , , , , , , , , , , , , , , , , , , , , , , , , , , , , , , , , , , , , , , , , , , , , , , , , , , , , , , , , , , , , , , , , , , , , , , , , , , , , , , , , , , , , , , , , , , , , , , , , , , , , , , , , , , , , , , , , , , , , , , , , , , , , , , , , , , , , , , , , , , , , , , , , , , , , , , , , , , , , , , , , , , , , , , , , , , , , , , , , , , , , , , , , , , , , , , , , , , , , , , , , , , , , , , , , , , , , , , , , , , , , , , , , , , , , , , , , , , , , , , , , , , , , , , , , , , , , , , , , , , , , , , , , , , , , , , , , , , , , , , , , , , , , , , , , , , , , , , , , , , , , , , , , , , , , , , , , , , , , , , , , , , , , , , , , , , , , , , , , , , , , , , , , , , , , , , , , , , , , , , , , , , , , , , , , , , , , , , , , , , , , , , , , , , , , , , , , , , , , , , , , , , , , , , , , , , , , , , , , , , , , , , , , , , , , , , , , , , , , , , , , , , , , , , , , , , , , , , , , , , , , , , , , , , , , , , , , , , , , , , , , , , , , , , , , , , , , , , , , , , , , , , , , , , , , , , , , , , , , , , , , , , , , , , , , , , , , , , , , , , , , , , , , , , , , , , , , , 
991548,160403,Haryana,HR-U835,Urban,District name, ,PSU name,Census/UFS PSU number,Address,HH/Flat/Apt number,Door number,GATS-3/100/06,Head name,Head father/spouse name,Observation,Male, , , , , , , , , , , , , , , , , , , , , , , , , , , , , , , , , , , , , , , , , , , , , , , , , , , , , , , , , , , , , , , , , , , , , , , , , , , , , , , , , , , , , , , , , , , , , , , , , , , , , , , , , , , , , , , , , , , , , , , , , , , , , , , , , , , , , , , , , , , , , , , , , , , , , , , , , , , , , , , , , , , , , , , , , , , , , , , , , , , , , , , , , , , , , , , , , , , , , , , , , , , , , , , , , , , , , , , , , , , , , , , , , , , , , , , , , , , , , , , , , , , , , , , , , , , , , , , , , , , , , , , , , , , , , , , , , , , , , , , , , , , , , , , , , , , , , , , , , , , , , , , , , , , , , , , , , , , , , , , , , , , , , , , , , , , , , , , , , , , , , , , , , , , , , , , , , , , , , , , , , , , , , , , , , , , , , , , , , , , , , , , , , , , , , , , , , , , , , , , , , , , , , , , , , , , , , , , , , , , , , , , , , , , , , , , , , , , , , , , , , , , , , , , , , , , , , , , , , , , , , , , , , , , , , , , , , , , , , , , , , , , , , , , , , , , , , , , , , , , , , , , , , , , , , , , , , , , , , , , , , , , , , , , , , , , , , , , , , , , , , , , , , , , , , , , , , , , , , , , , , , , , 
991549,160403,Haryana,HR-R499,Rural,District name,Sub-district name,PSU name,Census/UFS PSU number,Address,HH/Flat/Apt number,Door number,GATS-3/185/01,Head name,Head father/spouse name,Observation,Male, , , , , , , , , , , , , , , , , , , , , , , , , , , , , , , , , , , , , , , , , , , , , , , , , , , , , , , , , , , , , , , , , , , , , , , , , , , , , , , , , , , , , , , , , , , , , , , , , , , , , , , , , , , , , , , , , , , , , , , , , , , , , , , , , , , , , , , , , , , , , , , , , , , , , , , , , , , , , , , , , , , , , , , , , , , , , , , , , , , , , , , , , , , , , , , , , , , , , , , , , , , , , , , , , , , , , , , , , , , , , , , , , , , , , , , , , , , , , , , , , , , , , , , , , , , , , , , , , , , , , , , , , , , , , , , , , , , , , , , , , , , , , , , , , , , , , , , , , , , , , , , , , , , , , , , , , , , , , , , , , , , , , , , , , , , , , , , , , , , , , , , , , , , , , , , , , , , , , , , , , , , , , , , , , , , , , , , , , , , , , , , , , , , , , , , , , , , , , , , , , , , , , , , , , , , , , , , , , , , , , , , , , , , , , , , , , , , , , , , , , , , , , , , , , , , , , , , , , , , , , , , , , , , , , , , , , , , , , , , , , , , , , , , , , , , , , , , , , , , , , , , , , , , , , , , , , , , , , , , , , , , , , , , , , , , , , , , , , , , , , , , , , , , , , , , , , , , , , , , , , , , , 
991550,160403,Haryana,HR-U045,Urban,District name, ,PSU name,Census/UFS PSU number,Address,HH/Flat/Apt number,Door number,GATS-3/119/08,Head name,Head father/spouse name,Observation,Male, , , , , , , , , , , , , , , , , , , , , , , , , , , , , , , , , , , , , , , , , , , , , , , , , , , , , , , , , , , , , , , , , , , , , , , , , , , , , , , , , , , , , , , , , , , , , , , , , , , , , , , , , , , , , , , , , , , , , , , , , , , , , , , , , , , , , , , , , , , , , , , , , , , , , , , , , , , , , , , , , , , , , , , , , , , , , , , , , , , , , , , , , , , , , , , , , , , , , , , , , , , , , , , , , , , , , , , , , , , , , , , , , , , , , , , , , , , , , , , , , , , , , , , , , , , , , , , , , , , , , , , , , , , , , , , , , , , , , , , , , , , , , , , , , , , , , , , , , , , , , , , , , , , , , , , , , , , , , , , , , , , , , , , , , , , , , , , , , , , , , , , , , , , , , , , , , , , , , , , , , , , , , , , , , , , , , , , , , , , , , , , , , , , , , , , , , , , , , , , , , , , , , , , , , , , , , , , , , , , , , , , , , , , , , , , , , , , , , , , , , , , , , , , , , , , , , , , , , , , , , , , , , , , , , , , , , , , , , , , , , , , , , , , , , , , , , , , , , , , , , , , , , , , , , , , , , , , , , , , , , , , , , , , , , , , , , , , , , , , , , , , , , , , , , , , , , , , , , , , , , , , , 
991581,160501,Haryana,HR-U235,Urban,District name, ,PSU name,Census/UFS PSU number,Address,HH/Flat/Apt number,Door number,GATS-3/179/02,Head name,Head father/spouse name,Observation,Male, , , , , , , , , , , , , , , , , , , , , , , , , , , , , , , , , , , , , , , , , , , , , , , , , , , , , , , , , , , , , , , , , , , , , , , , , , , , , , , , , , , , , , , , , , , , , , , , , , , , , , , , , , , , , , , , , , , , , , , , , , , , , , , , , , , , , , , , , , , , , , , , , , , , , , , , , , , , , , , , , , , , , , , , , , , , , , , , , , , , , , , , , , , , , , , , , , , , , , , , , , , , , , , , , , , , , , , , , , , , , , , , , , , , , , , , , , , , , , , , , , , , , , , , , , , , , , , , , , , , , , , , , , , , , , , , , , , , , , , , , , , , , , , , , , , , , , , , , , , , , , , , , , , , , , , , , , , , , , , , , , , , , , , , , , , , , , , , , , , , , , , , , , , , , , , , , , , , , , , , , , , , , , , , , , , , , , , , , , , , , , , , , , , , , , , , , , , , , , , , , , , , , , , , , , , , , , , , , , , , , , , , , , , , , , , , , , , , , , , , , , , , , , , , , , , , , , , , , , , , , , , , , , , , , , , , , , , , , , , , , , , , , , , , , , , , , , , , , , , , , , , , , , , , , , , , , , , , , , , , , , , , , , , , , , , , , , , , , , , , , , , , , , , , , , , , , , , , , , , , , , , , 
991582,160501,Haryana,HR-U980,Urban,District name, ,PSU name,Census/UFS PSU number,Address,HH/Flat/Apt number,Door number,GATS-3/279/09,Head name,Head father/spouse name,Observation,Male, , , , , , , , , , , , , , , , , , , , , , , , , , , , , , , , , , , , , , , , , , , , , , , , , , , , , , , , , , , , , , , , , , , , , , , , , , , , , , , , , , , , , , , , , , , , , , , , , , , , , , , , , , , , , , , , , , , , , , , , , , , , , , , , , , , , , , , , , , , , , , , , , , , , , , , , , , , , , , , , , , , , , , , , , , , , , , , , , , , , , , , , , , , , , , , , , , , , , , , , , , , , , , , , , , , , , , , , , , , , , , , , , , , , , , , , , , , , , , , , , , , , , , , , , , , , , , , , , , , , , , , , , , , , , , , , , , , , , , , , , , , , , , , , , , , , , , , , , , , , , , , , , , , , , , , , , , , , , , , , , , , , , , , , , , , , , , , , , , , , , , , , , , , , , , , , , , , , , , , , , , , , , , , , , , , , , , , , , , , , , , , , , , , , , , , , , , , , , , , , , , , , , , , , , , , , , , , , , , , , , , , , , , , , , , , , , , , , , , , , , , , , , , , , , , , , , , , , , , , , , , , , , , , , , , , , , , , , , , , , , , , , , , , , , , , , , , , , , , , , , , , , , , , , , , , , , , , , , , , , , , , , , , , , , , , , , , , , , , , , , , , , , , , , , , , , , , , , , , , , , , , , 
991583,160501,Haryana,HR-U404,Urban,District name, ,PSU name,Census/UFS PSU number,Address,HH/Flat/Apt number,Door number,GATS-3/253/09,Head name,Head father/spouse name,Observation,Male, , , , , , , , , , , , , , , , , , , , , , , , , , , , , , , , , , , , , , , , , , , , , , , , , , , , , , , , , , , , , , , , , , , , , , , , , , , , , , , , , , , , , , , , , , , , , , , , , , , , , , , , , , , , , , , , , , , , , , , , , , , , , , , , , , , , , , , , , , , , , , , , , , , , , , , , , , , , , , , , , , , , , , , , , , , , , , , , , , , , , , , , , , , , , , , , , , , , , , , , , , , , , , , , , , , , , , , , , , , , , , , , , , , , , , , , , , , , , , , , , , , , , , , , , , , , , , , , , , , , , , , , , , , , , , , , , , , , , , , , , , , , , , , , , , , , , , , , , , , , , , , , , , , , , , , , , , , , , , , , , , , , , , , , , , , , , , , , , , , , , , , , , , , , , , , , , , , , , , , , , , , , , , , , , , , , , , , , , , , , , , , , , , , , , , , , , , , , , , , , , , , , , , , , , , , , , , , , , , , , , , , , , , , , , , , , , , , , , , , , , , , , , , , , , , , , , , , , , , , , , , , , , , , , , , , , , , , , , , , , , , , , , , , , , , , , , , , , , , , , , , , , , , , , , , , , , , , , , , , , , , , , , , , , , , , , , , , , , , , , , , , , , , , , , , , , , , , , , , , , , , , , 
991584,160501,Haryana,HR-U809,Urban,District name, ,PSU name,Census/UFS PSU number,Address,HH/Flat/Apt number,Door number,GATS-3/063/03,Head name,Head father/spouse name,Observation,Male, , , , , , , , , , , , , , , , , , , , , , , , , , , , , , , , , , , , , , , , , , , , , , , , , , , , , , , , , , , , , , , , , , , , , , , , , , , , , , , , , , , , , , , , , , , , , , , , , , , , , , , , , , , , , , , , , , , , , , , , , , , , , , , , , , , , , , , , , , , , , , , , , , , , , , , , , , , , , , , , , , , , , , , , , , , , , , , , , , , , , , , , , , , , , , , , , , , , , , , , , , , , , , , , , , , , , , , , , , , , , , , , , , , , , , , , , , , , , , , , , , , , , , , , , , , , , , , , , , , , , , , , , , , , , , , , , , , , , , , , , , , , , , , , , , , , , , , , , , , , , , , , , , , , , , , , , , , , , , , , , , , , , , , , , , , , , , , , , , , , , , , , , , , , , , , , , , , , , , , , , , , , , , , , , , , , , , , , , , , , , , , , , , , , , , , , , , , , , , , , , , , , , , , , , , , , , , , , , , , , , , , , , , , , , , , , , , , , , , , , , , , , , , , , , , , , , , , , , , , , , , , , , , , , , , , , , , , , , , , , , , , , , , , , , , , , , , , , , , , , , , , , , , , , , , , , , , , , , , , , , , , , , , , , , , , , , , , , , , , , , , , , , , , , , , , , , , , , , , , , , , , , 
991585,160501,Haryana,HR-U256,Urban,District name, ,PSU name,Census/UFS PSU number,Address,HH/Flat/Apt number,Door number,GATS-3/012/05,Head name,Head father/spouse name,Observation,Male, , , , , , , , , , , , , , , , , , , , , , , , , , , , , , , , , , , , , , , , , , , , , , , , , , , , , , , , , , , , , , , , , , , , , , , , , , , , , , , , , , , , , , , , , , , , , , , , , , , , , , , , , , , , , , , , , , , , , , , , , , , , , , , , , , , , , , , , , , , , , , , , , , , , , , , , , , , , , , , , , , , , , , , , , , , , , , , , , , , , , , , , , , , , , , , , , , , , , , , , , , , , , , , , , , , , , , , , , , , , , , , , , , , , , , , , , , , , , , , , , , , , , , , , , , , , , , , , , , , , , , , , , , , , , , , , , , , , , , , , , , , , , , , , , , , , , , , , , , , , , , , , , , , , , , , , , , , , , , , , , , , , , , , , , , , , , , , , , , , , , , , , , , , , , , , , , , , , , , , , , , , , , , , , , , , , , , , , , , , , , , , , , , , , , , , , , , , , , , , , , , , , , , , , , , , , , , , , , , , , , , , , , , , , , , , , , , , , , , , , , , , , , , , , , , , , , , , , , , , , , , , , , , , , , , , , , , , , , , , , , , , , , , , , , , , , , , , , , , , , , , , , , , , , , , , , , , , , , , , , , , , , , , , , , , , , , , , , , , , , , , , , , , , , , , , , , , , , , , , , , , , , 
991586,160501,Haryana,HR-R019,Rural,District name,Sub-district name,PSU name,Census/UFS PSU number,Address,HH/Flat/Apt number,Door number,GATS-3/229/01,Head name,Head father/spouse name,Observation,Male, , , , , , , , , , , , , , , , , , , , , , , , , , , , , , , , , , , , , , , , , , , , , , , , , , , , , , , , , , , , , , , , , , , , , , , , , , , , , , , , , , , , , , , , , , , , , , , , , , , , , , , , , , , , , , , , , , , , , , , , , , , , , , , , , , , , , , , , , , , , , , , , , , , , , , , , , , , , , , , , , , , , , , , , , , , , , , , , , , , , , , , , , , , , , , , , , , , , , , , , , , , , , , , , , , , , , , , , , , , , , , , , , , , , , , , , , , , , , , , , , , , , , , , , , , , , , , , , , , , , , , , , , , , , , , , , , , , , , , , , , , , , , , , , , , , , , , , , , , , , , , , , , , , , , , , , , , , , , , , , , , , , , , , , , , , , , , , , , , , , , , , , , , , , , , , , , , , , , , , , , , , , , , , , , , , , , , , , , , , , , , , , , , , , , , , , , , , , , , , , , , , , , , , , , , , , , , , , , , , , , , , , , , , , , , , , , , , , , , , , , , , , , , , , , , , , , , , , , , , , , , , , , , , , , , , , , , , , , , , , , , , , , , , , , , , , , , , , , , , , , , , , , , , , , , , , , , , , , , , , , , , , , , , , , , , , , , , , , , , , , , , , , , , , , , , , , , , , , , , , , , , , 
991587,160501,Haryana,HR-R708,Rural,District name,Sub-district name,PSU name,Census/UFS PSU number,Address,HH/Flat/Apt number,Door number,GATS-3/272/06,Head name,Head father/spouse name,Observation,Male, , , , , , , , , , , , , , , , , , , , , , , , , , , , , , , , , , , , , , , , , , , , , , , , , , , , , , , , , , , , , , , , , , , , , , , , , , , , , , , , , , , , , , , , , , , , , , , , , , , , , , , , , , , , , , , , , , , , , , , , , , , , , , , , , , , , , , , , , , , , , , , , , , , , , , , , , , , , , , , , , , , , , , , , , , , , , , , , , , , , , , , , , , , , , , , , , , , , , , , , , , , , , , , , , , , , , , , , , , , , , , , , , , , , , , , , , , , , , , , , , , , , , , , , , , , , , , , , , , , , , , , , , , , , , , , , , , , , , , , , , , , , , , , , , , , , , , , , , , , , , , , , , , , , , , , , , , , , , , , , , , , , , , , , , , , , , , , , , , , , , , , , , , , , , , , , , , , , , , , , , , , , , , , , , , , , , , , , , , , , , , , , , , , , , , , , , , , , , , , , , , , , , , , , , , , , , , , , , , , , , , , , , , , , , , , , , , , , , , , , , , , , , , , , , , , , , , , , , , , , , , , , , , , , , , , , , , , , , , , , , , , , , , , , , , , , , , , , , , , , , , , , , , , , , , , , , , , , , , , , , , , , , , , , , , , , , , , , , , , , , , , , , , , , , , , , , , , , , , , , , , , , 
991588,160501,Haryana,HR-R991,Rural,District name,Sub-district name,PSU name,Census/UFS PSU number,Address,HH/Flat/Apt number,Door number,GATS-3/137/03,Head name,Head father/spouse name,Observation,Male, , , , , , , , , , , , , , , , , , , , , , , , , , , , , , , , , , , , , , , , , , , , , , , , , , , , , , , , , , , , , , , , , , , , , , , , , , , , , , , , , , , , , , , , , , , , , , , , , , , , , , , , , , , , , , , , , , , , , , , , , , , , , , , , , , , , , , , , , , , , , , , , , , , , , , , , , , , , , , , , , , , , , , , , , , , , , , , , , , , , , , , , , , , , , , , , , , , , , , , , , , , , , , , , , , , , , , , , , , , , , , , , , , , , , , , , , , , , , , , , , , , , , , , , , , , , , , , , , , , , , , , , , , , , , , , , , , , , , , , , , , , , , , , , , , , , , , , , , , , , , , , , , , , , , , , , , , , , , , , , , , , , , , , , , , , , , , , , , , , , , , , , , , , , , , , , , , , , , , , , , , , , , , , , , , , , , , , , , , , , , , , , , , , , , , , , , , , , , , , , , , , , , , , , , , , , , , , , , , , , , , , , , , , , , , , , , , , , , , , , , , , , , , , , , , , , , , , , , , , , , , , , , , , , , , , , , , , , , , , , , , , , , , , , , , , , , , , , , , , , , , , , , , , , , , , , , , , , , , , , , , , , , , , , , , , , , , , , , , , , , , , , , , , , , , , , , , , , , , , , , , , , 
991589,160501,Haryana,HR-U177,Urban,District name, ,PSU name,Census/UFS PSU number,Address,HH/Flat/Apt number,Door number,GATS-3/235/05,Head name,Head father/spouse name,Observation,Male, , , , , , , , , , , , , , , , , , , , , , , , , , , , , , , , , , , , , , , , , , , , , , , , , , , , , , , , , , , , , , , , , , , , , , , , , , , , , , , , , , , , , , , , , , , , , , , , , , , , , , , , , , , , , , , , , , , , , , , , , , , , , , , , , , , , , , , , , , , , , , , , , , , , , , , , , , , , , , , , , , , , , , , , , , , , , , , , , , , , , , , , , , , , , , , , , , , , , , , , , , , , , , , , , , , , , , , , , , , , , , , , , , , , , , , , , , , , , , , , , , , , , , , , , , , , , , , , , , , , , , , , , , , , , , , , , , , , , , , , , , , , , , , , , , , , , , , , , , , , , , , , , , , , , , , , , , , , , , , , , , , , , , , , , , , , , , , , , , , , , , , , , , , , , , , , , , , , , , , , , , , , , , , , , , , , , , , , , , , , , , , , , , , , , , , , , , , , , , , , , , , , , , , , , , , , , , , , , , , , , , , , , , , , , , , , , , , , , , , , , , , , , , , , , , , , , , , , , , , , , , , , , , , , , , , , , , , , , , , , , , , , , , , , , , , , , , , , , , , , , , , , , , , , , , , , , , , , , , , , , , , , , , , , , , , , , , , , , , , , , , , , , , , , , , , , , , , , , , , , , , , , 
991590,160501,Haryana,HR-R468,Rural,District name,Sub-district name,PSU name,Census/UFS PSU number,Address,HH/Flat/Apt number,Door number,GATS-3/294/01,Head name,Head father/spouse name,Observation,Male, , , , , , , , , , , , , , , , , , , , , , , , , , , , , , , , , , , , , , , , , , , , , , , , , , , , , , , , , , , , , , , , , , , , , , , , , , , , , , , , , , , , , , , , , , , , , , , , , , , , , , , , , , , , , , , , , , , , , , , , , , , , , , , , , , , , , , , , , , , , , , , , , , , , , , , , , , , , , , , , , , , , , , , , , , , , , , , , , , , , , , , , , , , , , , , , , , , , , , , , , , , , , , , , , , , , , , , , , , , , , , , , , , , , , , , , , , , , , , , , , , , , , , , , , , , , , , , , , , , , , , , , , , , , , , , , , , , , , , , , , , , , , , , , , , , , , , , , , , , , , , , , , , , , , , , , , , , , , , , , , , , , , , , , , , , , , , , , , , , , , , , , , , , , , , , , , , , , , , , , , , , , , , , , , , , , , , , , , , , , , , , , , , , , , , , , , , , , , , , , , , , , , , , , , , , , , , , , , , , , , , , , , , , , , , , , , , , , , , , , , , , , , , , , , , , , , , , , , , , , , , , , , , , , , , , , , , , , , , , , , , , , , , , , , , , , , , , , , , , , , , , , , , , , , , , , , , , , , , , , , , , , , , , , , , , , , , , , , , , , , , , , , , , , , , , , , , , , , , , , , , , , 
991591,160501,Haryana,HR-U721,Urban,District name, ,PSU name,Census/UFS PSU number,Address,HH/Flat/Apt number,Door number,GATS-3/087/06,Head name,Head father/spouse name,Observation,Male, , , , , , , , , , , , , , , , , , , , , , , , , , , , , , , , , , , , , , , , , , , , , , , , , , , , , , , , , , , , , , , , , , , , , , , , , , , , , , , , , , , , , , , , , , , , , , , , , , , , , , , , , , , , , , , , , , , , , , , , , , , , , , , , , , , , , , , , , , , , , , , , , , , , , , , , , , , , , , , , , , , , , , , , , , , , , , , , , , , , , , , , , , , , , , , , , , , , , , , , , , , , , , , , , , , , , , , , , , , , , , , , , , , , , , , , , , , , , , , , , , , , , , , , , , , , , , , , , , , , , , , , , , , , , , , , , , , , , , , , , , , , , , , , , , , , , , , , , , , , , , , , , , , , , , , , , , , , , , , , , , , , , , , , , , , , , , , , , , , , , , , , , , , , , , , , , , , , , , , , , , , , , , , , , , , , , , , , , , , , , , , , , , , , , , , , , , , , , , , , , , , , , , , , , , , , , , , , , , , , , , , , , , , , , , , , , , , , , , , , , , , , , , , , , , , , , , , , , , , , , , , , , , , , , , , , , , , , , , , , , , , , , , , , , , , , , , , , , , , , , , , , , , , , , , , , , , , , , , , , , , , , , , , , , , , , , , , , , , , , , , , , , , , , , , , , , , , , , , , , , , , , 
991592,160501,Haryana,HR-R434,Rural,District name,Sub-district name,PSU name,Census/UFS PSU number,Address,HH/Flat/Apt number,Door number,GATS-3/281/04,Head name,Head father/spouse name,Observation,Male, , , , , , , , , , , , , , , , , , , , , , , , , , , , , , , , , , , , , , , , , , , , , , , , , , , , , , , , , , , , , , , , , , , , , , , , , , , , , , , , , , , , , , , , , , , , , , , , , , , , , , , , , , , , , , , , , , , , , , , , , , , , , , , , , , , , , , , , , , , , , , , , , , , , , , , , , , , , , , , , , , , , , , , , , , , , , , , , , , , , , , , , , , , , , , , , , , , , , , , , , , , , , , , , , , , , , , , , , , , , , , , , , , , , , , , , , , , , , , , , , , , , , , , , , , , , , , , , , , , , , , , , , , , , , , , , , , , , , , , , , , , , , , , , , , , , , , , , , , , , , , , , , , , , , , , , , , , , , , , , , , , , , , , , , , , , , , , , , , , , , , , , , , , , , , , , , , , , , , , , , , , , , , , , , , , , , , , , , , , , , , , , , , , , , , , , , , , , , , , , , , , , , , , , , , , , , , , , , , , , , , , , , , , , , , , , , , , , , , , , , , , , , , , , , , , , , , , , , , , , , , , , , , , , , , , , , , , , , , , , , , , , , , , , , , , , , , , , , , , , , , , , , , , , , , , , , , , , , , , , , , , , , , , , , , , , , , , , , , , , , , , , , , , , , , , , , , , , , , , , , , , , 
991593,160501,Haryana,HR-U328,Urban,District name, ,PSU name,Census/UFS PSU number,Address,HH/Flat/Apt number,Door number,GATS-3/121/02,Head name,Head father/spouse name,Observation,Male, , , , , , , , , , , , , , , , , , , , , , , , , , , , , , , , , , , , , , , , , , , , , , , , , , , , , , , , , , , , , , , , , , , , , , , , , , , , , , , , , , , , , , , , , , , , , , , , , , , , , , , , , , , , , , , , , , , , , , , , , , , , , , , , , , , , , , , , , , , , , , , , , , , , , , , , , , , , , , , , , , , , , , , , , , , , , , , , , , , , , , , , , , , , , , , , , , , , , , , , , , , , , , , , , , , , , , , , , , , , , , , , , , , , , , , , , , , , , , , , , , , , , , , , , , , , , , , , , , , , , , , , , , , , , , , , , , , , , , , , , , , , , , , , , , , , , , , , , , , , , , , , , , , , , , , , , , , , , , , , , , , , , , , , , , , , , , , , , , , , , , , , , , , , , , , , , , , , , , , , , , , , , , , , , , , , , , , , , , , , , , , , , , , , , , , , , , , , , , , , , , , , , , , , , , , , , , , , , , , , , , , , , , , , , , , , , , , , , , , , , , , , , , , , , , , , , , , , , , , , , , , , , , , , , , , , , , , , , , , , , , , , , , , , , , , , , , , , , , , , , , , , , , , , , , , , , , , , , , , , , , , , , , , , , , , , , , , , , , , , , , , , , , , , , , , , , , , , , , , , , , , , 
991594,160501,Haryana,HR-U102,Urban,District name, ,PSU name,Census/UFS PSU number,Address,HH/Flat/Apt number,Door number,GATS-3/076/04,Head name,Head father/spouse name,Observation,Male, , , , , , , , , , , , , , , , , , , , , , , , , , , , , , , , , , , , , , , , , , , , , , , , , , , , , , , , , , , , , , , , , , , , , , , , , , , , , , , , , , , , , , , , , , , , , , , , , , , , , , , , , , , , , , , , , , , , , , , , , , , , , , , , , , , , , , , , , , , , , , , , , , , , , , , , , , , , , , , , , , , , , , , , , , , , , , , , , , , , , , , , , , , , , , , , , , , , , , , , , , , , , , , , , , , , , , , , , , , , , , , , , , , , , , , , , , , , , , , , , , , , , , , , , , , , , , , , , , , , , , , , , , , , , , , , , , , , , , , , , , , , , , , , , , , , , , , , , , , , , , , , , , , , , , , , , , , , , , , , , , , , , , , , , , , , , , , , , , , , , , , , , , , , , , , , , , , , , , , , , , , , , , , , , , , , , , , , , , , , , , , , , , , , , , , , , , , , , , , , , , , , , , , , , , , , , , , , , , , , , , , , , , , , , , , , , , , , , , , , , , , , , , , , , , , , , , , , , , , , , , , , , , , , , , , , , , , , , , , , , , , , , , , , , , , , , , , , , , , , , , , , , , , , , , , , , , , , , , , , , , , , , , , , , , , , , , , , , , , , , , , , , , , , , , , , , , , , , , , , , , , , 
991595,160501,Haryana,HR-R552,Rural,District name,Sub-district name,PSU name,Census/UFS PSU number,Address,HH/Flat/Apt number,Door number,GATS-3/180/01,Head name,Head father/spouse name,Observation,Male, , , , , , , , , , , , , , , , , , , , , , , , , , , , , , , , , , , , , , , , , , , , , , , , , , , , , , , , , , , , , , , , , , , , , , , , , , , , , , , , , , , , , , , , , , , , , , , , , , , , , , , , , , , , , , , , , , , , , , , , , , , , , , , , , , , , , , , , , , , , , , , , , , , , , , , , , , , , , , , , , , , , , , , , , , , , , , , , , , , , , , , , , , , , , , , , , , , , , , , , , , , , , , , , , , , , , , , , , , , , , , , , , , , , , , , , , , , , , , , , , , , , , , , , , , , , , , , , , , , , , , , , , , , , , , , , , , , , , , , , , , , , , , , , , , , , , , , , , , , , , , , , , , , , , , , , , , , , , , , , , , , , , , , , , , , , , , , , , , , , , , , , , , , , , , , , , , , , , , , , , , , , , , , , , , , , , , , , , , , , , , , , , , , , , , , , , , , , , , , , , , , , , , , , , , , , , , , , , , , , , , , , , , , , , , , , , , , , , , , , , , , , , , , , , , , , , , , , , , , , , , , , , , , , , , , , , , , , , , , , , , , , , , , , , , , , , , , , , , , , , , , , , , , , , , , , , , , , , , , , , , , , , , , , , , , , , , , , , , , , , , , , , , , , , , , , , , , , , , , , , , , , 
991596,160501,Haryana,HR-R390,Rural,District name,Sub-district name,PSU name,Census/UFS PSU number,Address,HH/Flat/Apt number,Door number,GATS-3/232/09,Head name,Head father/spouse name,Observation,Male, , , , , , , , , , , , , , , , , , , , , , , , , , , , , , , , , , , , , , , , , , , , , , , , , , , , , , , , , , , , , , , , , , , , , , , , , , , , , , , , , , , , , , , , , , , , , , , , , , , , , , , , , , , , , , , , , , , , , , , , , , , , , , , , , , , , , , , , , , , , , , , , , , , , , , , , , , , , , , , , , , , , , , , , , , , , , , , , , , , , , , , , , , , , , , , , , , , , , , , , , , , , , , , , , , , , , , , , , , , , , , , , , , , , , , , , , , , , , , , , , , , , , , , , , , , , , , , , , , , , , , , , , , , , , , , , , , , , , , , , , , , , , , , , , , , , , , , , , , , , , , , , , , , , , , , , , , , , , , , , , , , , , , , , , , , , , , , , , , , , , , , , , , , , , , , , , , , , , , , , , , , , , , , , , , , , , , , , , , , , , , , , , , , , , , , , , , , , , , , , , , , , , , , , , , , , , , , , , , , , , , , , , , , , , , , , , , , , , , , , , , , , , , , , , , , , , , , , , , , , , , , , , , , , , , , , , , , , , , , , , , , , , , , , , , , , , , , , , , , , , , , , , , , , , , , , , , , , , , , , , , , , , , , , , , , , , , , , , , , , , , , , , , , , , , , , , , , , , , , , , , , , 
991597,160501,Haryana,HR-R864,Rural,District name,Sub-district name,PSU name,Census/UFS PSU number,Address,HH/Flat/Apt number,Door number,GATS-3/120/07,Head name,Head father/spouse name,Observation,Male, , , , , , , , , , , , , , , , , , , , , , , , , , , , , , , , , , , , , , , , , , , , , , , , , , , , , , , , , , , , , , , , , , , , , , , , , , , , , , , , , , , , , , , , , , , , , , , , , , , , , , , , , , , , , , , , , , , , , , , , , , , , , , , , , , , , , , , , , , , , , , , , , , , , , , , , , , , , , , , , , , , , , , , , , , , , , , , , , , , , , , , , , , , , , , , , , , , , , , , , , , , , , , , , , , , , , , , , , , , , , , , , , , , , , , , , , , , , , , , , , , , , , , , , , , , , , , , , , , , , , , , , , , , , , , , , , , , , , , , , , , , , , , , , , , , , , , , , , , , , , , , , , , , , , , , , , , , , , , , , , , , , , , , , , , , , , , , , , , , , , , , , , , , , , , , , , , , , , , , , , , , , , , , , , , , , , , , , , , , , , , , , , , , , , , , , , , , , , , , , , , , , , , , , , , , , , , , , , , , , , , , , , , , , , , , , , , , , , , , , , , , , , , , , , , , , , , , , , , , , , , , , , , , , , , , , , , , , , , , , , , , , , , , , , , , , , , , , , , , , , , , , , , , , , , , , , , , , , , , , , , , , , , , , , , , , , , , , , , , , , , , , , , , , , , , , , , , , , , , , , , , , 
991598,160501,Haryana,HR-R118,Rural,District name,Sub-district name,PSU name,Census/UFS PSU number,Address,HH/Flat/Apt number,Door number,GATS-3/103/06,Head name,Head father/spouse name,Observation,Male, , , , , , , , , , , , , , , , , , , , , , , , , , , , , , , , , , , , , , , , , , , , , , , , , , , , , , , , , , , , , , , , , , , , , , , , , , , , , , , , , , , , , , , , , , , , , , , , , , , , , , , , , , , , , , , , , , , , , , , , , , , , , , , , , , , , , , , , , , , , , , , , , , , , , , , , , , , , , , , , , , , , , , , , , , , , , , , , , , , , , , , , , , , , , , , , , , , , , , , , , , , , , , , , , , , , , , , , , , , , , , , , , , , , , , , , , , , , , , , , , , , , , , , , , , , , , , , , , , , , , , , , , , , , , , , , , , , , , , , , , , , , , , , , , , , , , , , , , , , , , , , , , , , , , , , , , , , , , , , , , , , , , , , , , , , , , , , , , , , , , , , , , , , , , , , , , , , , , , , , , , , , , , , , , , , , , , , , , , , , , , , , , , , , , , , , , , , , , , , , , , , , , , , , , , , , , , , , , , , , , , , , , , , , , , , , , , , , , , , , , , , , , , , , , , , , , , , , , , , , , , , , , , , , , , , , , , , , , , , , , , , , , , , , , , , , , , , , , , , , , , , , , , , , , , , , , , , , , , , , , , , , , , , , , , , , , , , , , , , , , , , , , , , , , , , , , , , , , , , , , , , , 
991599,160501,Haryana,HR-U847,Urban,District name, ,PSU name,Census/UFS PSU number,Address,HH/Flat/Apt number,Door number,GATS-3/035/05,Head name,Head father/spouse name,Observation,Male, , , , , , , , , , , , , , , , , , , , , , , , , , , , , , , , , , , , , , , , , , , , , , , , , , , , , , , , , , , , , , , , , , , , , , , , , , , , , , , , , , , , , , , , , , , , , , , , , , , , , , , , , , , , , , , , , , , , , , , , , , , , , , , , , , , , , , , , , , , , , , , , , , , , , , , , , , , , , , , , , , , , , , , , , , , , , , , , , , , , , , , , , , , , , , , , , , , , , , , , , , , , , , , , , , , , , , , , , , , , , , , , , , , , , , , , , , , , , , , , , , , , , , , , , , , , , , , , , , , , , , , , , , , , , , , , , , , , , , , , , , , , , , , , , , , , , , , , , , , , , , , , , , , , , , , , , , , , , , , , , , , , , , , , , , , , , , , , , , , , , , , , , , , , , , , , , , , , , , , , , , , , , , , , , , , , , , , , , , , , , , , , , , , , , , , , , , , , , , , , , , , , , , , , , , , , , , , , , , , , , , , , , , , , , , , , , , , , , , , , , , , , , , , , , , , , , , , , , , , , , , , , , , , , , , , , , , , , , , , , , , , , , , , , , , , , , , , , , , , , , , , , , , , , , , , , , , , , , , , , , , , , , , , , , , , , , , , , , , , , , , , , , , , , , , , , , , , , , , , , , , , , 
991600,160501,Haryana,HR-U740,Urban,District name, ,PSU name,Census/UFS PSU number,Address,HH/Flat/Apt number,Door number,GATS-3/161/03,Head name,Head father/spouse name,Observation,Male, , , , , , , , , , , , , , , , , , , , , , , , , , , , , , , , , , , , , , , , , , , , , , , , , , , , , , , , , , , , , , , , , , , , , , , , , , , , , , , , , , , , , , , , , , , , , , , , , , , , , , , , , , , , , , , , , , , , , , , , , , , , , , , , , , , , , , , , , , , , , , , , , , , , , , , , , , , , , , , , , , , , , , , , , , , , , , , , , , , , , , , , , , , , , , , , , , , , , , , , , , , , , , , , , , , , , , , , , , , , , , , , , , , , , , , , , , , , , , , , , , , , , , , , , , , , , , , , , , , , , , , , , , , , , , , , , , , , , , , , , , , , , , , , , , , , , , , , , , , , , , , , , , , , , , , , , , , , , , , , , , , , , , , , , , , , , , , , , , , , , , , , , , , , , , , , , , , , , , , , , , , , , , , , , , , , , , , , , , , , , , , , , , , , , , , , , , , , , , , , , , , , , , , , , , , , , , , , , , , , , , , , , , , , , , , , , , , , , , , , , , , , , , , , , , , , , , , , , , , , , , , , , , , , , , , , , , , , , , , , , , , , , , , , , , , , , , , , , , , , , , , , , , , , , , , , , , , , , , , , , , , , , , , , , , , , , , , , , , , , , , , , , , , , , , , , , , , , , , , , , , , , 
991601,160501,Haryana,HR-U030,Urban,District name, ,PSU name,Census/UFS PSU number,Address,HH/Flat/Apt number,Door number,GATS-3/265/02,Head name,Head father/spouse name,Observation,Male, , , , , , , , , , , , , , , , , , , , , , , , , , , , , , , , , , , , , , , , , , , , , , , , , , , , , , , , , , , , , , , , , , , , , , , , , , , , , , , , , , , , , , , , , , , , , , , , , , , , , , , , , , , , , , , , , , , , , , , , , , , , , , , , , , , , , , , , , , , , , , , , , , , , , , , , , , , , , , , , , , , , , , , , , , , , , , , , , , , , , , , , , , , , , , , , , , , , , , , , , , , , , , , , , , , , , , , , , , , , , , , , , , , , , , , , , , , , , , , , , , , , , , , , , , , , , , , , , , , , , , , , , , , , , , , , , , , , , , , , , , , , , , , , , , , , , , , , , , , , , , , , , , , , , , , , , , , , , , , , , , , , , , , , , , , , , , , , , , , , , , , , , , , , , , , , , , , , , , , , , , , , , , , , , , , , , , , , , , , , , , , , , , , , , , , , , , , , , , , , , , , , , , , , , , , , , , , , , , , , , , , , , , , , , , , , , , , , , , , , , , , , , , , , , , , , , , , , , , , , , , , , , , , , , , , , , , , , , , , , , , , , , , , , , , , , , , , , , , , , , , , , , , , , , , , , , , , , , , , , , , , , , , , , , , , , , , , , , , , , , , , , , , , , , , , , , , , , , , , , , , , , 
991602,160501,Haryana,HR-U120,Urban,District name, ,PSU name,Census/UFS PSU number,Address,HH/Flat/Apt number,Door number,GATS-3/224/01,Head name,Head father/spouse name,Observation,Male, , , , , , , , , , , , , , , , , , , , , , , , , , , , , , , , , , , , , , , , , , , , , , , , , , , , , , , , , , , , , , , , , , , , , , , , , , , , , , , , , , , , , , , , , , , , , , , , , , , , , , , , , , , , , , , , , , , , , , , , , , , , , , , , , , , , , , , , , , , , , , , , , , , , , , , , , , , , , , , , , , , , , , , , , , , , , , , , , , , , , , , , , , , , , , , , , , , , , , , , , , , , , , , , , , , , , , , , , , , , , , , , , , , , , , , , , , , , , , , , , , , , , , , , , , , , , , , , , , , , , , , , , , , , , , , , , , , , , , , , , , , , , , , , , , , , , , , , , , , , , , , , , , , , , , , , , , , , , , , , , , , , , , , , , , , , , , , , , , , , , , , , , , , , , , , , , , , , , , , , , , , , , , , , , , , , , , , , , , , , , , , , , , , , , , , , , , , , , , , , , , , , , , , , , , , , , , , , , , , , , , , , , , , , , , , , , , , , , , , , , , , , , , , , , , , , , , , , , , , , , , , , , , , , , , , , , , , , , , , , , , , , , , , , , , , , , , , , , , , , , , , , , , , , , , , , , , , , , , , , , , , , , , , , , , , , , , , , , , , , , , , , , , , , , , , , , , , , , , , , , , , , 
991603,160501,Haryana,HR-U174,Urban,District name, ,PSU name,Census/UFS PSU number,Address,HH/Flat/Apt number,Door number,GATS-3/181/07,Head name,Head father/spouse name,Observation,Male, , , , , , , , , , , , , , , , , , , , , , , , , , , , , , , , , , , , , , , , , , , , , , , , , , , , , , , , , , , , , , , , , , , , , , , , , , , , , , , , , , , , , , , , , , , , , , , , , , , , , , , , , , , , , , , , , , , , , , , , , , , , , , , , , , , , , , , , , , , , , , , , , , , , , , , , , , , , , , , , , , , , , , , , , , , , , , , , , , , , , , , , , , , , , , , , , , , , , , , , , , , , , , , , , , , , , , , , , , , , , , , , , , , , , , , , , , , , , , , , , , , , , , , , , , , , , , , , , , , , , , , , , , , , , , , , , , , , , , , , , , , , , , , , , , , , , , , , , , , , , , , , , , , , , , , , , , , , , , , , , , , , , , , , , , , , , , , , , , , , , , , , , , , , , , , , , , , , , , , , , , , , , , , , , , , , , , , , , , , , , , , , , , , , , , , , , , , , , , , , , , , , , , , , , , , , , , , , , , , , , , , , , , , , , , , , , , , , , , , , , , , , , , , , , , , , , , , , , , , , , , , , , , , , , , , , , , , , , , , , , , , , , , , , , , , , , , , , , , , , , , , , , , , , , , , , , , , , , , , , , , , , , , , , , , , , , , , , , , , , , , , , , , , , , , , , , , , , , , , , , , , , 
991604,160501,Haryana,HR-R259,Rural,District name,Sub-district name,PSU name,Census/UFS PSU number,Address,HH/Flat/Apt number,Door number,GATS-3/046/07,Head name,Head father/spouse name,Observation,Male, , , , , , , , , , , , , , , , , , , , , , , , , , , , , , , , , , , , , , , , , , , , , , , , , , , , , , , , , , , , , , , , , , , , , , , , , , , , , , , , , , , , , , , , , , , , , , , , , , , , , , , , , , , , , , , , , , , , , , , , , , , , , , , , , , , , , , , , , , , , , , , , , , , , , , , , , , , , , , , , , , , , , , , , , , , , , , , , , , , , , , , , , , , , , , , , , , , , , , , , , , , , , , , , , , , , , , , , , , , , , , , , , , , , , , , , , , , , , , , , , , , , , , , , , , , , , , , , , , , , , , , , , , , , , , , , , , , , , , , , , , , , , , , , , , , , , , , , , , , , , , , , , , , , , , , , , , , , , , , , , , , , , , , , , , , , , , , , , , , , , , , , , , , , , , , , , , , , , , , , , , , , , , , , , , , , , , , , , , , , , , , , , , , , , , , , , , , , , , , , , , , , , , , , , , , , , , , , , , , , , , , , , , , , , , , , , , , , , , , , , , , , , , , , , , , , , , , , , , , , , , , , , , , , , , , , , , , , , , , , , , , , , , , , , , , , , , , , , , , , , , , , , , , , , , , , , , , , , , , , , , , , , , , , , , , , , , , , , , , , , , , , , , , , , , , , , , , , , , , , , , , , 
991605,160501,Haryana,HR-U560,Urban,District name, ,PSU name,Census/UFS PSU number,Address,HH/Flat/Apt number,Door number,GATS-3/194/02,Head name,Head father/spouse name,Observation,Male, , , , , , , , , , , , , , , , , , , , , , , , , , , , , , , , , , , , , , , , , , , , , , , , , , , , , , , , , , , , , , , , , , , , , , , , , , , , , , , , , , , , , , , , , , , , , , , , , , , , , , , , , , , , , , , , , , , , , , , , , , , , , , , , , , , , , , , , , , , , , , , , , , , , , , , , , , , , , , , , , , , , , , , , , , , , , , , , , , , , , , , , , , , , , , , , , , , , , , , , , , , , , , , , , , , , , , , , , , , , , , , , , , , , , , , , , , , , , , , , , , , , , , , , , , , , , , , , , , , , , , , , , , , , , , , , , , , , , , , , , , , , , , , , , , , , , , , , , , , , , , , , , , , , , , , , , , , , , , , , , , , , , , , , , , , , , , , , , , , , , , , , , , , , , , , , , , , , , , , , , , , , , , , , , , , , , , , , , , , , , , , , , , , , , , , , , , , , , , , , , , , , , , , , , , , , , , , , , , , , , , , , , , , , , , , , , , , , , , , , , , , , , , , , , , , , , , , , , , , , , , , , , , , , , , , , , , , , , , , , , , , , , , , , , , , , , , , , , , , , , , , , , , , , , , , , , , , , , , , , , , , , , , , , , , , , , , , , , , , , , , , , , , , , , , , , , , , , , , , , , , , , 
991606,160501,Haryana,HR-R483,Rural,District name,Sub-district name,PSU name,Census/UFS PSU number,Address,HH/Flat/Apt number,Door number,GATS-3/115/07,Head name,Head father/spouse name,Observation,Male, , , , , , , , , , , , , , , , , , , , , , , , , , , , , , , , , , , , , , , , , , , , , , , , , , , , , , , , , , , , , , , , , , , , , , , , , , , , , , , , , , , , , , , , , , , , , , , , , , , , , , , , , , , , , , , , , , , , , , , , , , , , , , , , , , , , , , , , , , , , , , , , , , , , , , , , , , , , , , , , , , , , , , , , , , , , , , , , , , , , , , , , , , , , , , , , , , , , , , , , , , , , , , , , , , , , , , , , , , , , , , , , , , , , , , , , , , , , , , , , , , , , , , , , , , , , , , , , , , , , , , , , , , , , , , , , , , , , , , , , , , , , , , , , , , , , , , , , , , , , , , , , , , , , , , , , , , , , , , , , , , , , , , , , , , , , , , , , , , , , , , , , , , , , , , , , , , , , , , , , , , , , , , , , , , , , , , , , , , , , , , , , , , , , , , , , , , , , , , , , , , , , , , , , , , , , , , , , , , , , , , , , , , , , , , , , , , , , , , , , , , , , , , , , , , , , , , , , , , , , , , , , , , , , , , , , , , , , , , , , , , , , , , , , , , , , , , , , , , , , , , , , , , , , , , , , , , , , , , , , , , , , , , , , , , , , , , , , , , , , , , , , , , , , , , , , , , , , , , , , , , , , 
991607,160501,Haryana,HR-R993,Rural,District name,Sub-district name,PSU name,Census/UFS PSU number,Address,HH/Flat/Apt number,Door number,GATS-3/132/04,Head name,Head father/spouse name,Observation,Male, , , , , , , , , , , , , , , , , , , , , , , , , , , , , , , , , , , , , , , , , , , , , , , , , , , , , , , , , , , , , , , , , , , , , , , , , , , , , , , , , , , , , , , , , , , , , , , , , , , , , , , , , , , , , , , , , , , , , , , , , , , , , , , , , , , , , , , , , , , , , , , , , , , , , , , , , , , , , , , , , , , , , , , , , , , , , , , , , , , , , , , , , , , , , , , , , , , , , , , , , , , , , , , , , , , , , , , , , , , , , , , , , , , , , , , , , , , , , , , , , , , , , , , , , , , , , , , , , , , , , , , , , , , , , , , , , , , , , , , , , , , , , , , , , , , , , , , , , , , , , , , , , , , , , , , , , , , , , , , , , , , , , , , , , , , , , , , , , , , , , , , , , , , , , , , , , , , , , , , , , , , , , , , , , , , , , , , , , , , , , , , , , , , , , , , , , , , , , , , , , , , , , , , , , , , , , , , , , , , , , , , , , , , , , , , , , , , , , , , , , , , , , , , , , , , , , , , , , , , , , , , , , , , , , , , , , , , , , , , , , , , , , , , , , , , , , , , , , , , , , , , , , , , , , , , , , , , , , , , , , , , , , , , , , , , , , , , , , , , , , , , , , , , , , , , , , , , , , , , , , , , , 
991608,160501,Haryana,HR-U835,Urban,District name, ,PSU name,Census/UFS PSU number,Address,HH/Flat/Apt number,Door number,GATS-3/100/06,Head name,Head father/spouse name,Observation,Male, , , , , , , , , , , , , , , , , , , , , , , , , , , , , , , , , , , , , , , , , , , , , , , , , , , , , , , , , , , , , , , , , , , , , , , , , , , , , , , , , , , , , , , , , , , , , , , , , , , , , , , , , , , , , , , , , , , , , , , , , , , , , , , , , , , , , , , , , , , , , , , , , , , , , , , , , , , , , , , , , , , , , , , , , , , , , , , , , , , , , , , , , , , , , , , , , , , , , , , , , , , , , , , , , , , , , , , , , , , , , , , , , , , , , , , , , , , , , , , , , , , , , , , , , , , , , , , , , , , , , , , , , , , , , , , , , , , , , , , , , , , , , , , , , , , , , , , , , , , , , , , , , , , , , , , , , , , , , , , , , , , , , , , , , , , , , , , , , , , , , , , , , , , , , , , , , , , , , , , , , , , , , , , , , , , , , , , , , , , , , , , , , , , , , , , , , , , , , , , , , , , , , , , , , , , , , , , , , , , , , , , , , , , , , , , , , , , , , , , , , , , , , , , , , , , , , , , , , , , , , , , , , , , , , , , , , , , , , , , , , , , , , , , , , , , , , , , , , , , , , , , , , , , , , , , , , , , , , , , , , , , , , , , , , , , , , , , , , , , , , , , , , , , , , , , , , , , , , , , , , , , , 
991609,160501,Haryana,HR-R499,Rural,District name,Sub-district name,PSU name,Census/UFS PSU number,Address,HH/Flat/Apt number,Door number,GATS-3/185/01,Head name,Head father/spouse name,Observation,Male, , , , , , , , , , , , , , , , , , , , , , , , , , , , , , , , , , , , , , , , , , , , , , , , , , , , , , , , , , , , , , , , , , , , , , , , , , , , , , , , , , , , , , , , , , , , , , , , , , , , , , , , , , , , , , , , , , , , , , , , , , , , , , , , , , , , , , , , , , , , , , , , , , , , , , , , , , , , , , , , , , , , , , , , , , , , , , , , , , , , , , , , , , , , , , , , , , , , , , , , , , , , , , , , , , , , , , , , , , , , , , , , , , , , , , , , , , , , , , , , , , , , , , , , , , , , , , , , , , , , , , , , , , , , , , , , , , , , , , , , , , , , , , , , , , , , , , , , , , , , , , , , , , , , , , , , , , , , , , , , , , , , , , , , , , , , , , , , , , , , , , , , , , , , , , , , , , , , , , , , , , , , , , , , , , , , , , , , , , , , , , , , , , , , , , , , , , , , , , , , , , , , , , , , , , , , , , , , , , , , , , , , , , , , , , , , , , , , , , , , , , , , , , , , , , , , , , , , , , , , , , , , , , , , , , , , , , , , , , , , , , , , , , , , , , , , , , , , , , , , , , , , , , , , , , , , , , , , , , , , , , , , , , , , , , , , , , , , , , , , , , , , , , , , , , , , , , , , , , , , , , , , 
991610,160501,Haryana,HR-U045,Urban,District name, ,PSU name,Census/UFS PSU number,Address,HH/Flat/Apt number,Door number,GATS-3/119/08,Head name,Head father/spouse name,Observation,Male, , , , , , , , , , , , , , , , , , , , , , , , , , , , , , , , , , , , , , , , , , , , , , , , , , , , , , , , , , , , , , , , , , , , , , , , , , , , , , , , , , , , , , , , , , , , , , , , , , , , , , , , , , , , , , , , , , , , , , , , , , , , , , , , , , , , , , , , , , , , , , , , , , , , , , , , , , , , , , , , , , , , , , , , , , , , , , , , , , , , , , , , , , , , , , , , , , , , , , , , , , , , , , , , , , , , , , , , , , , , , , , , , , , , , , , , , , , , , , , , , , , , , , , , , , , , , , , , , , , , , , , , , , , , , , , , , , , , , , , , , , , , , , , , , , , , , , , , , , , , , , , , , , , , , , , , , , , , , , , , , , , , , , , , , , , , , , , , , , , , , , , , , , , , , , , , , , , , , , , , , , , , , , , , , , , , , , , , , , , , , , , , , , , , , , , , , , , , , , , , , , , , , , , , , , , , , , , , , , , , , , , , , , , , , , , , , , , , , , , , , , , , , , , , , , , , , , , , , , , , , , , , , , , , , , , , , , , , , , , , , , , , , , , , , , , , , , , , , , , , , , , , , , , , , , , , , , , , , , , , , , , , , , , , , , , , , , , , , , , , , , , , , , , , , , , , , , , , , , , , , , , , 
991611,160502,Haryana,HR-U235,Urban,District name, ,PSU name,Census/UFS PSU number,Address,HH/Flat/Apt number,Door number,GATS-3/179/02,Head name,Head father/spouse name,Observation,Female,1/29/2026 11:35:08 AM,1/29/2026 11:45:30 AM,1/29/2026 11:44:18 AM,1/29/2026 12:03:03 PM,1,65,2,sayeeda bano,0.522278197,200,1/29/2026 11:44:14 AM,400,1/29/2026 12:03:01 PM,200,1/29/2026 11:44:14 AM,400,1/29/2026 12:03:01 PM, , , , , , , , , , , , , , , , ,33.98591166666667 74.75067666666668 1574.3 16.2,1,4,4, ,2,sayeeda bano,haseena, , , , , , , , , , , , , , , , , , ,65,50, , , , , , , , , , , , , , , , , , , , , , , , , , , , , , , , , , , , , , , , , , , , , , , , , , , , , , , , , , ,2,2, , , , , , , , , , , , , , , , , , ,2,2, , , , , , , , , , , , , , , , , , ,2,2, , , , , , , , , , , , , , , , , , ,2,33.98575833333334 74.75055166666667 1611.8 9.9, , ,1,8,2,6,1960, , , ,-7,6,1,1,1,1,2,2,1,2,1,2,2,2,2,2,4,2, ,2,3, ,3, , , , , , , , , , , , , , , , , , , , , , , , , , , , , , , , , , , , , , , , , , , , , , , , , , , , , , , , , , , , , , , , ,2, , , , , , , , , , , , , , , , ,3, ,3, , , , , , , , , , , , , , , , , , , , , , , , , , , , , , , , , , , , , , , , , , , , , , , , , , , , , , , , , , , ,2, ,2, ,2, , , , , , , , , , , , , , , , , , , , , , , , , , , , , , , , , , , , , , , , , , , , , ,3, , ,2, , , , ,2, ,2, ,-7, , ,-7, ,-7, ,-7, ,2, ,2, ,1,1, , , , , , , , , , , , , , , , , , , , , , , , , , , , , , ,1,2,1,2,2,2,2,1,1,1,no, ,2,1,2,2,2,2,1,2,2,2,2, , ,2, , , , , , ,1,1,2,2,2,2,2,2,2,2,2,2,2,2, ,7,2,2,2,2,2,2,2,7,7,7,2, ,1,2,2,2,2,2,2,2,-7,-7,-7,2,2,2,2,2,2,2,2,2,2,2,2,1,1,1,1,1,1,1,1,1,1,1,1, , , ,respondant is very fully cooperative,65
991612,160502,Haryana,HR-U980,Urban,District name, ,PSU name,Census/UFS PSU number,Address,HH/Flat/Apt number,Door number,GATS-3/279/09,Head name,Head father/spouse name,Observation,Female,1/29/2026 12:27:44 PM,1/29/2026 12:44:58 PM,1/29/2026 12:35:07 PM,1/29/2026 12:55:43 PM,2,38,2,suriya,0.99968771,200,1/29/2026 12:35:04 PM,400,1/29/2026 12:55:41 PM,200,1/29/2026 12:35:04 PM,400,1/29/2026 12:55:41 PM, , , , , , , , , , , , , , , , , ,1,4,4, ,2,rubeena,suriya, , , , , , , , , , , , , , , , , , ,38,38, , , , , , , , , , , , , , , , , , , , , , , , , , , , , , , , , , , , , , , , , , , , , , , , , , , , , , , , , , ,2,2, , , , , , , , , , , , , , , , , , ,2,2, , , , , , , , , , , , , , , , , , ,2,2, , , , , , , , , , , , , , , , , , ,2, , , ,1,8,2,7,1987, , , ,-7,6,1,1,1,1,1,2,1,2,1,1,2,2,2,2,4,2, ,2,3, ,3, , , , , , , , , , , , , , , , , , , , , , , , , , , , , , , , , , , , , , , , , , , , , , , , , , , , , , , , , , , , , , , , ,2, , , , , , , , , , , , , , , , ,3, ,3, , , , , , , , , , , , , , , , , , , , , , , , , , , , , , , , , , , , , , , , , , , , , , , , , , , , , , , , , , , ,2, ,2, ,2, , , , , , , , , , , , , , , , , , , , , , , , , , , , , , , , , , , , , , , , , , , , , ,4, ,-7,2, , , , ,2, ,2, ,2, , ,2, ,2, ,2, ,2, ,2, ,2,2, , , , , , , , , , , , , , , , , , , , , , , , , , , , , , ,2,1,2,2,2,2,2,2,2,2, , ,2,2,1,2,2,2,2,2,2,2,2, , ,2, , , , , , ,2,2,2,1,2,2,2,2,2,2,2,2,2,2, ,2,1,2,2,2,2,2,2,2,2,2,2, ,2,2,2,2,2,2,2,2,2,2,2,2,2,2,2,2,2,2,2,2,2,2,2,2,2,2,2,2,2,2,2,2,2,2,2, , ,2,respondant is very cooperative,38
991613,160502,Haryana,HR-U404,Urban,District name, ,PSU name,Census/UFS PSU number,Address,HH/Flat/Apt number,Door number,GATS-3/253/09,Head name,Head father/spouse name,Observation,Female,1/29/2026 1:10:59 PM,1/29/2026 1:18:06 PM,1/29/2026 1:17:30 PM,1/29/2026 1:31:55 PM,1,65,2,fatima bano,0.973232487,200,1/29/2026 1:17:27 PM,400,1/29/2026 1:31:53 PM,200,1/29/2026 1:17:27 PM,400,1/29/2026 1:31:53 PM, , , , , , , , , , , , , , , , ,33.98543166666666 74.75076 1571.6 17.1,1,6,5,1,3,fatima bano,tasleema,muzamil fatima, , , , , , , , , , , , , , , , , ,65,28,27, , , , , , , , , , , , , , , , , , , , , , , , , , , , , , , , , , , , , , , , , , , , , , , , , , , , , , , , , ,2,2,2, , , , , , , , , , , , , , , , , ,2,2,2, , , , , , , , , , , , , , , , , ,2,2,2, , , , , , , , , , , , , , , , , ,2,33.985776666666666 74.74818333333333 1594.2 14.6, , ,1,8,2,8,1960, , , ,-7,6,1,1,1,1,1,2,1,2,2,1,2,2,2,2,4,2, ,2,3, ,3, , , , , , , , , , , , , , , , , , , , , , , , , , , , , , , , , , , , , , , , , , , , , , , , , , , , , , , , , , , , , , , , ,2, , , , , , , , , , , , , , , , ,3, ,3, , , , , , , , , , , , , , , , , , , , , , , , , , , , , , , , , , , , , , , , , , , , , , , , , , , , , , , , , , , ,2, ,2, ,2, , , , , , , , , , , , , , , , , , , , , , , , , , , , , , , , , , , , , , , , , , , , , ,4, ,-7,2, , , , ,-7, ,-7, ,-7, , ,-7, ,-7, ,-7, ,2, ,2, ,2,2, , , , , , , , , , , , , , , , , , , , , , , , , , , , , , ,2,1,2,2,2,2,2,2,2,2, , ,2,2,1,2,2,2,2,2,2,2,2, , ,2, , , , , , ,2,2,2,1,2,2,2,2,2,2,2,2,2,2, ,2,1,2,2,2,2,2,2,2,2,2,2, ,2,2,2,2,2,2,2,2,2,2,2,2,2,2,2,1,2,2,2,2,2,2,2,2,2,2,2,2,2,2,1,1,1,1,1, , , ,respondant is very cooperative,65
991614,160502,Haryana,HR-U809,Urban,District name, ,PSU name,Census/UFS PSU number,Address,HH/Flat/Apt number,Door number,GATS-3/063/03,Head name,Head father/spouse name,Observation,Female,1/29/2026 2:27:42 PM,1/29/2026 2:32:58 PM,1/29/2026 2:29:46 PM,1/29/2026 2:43:13 PM,1,30,2,uzma,0.105871247,200,1/29/2026 2:29:44 PM,400,1/29/2026 2:43:11 PM,200,1/29/2026 2:29:44 PM,400,1/29/2026 2:43:11 PM, , , , , , , , , , , , , , , , , ,1,4,2,1,1,uzma, , , , , , , , , , , , , , , , , , , ,30, , , , , , , , , , , , , , , , , , , , , , , , , , , , , , , , , , , , , , , , , , , , , , , , , , , , , , , , , , , ,2, , , , , , , , , , , , , , , , , , , ,2, , , , , , , , , , , , , , , , , , , ,2, , , , , , , , , , , , , , , , , , , ,2, , , ,1,8,2,6,1995, , , ,7,6,1,1,1,1,2,2,2,2,2,2,2,2,2,2,4,2, ,2,3, ,3, , , , , , , , , , , , , , , , , , , , , , , , , , , , , , , , , , , , , , , , , , , , , , , , , , , , , , , , , , , , , , , , ,2, , , , , , , , , , , , , , , , ,3, ,3, , , , , , , , , , , , , , , , , , , , , , , , , , , , , , , , , , , , , , , , , , , , , , , , , , , , , , , , , , , ,2, ,2, ,2, , , , , , , , , , , , , , , , , , , , , , , , , , , , , , , , , , , , , , , , , , , , , ,4, ,-7,2, , , , ,-7, ,-7, ,-7, , ,2, ,2, ,2, ,2, ,2, ,2,2, , , , , , , , , , , , , , , , , , , , , , , , , , , , , , ,2,2,2,2,2,2,2,2,2,2, , ,2,2,2,2,2,2,2,2,2,2,2, , ,2, , , , , , ,2,2,2,2,2,2,2,2,2,2,2,2,2,2, ,2,2,2,2,2,2,2,2,2,2,2,2, ,2,2,2,2,2,2,2,2,2,2,2,2,2,2,2,2,2,2,2,2,2,2,2,1,1,1,1,1,1,1,2,1,1,2,2, , ,2,respondant is very fully cooperative,30
991615,160502,Haryana,HR-U256,Urban,District name, ,PSU name,Census/UFS PSU number,Address,HH/Flat/Apt number,Door number,GATS-3/012/05,Head name,Head father/spouse name,Observation,Female,1/29/2026 3:01:27 PM,1/29/2026 3:34:24 PM,1/29/2026 3:33:14 PM,1/29/2026 3:41:49 PM,2,35,2,butoola,0.243018748,200,1/29/2026 3:33:11 PM,400,1/29/2026 3:41:48 PM,200,1/29/2026 3:33:11 PM,400,1/29/2026 3:41:48 PM, , , , , , , , , , , , , , , , , ,1,6,4,2,2,fatima,butoola, , , , , , , , , , , , , , , , , , ,50,35, , , , , , , , , , , , , , , , , , , , , , , , , , , , , , , , , , , , , , , , , , , , , , , , , , , , , , , , , , ,2,2, , , , , , , , , , , , , , , , , , ,2,2, , , , , , , , , , , , , , , , , , ,2,2, , , , , , , , , , , , , , , , , , ,2, , , ,1,8,2,8,1975, , , ,-7,6,1,1,1,1,2,2,1,2,2,2,2,2,2,2,4,2, ,2,3, ,3, , , , , , , , , , , , , , , , , , , , , , , , , , , , , , , , , , , , , , , , , , , , , , , , , , , , , , , , , , , , , , , , ,2, , , , , , , , , , , , , , , , ,3, ,3, , , , , , , , , , , , , , , , , , , , , , , , , , , , , , , , , , , , , , , , , , , , , , , , , , , , , , , , , , , ,2, ,2, ,2, , , , , , , , , , , , , , , , , , , , , , , , , , , , , , , , , , , , , , , , , , , , , ,4, ,-7,2, , , , ,2, ,2, ,-7, , ,2, ,2, ,2, ,-7, ,-7, ,-7,-7, , , , , , , , , , , , , , , , , , , , , , , , , , , , , , ,2,2,2,2,2,2,2,2,2,2, , ,2,2,1,2,2,2,2,2,2,2,2, , ,2, , , , , , ,2,7,2,2,2,2,2,2,2,2,2,2,2,2, ,2,2,2,2,2,2,2,2,2,2,2,2, ,2,2,2,2,-7,-7,-7,2,2,2,2,-7,-7,-7,-7,-7,-7,-7,-7,-7,2,2,2,2,1,1,1,1,1,1,2,1,1,2,2, , , ,respondant is very fully cooperative,50
991616,160502,Haryana,HR-R019,Rural,District name,Sub-district name,PSU name,Census/UFS PSU number,Address,HH/Flat/Apt number,Door number,GATS-3/229/01,Head name,Head father/spouse name,Observation,Female,1/30/2026 11:43:01 AM,1/30/2026 11:49:12 AM,1/30/2026 11:48:37 AM,1/30/2026 11:58:47 AM,3,25,2,saima,0.209471116,200,1/30/2026 11:48:34 AM,400,1/30/2026 11:58:45 AM,200,1/30/2026 11:48:34 AM,400,1/30/2026 11:58:45 AM, , , , , , , , , , , , , , , , ,33.9847171 74.750276 1603.5 20.159,1,7,7, ,3,zaiba,rafeeqa bano,saima, , , , , , , , , , , , , , , , , ,80,40,25, , , , , , , , , , , , , , , , , , , , , , , , , , , , , , , , , , , , , , , , , , , , , , , , , , , , , , , , , ,2,2,2, , , , , , , , , , , , , , , , , ,1,2,2, , , , , , , , , , , , , , , , , ,2,2,2, , , , , , , , , , , , , , , , , ,2,33.9847139 74.7502822 1603.5 20.12, , ,1,8,2,4,2000, , , ,7,6,1,1,1,1,1,2,1,2,2,2,2,2,2,2,4,2, ,1,3, ,3, , , , , , , , , , , , , , , , , , , , , , , , , , , , , , , , , , , , , , , , , , , , , , , , , , , , , , , , , , , , , , , , ,2, , , , , , , , , , , , , , , , ,3, ,3, , , , , , , , , , , , , , , , , , , , , , , , , , , , , , , , , , , , , , , , , , , , , , , , , , , , , , , , , , , ,2, ,2, ,2, , , , , , , , , , , , , , , , , , , , , , , , , , , , , , , , , , , , , , , , , , , , , ,4, ,-7,2, , , , ,-7, ,-7, ,-7, , ,-7, ,-7, ,-7, ,-7, ,-7, ,-7,-7, , , , , , , , , , , , , , , , , , , , , , , , , , , , , , ,2,1,2,2,2,2,2,2,2,2, , ,2,2,1,2,2,2,2,2,2,2,2, , ,2, , , , , , ,2,2,2,1,2,2,2,2,2,2,2,2,2,2, ,2,1,2,2,2,2,2,2,2,2,2,2, ,2,2,2,-7,-7,2,-7,2,-7,-7,-7,-7,2,2,2,2,2,2,2,2,2,2,2,1,1,1,1,1,1,1,1,1,1,2,2, , ,2,respondant is very fully cooperative,25
991617,160502,Haryana,HR-R708,Rural,District name,Sub-district name,PSU name,Census/UFS PSU number,Address,HH/Flat/Apt number,Door number,GATS-3/272/06,Head name,Head father/spouse name,Observation,Female,1/30/2026 12:12:47 PM,1/30/2026 12:16:38 PM,1/30/2026 12:15:58 PM,1/30/2026 12:24:52 PM,3,23,2,saima,0.081527226,200,1/30/2026 12:15:56 PM,400,1/30/2026 12:24:50 PM,200,1/30/2026 12:15:56 PM,400,1/30/2026 12:24:50 PM, , , , , , , , , , , , , , , , ,33.98492 74.75024499999999 1611.5 14.2,1,6,6, ,3,saleema,firdousa,saima, , , , , , , , , , , , , , , , , ,50,24,23, , , , , , , , , , , , , , , , , , , , , , , , , , , , , , , , , , , , , , , , , , , , , , , , , , , , , , , , , ,2,2,2, , , , , , , , , , , , , , , , , ,1,2,2, , , , , , , , , , , , , , , , , ,2,2,2, , , , , , , , , , , , , , , , , ,2,33.98522166666667 74.75012333333333 1593.6 12.8, , ,1,8,2,6,2002, , , ,-7,6,1,1,1,1,1,2,2,2,2,2,2,2,2,2,4,2, ,1,3, ,3, , , , , , , , , , , , , , , , , , , , , , , , , , , , , , , , , , , , , , , , , , , , , , , , , , , , , , , , , , , , , , , , ,2, , , , , , , , , , , , , , , , ,3, ,3, , , , , , , , , , , , , , , , , , , , , , , , , , , , , , , , , , , , , , , , , , , , , , , , , , , , , , , , , , , ,2, ,2, ,2, , , , , , , , , , , , , , , , , , , , , , , , , , , , , , , , , , , , , , , , , , , , , ,4, ,5,2, , , , ,2, ,2, ,2, , ,2, ,2, ,2, ,2, ,2, ,2,2, , , , , , , , , , , , , , , , , , , , , , , , , , , , , , ,2,1,2,2,2,2,2,2,2,2, , ,2,2,1,2,2,2,2,2,2,2,2, , ,2, , , , , , ,2,2,2,1,2,2,2,2,2,2,2,2,2,2, ,2,1,2,2,2,2,2,2,2,2,2,2, ,2,2,2,2,2,2,2,2,2,2,2,2,2,2,2,2,2,2,2,2,2,2,-7,1,1,1,1,1,1,1,2,1,1,2,2, , ,2,respondant is very cooperative,23
991618,160502,Haryana,HR-R991,Rural,District name,Sub-district name,PSU name,Census/UFS PSU number,Address,HH/Flat/Apt number,Door number,GATS-3/137/03,Head name,Head father/spouse name,Observation,Female,1/30/2026 2:00:35 PM,1/30/2026 2:03:39 PM,1/30/2026 2:03:26 PM,1/30/2026 2:11:20 PM,1,42,2,sayeeda,0.372311631,200,1/30/2026 2:03:24 PM,400,1/30/2026 2:11:19 PM,200,1/30/2026 2:03:24 PM,400,1/30/2026 2:11:19 PM, , , , , , , , , , , , , , , , ,33.98486333333334 74.750075 1613.0 7.3,1,5,2,0,1,sayeeda, , , , , , , , , , , , , , , , , , , ,42, , , , , , , , , , , , , , , , , , , , , , , , , , , , , , , , , , , , , , , , , , , , , , , , , , , , , , , , , , , ,2, , , , , , , , , , , , , , , , , , , ,2, , , , , , , , , , , , , , , , , , , ,2, , , , , , , , , , , , , , , , , , , ,2,33.98482333333333 74.75004333333332 1613.0 7.8, , ,1,8,2,2,1983, , , ,-7,6,1,1,1,2,2,2,2,2,2,2,2,2,2,2,4,2, ,2,3, ,3, , , , , , , , , , , , , , , , , , , , , , , , , , , , , , , , , , , , , , , , , , , , , , , , , , , , , , , , , , , , , , , , ,2, , , , , , , , , , , , , , , , ,3, ,3, , , , , , , , , , , , , , , , , , , , , , , , , , , , , , , , , , , , , , , , , , , , , , , , , , , , , , , , , , , ,2, ,2, ,2, , , , , , , , , , , , , , , , , , , , , , , , , , , , , , , , , , , , , , , , , , , , , ,4, ,-7,2, , , , ,-7, ,2, ,2, , ,2, ,2, ,2, ,2, ,2, ,2,2, , , , , , , , , , , , , , , , , , , , , , , , , , , , , , ,2,1,2,2,2,2,2,2,2,2, , ,2,2,2,2,2,2,2,2,2,2,2, , ,2, , , , , , ,2,2,2,2,2,2,2,2,2,2,2,2,2,2, ,2,2,2,2,2,2,2,2,2,2,2,2, ,2,2,2,2,2,2,2,2,2,2,2,2,2,2,2,2,2,2,2,2,2,2,2,1,1,1,1,1,1,1,2,1,1,2,2, , ,2,respondant is very fully cooperative,42
991619,160502,Haryana,HR-U177,Urban,District name, ,PSU name,Census/UFS PSU number,Address,HH/Flat/Apt number,Door number,GATS-3/235/05,Head name,Head father/spouse name,Observation,Female,1/30/2026 2:46:26 PM,1/30/2026 2:49:28 PM,1/30/2026 2:49:13 PM,1/30/2026 2:57:20 PM,1,50,2,hamida bano,0.726574779,200,1/30/2026 2:49:11 PM,400,1/30/2026 2:57:18 PM,200,1/30/2026 2:49:11 PM,400,1/30/2026 2:57:18 PM, , , , , , , , , , , , , , , , ,33.984786666666665 74.75037166666667 1549.9 12.5,1,4,4, ,1,hamida bano, , , , , , , , , , , , , , , , , , , ,50, , , , , , , , , , , , , , , , , , , , , , , , , , , , , , , , , , , , , , , , , , , , , , , , , , , , , , , , , , , ,2, , , , , , , , , , , , , , , , , , , ,2, , , , , , , , , , , , , , , , , , , ,2, , , , , , , , , , , , , , , , , , , ,2,33.98482833333333 74.75033499999999 1549.9 13.1, , ,1,8,2,6,1975, , , ,-7,6,1,1,1,1,2,2,1,2,2,2,2,2,2,2,4,2, ,2,3, ,3, , , , , , , , , , , , , , , , , , , , , , , , , , , , , , , , , , , , , , , , , , , , , , , , , , , , , , , , , , , , , , , , ,2, , , , , , , , , , , , , , , , ,3, ,3, , , , , , , , , , , , , , , , , , , , , , , , , , , , , , , , , , , , , , , , , , , , , , , , , , , , , , , , , , , ,2, ,2, ,2, , , , , , , , , , , , , , , , , , , , , , , , , , , , , , , , , , , , , , , , , , , , , ,4, ,5,2, , , , ,2, ,2, ,2, , ,2, ,2, ,2, ,2, ,2, ,2,2, , , , , , , , , , , , , , , , , , , , , , , , , , , , , , ,2,2,2,2,2,2,2,2,2,2, , ,2,2,2,2,2,2,2,2,2,2,2, , ,2, , , , , , ,2,2,2,2,2,2,2,2,2,2,2,2,2,2, ,2,2,2,2,2,2,2,2,2,2,2,2, ,2,2,2,2,2,2,2,2,2,2,2,2,2,2,2,2,2,2,2,2,2,2,2,1,1,1,1,1,1,2,2,1,1,1,2, , , ,respondant is very fully cooperative,50
991620,160502,Haryana,HR-R468,Rural,District name,Sub-district name,PSU name,Census/UFS PSU number,Address,HH/Flat/Apt number,Door number,GATS-3/294/01,Head name,Head father/spouse name,Observation,Female,1/30/2026 3:11:40 PM,1/30/2026 3:14:50 PM,1/30/2026 3:14:38 PM,1/30/2026 3:23:00 PM,1,29,2,ishrat,0.902450281,200,1/30/2026 3:14:35 PM,400,1/30/2026 3:22:59 PM,200,1/30/2026 3:14:35 PM,400,1/30/2026 3:22:59 PM, , , , , , , , , , , , , , , , ,33.984655 74.75062833333332 1535.9 9.7,1,4,2,0,1,ishrat, , , , , , , , , , , , , , , , , , , ,29, , , , , , , , , , , , , , , , , , , , , , , , , , , , , , , , , , , , , , , , , , , , , , , , , , , , , , , , , , , ,2, , , , , , , , , , , , , , , , , , , ,2, , , , , , , , , , , , , , , , , , , ,2, , , , , , , , , , , , , , , , , , , ,2,33.98463 74.75049 1542.2 11.2, , ,1,8,2,6,1996, , , ,3,6,1,2,2,2,2,2,2,2,1,2,2,2,2,2,4,2, ,2,3, ,3, , , , , , , , , , , , , , , , , , , , , , , , , , , , , , , , , , , , , , , , , , , , , , , , , , , , , , , , , , , , , , , , ,2, , , , , , , , , , , , , , , , ,3, ,3, , , , , , , , , , , , , , , , , , , , , , , , , , , , , , , , , , , , , , , , , , , , , , , , , , , , , , , , , , , ,2, ,2, ,2, , , , , , , , , , , , , , , , , , , , , , , , , , , , , , , , , , , , , , , , , , , , , ,1,2,5,2, , , , ,2, ,2, ,2, , ,2, ,2, ,2, ,2, ,2, ,2,2, , , , , , , , , , , , , , , , , , , , , , , , , , , , , , ,2,2,2,2,2,2,2,2,2,2, , ,2,2,2,2,2,2,2,2,2,2,2, , ,2, , , , , , ,2,2,2,2,2,2,2,2,2,2,2,2,2,2, ,2,2,2,2,2,2,2,2,7,2,2,2, ,2,2,2,2,2,2,2,2,2,2,2,2,2,2,2,2,2,2,2,2,2,2,2,1,1,1,1,1,1,2,2,1,1,1,2, , ,2,respondant is very fully cooperative,29
991621,160502,Haryana,HR-U721,Urban,District name, ,PSU name,Census/UFS PSU number,Address,HH/Flat/Apt number,Door number,GATS-3/087/06,Head name,Head father/spouse name,Observation,Female,1/30/2026 3:38:54 PM,1/30/2026 3:42:39 PM,1/30/2026 3:42:27 PM,1/30/2026 3:49:01 PM,2,27,2,shayista,0.146204169,200,1/30/2026 3:42:25 PM,400,1/30/2026 3:48:59 PM,200,1/30/2026 3:42:25 PM,400,1/30/2026 3:48:59 PM, , , , , , , , , , , , , , , , , ,1,4,4, ,2,rafeeqa,shayista, , , , , , , , , , , , , , , , , , ,45,27, , , , , , , , , , , , , , , , , , , , , , , , , , , , , , , , , , , , , , , , , , , , , , , , , , , , , , , , , , ,2,2, , , , , , , , , , , , , , , , , , ,2,2, , , , , , , , , , , , , , , , , , ,2,2, , , , , , , , , , , , , , , , , , ,2,33.98466166666666 74.75145166666667 1581.5 15.1, , ,1,8,2,1,1998, , , ,7,5,1,1,1,1,2,2,1,2,2,2,2,2,2,2,4,2, ,1,3, ,3, , , , , , , , , , , , , , , , , , , , , , , , , , , , , , , , , , , , , , , , , , , , , , , , , , , , , , , , , , , , , , , , ,2, , , , , , , , , , , , , , , , ,3, ,3, , , , , , , , , , , , , , , , , , , , , , , , , , , , , , , , , , , , , , , , , , , , , , , , , , , , , , , , , , , ,2, ,2, ,2, , , , , , , , , , , , , , , , , , , , , , , , , , , , , , , , , , , , , , , , , , , , , ,4, ,5,2, , , , ,-7, ,-7, ,-7, , ,-7, ,-7, ,-7, ,-7, ,2, ,2,2, , , , , , , , , , , , , , , , , , , , , , , , , , , , , , ,2,2,2,2,2,2,2,2,2,2, , ,2,2,2,1,2,2,2,2,2,2,2, , ,2, , , , , , ,2,7,2,2,1,2,2,2,2,2,2,2,2,2, ,2,2,1,2,2,2,2,2,2,2,2,2, ,2,2,2,2,2,-7,-7,2,2,2,2,2,2,2,-7,2,2,2,2,2,2,-7,2,1,1,1,1,1,1,1,2,1,1,2,2, , ,2,respondant is very cooperative,28
991622,160502,Haryana,HR-R434,Rural,District name,Sub-district name,PSU name,Census/UFS PSU number,Address,HH/Flat/Apt number,Door number,GATS-3/281/04,Head name,Head father/spouse name,Observation,Female, , , , , , , , , , , , , , , , , , , , , , , , , , , , , , , , , , , , , , , , , , , , , , , , , , , , , , , , , , , , , , , , , , , , , , , , , , , , , , , , , , , , , , , , , , , , , , , , , , , , , , , , , , , , , , , , , , , , , , , , , , , , , , , , , , , , , , , , , , , , , , , , , , , , , , , , , , , , , , , , , , , , , , , , , , , , , , , , , , , , , , , , , , , , , , , , , , , , , , , , , , , , , , , , , , , , , , , , , , , , , , , , , , , , , , , , , , , , , , , , , , , , , , , , , , , , , , , , , , , , , , , , , , , , , , , , , , , , , , , , , , , , , , , , , , , , , , , , , , , , , , , , , , , , , , , , , , , , , , , , , , , , , , , , , , , , , , , , , , , , , , , , , , , , , , , , , , , , , , , , , , , , , , , , , , , , , , , , , , , , , , , , , , , , , , , , , , , , , , , , , , , , , , , , , , , , , , , , , , , , , , , , , , , , , , , , , , , , , , , , , , , , , , , , , , , , , , , , , , , , , , , , , , , , , , , , , , , , , , , , , , , , , , , , , , , , , , , , , , , , , , , , , , , , , , , , , , , , , , , , , , , , , , , , , , , , , , , , , , , , , , , , , , , , , , , , , , , , , , , , , , , , 
991623,160502,Haryana,HR-U328,Urban,District name, ,PSU name,Census/UFS PSU number,Address,HH/Flat/Apt number,Door number,GATS-3/121/02,Head name,Head father/spouse name,Observation,Female, , , , , , , , , , , , , , , , , , , , , , , , , , , , , , , , , , , , , , , , , , , , , , , , , , , , , , , , , , , , , , , , , , , , , , , , , , , , , , , , , , , , , , , , , , , , , , , , , , , , , , , , , , , , , , , , , , , , , , , , , , , , , , , , , , , , , , , , , , , , , , , , , , , , , , , , , , , , , , , , , , , , , , , , , , , , , , , , , , , , , , , , , , , , , , , , , , , , , , , , , , , , , , , , , , , , , , , , , , , , , , , , , , , , , , , , , , , , , , , , , , , , , , , , , , , , , , , , , , , , , , , , , , , , , , , , , , , , , , , , , , , , , , , , , , , , , , , , , , , , , , , , , , , , , , , , , , , , , , , , , , , , , , , , , , , , , , , , , , , , , , , , , , , , , , , , , , , , , , , , , , , , , , , , , , , , , , , , , , , , , , , , , , , , , , , , , , , , , , , , , , , , , , , , , , , , , , , , , , , , , , , , , , , , , , , , , , , , , , , , , , , , , , , , , , , , , , , , , , , , , , , , , , , , , , , , , , , , , , , , , , , , , , , , , , , , , , , , , , , , , , , , , , , , , , , , , , , , , , , , , , , , , , , , , , , , , , , , , , , , , , , , , , , , , , , , , , , , , , , , , , , , 
991624,160502,Haryana,HR-U102,Urban,District name, ,PSU name,Census/UFS PSU number,Address,HH/Flat/Apt number,Door number,GATS-3/076/04,Head name,Head father/spouse name,Observation,Female, , , , , , , , , , , , , , , , , , , , , , , , , , , , , , , , , , , , , , , , , , , , , , , , , , , , , , , , , , , , , , , , , , , , , , , , , , , , , , , , , , , , , , , , , , , , , , , , , , , , , , , , , , , , , , , , , , , , , , , , , , , , , , , , , , , , , , , , , , , , , , , , , , , , , , , , , , , , , , , , , , , , , , , , , , , , , , , , , , , , , , , , , , , , , , , , , , , , , , , , , , , , , , , , , , , , , , , , , , , , , , , , , , , , , , , , , , , , , , , , , , , , , , , , , , , , , , , , , , , , , , , , , , , , , , , , , , , , , , , , , , , , , , , , , , , , , , , , , , , , , , , , , , , , , , , , , , , , , , , , , , , , , , , , , , , , , , , , , , , , , , , , , , , , , , , , , , , , , , , , , , , , , , , , , , , , , , , , , , , , , , , , , , , , , , , , , , , , , , , , , , , , , , , , , , , , , , , , , , , , , , , , , , , , , , , , , , , , , , , , , , , , , , , , , , , , , , , , , , , , , , , , , , , , , , , , , , , , , , , , , , , , , , , , , , , , , , , , , , , , , , , , , , , , , , , , , , , , , , , , , , , , , , , , , , , , , , , , , , , , , , , , , , , , , , , , , , , , , , , , , , , , 
991625,160502,Haryana,HR-R552,Rural,District name,Sub-district name,PSU name,Census/UFS PSU number,Address,HH/Flat/Apt number,Door number,GATS-3/180/01,Head name,Head father/spouse name,Observation,Female, , , , , , , , , , , , , , , , , , , , , , , , , , , , , , , , , , , , , , , , , , , , , , , , , , , , , , , , , , , , , , , , , , , , , , , , , , , , , , , , , , , , , , , , , , , , , , , , , , , , , , , , , , , , , , , , , , , , , , , , , , , , , , , , , , , , , , , , , , , , , , , , , , , , , , , , , , , , , , , , , , , , , , , , , , , , , , , , , , , , , , , , , , , , , , , , , , , , , , , , , , , , , , , , , , , , , , , , , , , , , , , , , , , , , , , , , , , , , , , , , , , , , , , , , , , , , , , , , , , , , , , , , , , , , , , , , , , , , , , , , , , , , , , , , , , , , , , , , , , , , , , , , , , , , , , , , , , , , , , , , , , , , , , , , , , , , , , , , , , , , , , , , , , , , , , , , , , , , , , , , , , , , , , , , , , , , , , , , , , , , , , , , , , , , , , , , , , , , , , , , , , , , , , , , , , , , , , , , , , , , , , , , , , , , , , , , , , , , , , , , , , , , , , , , , , , , , , , , , , , , , , , , , , , , , , , , , , , , , , , , , , , , , , , , , , , , , , , , , , , , , , , , , , , , , , , , , , , , , , , , , , , , , , , , , , , , , , , , , , , , , , , , , , , , , , , , , , , , , , , , , , , 
991626,160502,Haryana,HR-R390,Rural,District name,Sub-district name,PSU name,Census/UFS PSU number,Address,HH/Flat/Apt number,Door number,GATS-3/232/09,Head name,Head father/spouse name,Observation,Female, , , , , , , , , , , , , , , , , , , , , , , , , , , , , , , , , , , , , , , , , , , , , , , , , , , , , , , , , , , , , , , , , , , , , , , , , , , , , , , , , , , , , , , , , , , , , , , , , , , , , , , , , , , , , , , , , , , , , , , , , , , , , , , , , , , , , , , , , , , , , , , , , , , , , , , , , , , , , , , , , , , , , , , , , , , , , , , , , , , , , , , , , , , , , , , , , , , , , , , , , , , , , , , , , , , , , , , , , , , , , , , , , , , , , , , , , , , , , , , , , , , , , , , , , , , , , , , , , , , , , , , , , , , , , , , , , , , , , , , , , , , , , , , , , , , , , , , , , , , , , , , , , , , , , , , , , , , , , , , , , , , , , , , , , , , , , , , , , , , , , , , , , , , , , , , , , , , , , , , , , , , , , , , , , , , , , , , , , , , , , , , , , , , , , , , , , , , , , , , , , , , , , , , , , , , , , , , , , , , , , , , , , , , , , , , , , , , , , , , , , , , , , , , , , , , , , , , , , , , , , , , , , , , , , , , , , , , , , , , , , , , , , , , , , , , , , , , , , , , , , , , , , , , , , , , , , , , , , , , , , , , , , , , , , , , , , , , , , , , , , , , , , , , , , , , , , , , , , , , , , , , , 
991627,160502,Haryana,HR-R864,Rural,District name,Sub-district name,PSU name,Census/UFS PSU number,Address,HH/Flat/Apt number,Door number,GATS-3/120/07,Head name,Head father/spouse name,Observation,Female, , , , , , , , , , , , , , , , , , , , , , , , , , , , , , , , , , , , , , , , , , , , , , , , , , , , , , , , , , , , , , , , , , , , , , , , , , , , , , , , , , , , , , , , , , , , , , , , , , , , , , , , , , , , , , , , , , , , , , , , , , , , , , , , , , , , , , , , , , , , , , , , , , , , , , , , , , , , , , , , , , , , , , , , , , , , , , , , , , , , , , , , , , , , , , , , , , , , , , , , , , , , , , , , , , , , , , , , , , , , , , , , , , , , , , , , , , , , , , , , , , , , , , , , , , , , , , , , , , , , , , , , , , , , , , , , , , , , , , , , , , , , , , , , , , , , , , , , , , , , , , , , , , , , , , , , , , , , , , , , , , , , , , , , , , , , , , , , , , , , , , , , , , , , , , , , , , , , , , , , , , , , , , , , , , , , , , , , , , , , , , , , , , , , , , , , , , , , , , , , , , , , , , , , , , , , , , , , , , , , , , , , , , , , , , , , , , , , , , , , , , , , , , , , , , , , , , , , , , , , , , , , , , , , , , , , , , , , , , , , , , , , , , , , , , , , , , , , , , , , , , , , , , , , , , , , , , , , , , , , , , , , , , , , , , , , , , , , , , , , , , , , , , , , , , , , , , , , , , , , , , , , 
991628,160502,Haryana,HR-R118,Rural,District name,Sub-district name,PSU name,Census/UFS PSU number,Address,HH/Flat/Apt number,Door number,GATS-3/103/06,Head name,Head father/spouse name,Observation,Female, , , , , , , , , , , , , , , , , , , , , , , , , , , , , , , , , , , , , , , , , , , , , , , , , , , , , , , , , , , , , , , , , , , , , , , , , , , , , , , , , , , , , , , , , , , , , , , , , , , , , , , , , , , , , , , , , , , , , , , , , , , , , , , , , , , , , , , , , , , , , , , , , , , , , , , , , , , , , , , , , , , , , , , , , , , , , , , , , , , , , , , , , , , , , , , , , , , , , , , , , , , , , , , , , , , , , , , , , , , , , , , , , , , , , , , , , , , , , , , , , , , , , , , , , , , , , , , , , , , , , , , , , , , , , , , , , , , , , , , , , , , , , , , , , , , , , , , , , , , , , , , , , , , , , , , , , , , , , , , , , , , , , , , , , , , , , , , , , , , , , , , , , , , , , , , , , , , , , , , , , , , , , , , , , , , , , , , , , , , , , , , , , , , , , , , , , , , , , , , , , , , , , , , , , , , , , , , , , , , , , , , , , , , , , , , , , , , , , , , , , , , , , , , , , , , , , , , , , , , , , , , , , , , , , , , , , , , , , , , , , , , , , , , , , , , , , , , , , , , , , , , , , , , , , , , , , , , , , , , , , , , , , , , , , , , , , , , , , , , , , , , , , , , , , , , , , , , , , , , , , , , , 
991629,160502,Haryana,HR-U847,Urban,District name, ,PSU name,Census/UFS PSU number,Address,HH/Flat/Apt number,Door number,GATS-3/035/05,Head name,Head father/spouse name,Observation,Female, , , , , , , , , , , , , , , , , , , , , , , , , , , , , , , , , , , , , , , , , , , , , , , , , , , , , , , , , , , , , , , , , , , , , , , , , , , , , , , , , , , , , , , , , , , , , , , , , , , , , , , , , , , , , , , , , , , , , , , , , , , , , , , , , , , , , , , , , , , , , , , , , , , , , , , , , , , , , , , , , , , , , , , , , , , , , , , , , , , , , , , , , , , , , , , , , , , , , , , , , , , , , , , , , , , , , , , , , , , , , , , , , , , , , , , , , , , , , , , , , , , , , , , , , , , , , , , , , , , , , , , , , , , , , , , , , , , , , , , , , , , , , , , , , , , , , , , , , , , , , , , , , , , , , , , , , , , , , , , , , , , , , , , , , , , , , , , , , , , , , , , , , , , , , , , , , , , , , , , , , , , , , , , , , , , , , , , , , , , , , , , , , , , , , , , , , , , , , , , , , , , , , , , , , , , , , , , , , , , , , , , , , , , , , , , , , , , , , , , , , , , , , , , , , , , , , , , , , , , , , , , , , , , , , , , , , , , , , , , , , , , , , , , , , , , , , , , , , , , , , , , , , , , , , , , , , , , , , , , , , , , , , , , , , , , , , , , , , , , , , , , , , , , , , , , , , , , , , , , , , , , , 
991630,160502,Haryana,HR-U740,Urban,District name, ,PSU name,Census/UFS PSU number,Address,HH/Flat/Apt number,Door number,GATS-3/161/03,Head name,Head father/spouse name,Observation,Female, , , , , , , , , , , , , , , , , , , , , , , , , , , , , , , , , , , , , , , , , , , , , , , , , , , , , , , , , , , , , , , , , , , , , , , , , , , , , , , , , , , , , , , , , , , , , , , , , , , , , , , , , , , , , , , , , , , , , , , , , , , , , , , , , , , , , , , , , , , , , , , , , , , , , , , , , , , , , , , , , , , , , , , , , , , , , , , , , , , , , , , , , , , , , , , , , , , , , , , , , , , , , , , , , , , , , , , , , , , , , , , , , , , , , , , , , , , , , , , , , , , , , , , , , , , , , , , , , , , , , , , , , , , , , , , , , , , , , , , , , , , , , , , , , , , , , , , , , , , , , , , , , , , , , , , , , , , , , , , , , , , , , , , , , , , , , , , , , , , , , , , , , , , , , , , , , , , , , , , , , , , , , , , , , , , , , , , , , , , , , , , , , , , , , , , , , , , , , , , , , , , , , , , , , , , , , , , , , , , , , , , , , , , , , , , , , , , , , , , , , , , , , , , , , , , , , , , , , , , , , , , , , , , , , , , , , , , , , , , , , , , , , , , , , , , , , , , , , , , , , , , , , , , , , , , , , , , , , , , , , , , , , , , , , , , , , , , , , , , , , , , , , , , , , , , , , , , , , , , , , , , , 
991631,160502,Haryana,HR-U030,Urban,District name, ,PSU name,Census/UFS PSU number,Address,HH/Flat/Apt number,Door number,GATS-3/265/02,Head name,Head father/spouse name,Observation,Female, , , , , , , , , , , , , , , , , , , , , , , , , , , , , , , , , , , , , , , , , , , , , , , , , , , , , , , , , , , , , , , , , , , , , , , , , , , , , , , , , , , , , , , , , , , , , , , , , , , , , , , , , , , , , , , , , , , , , , , , , , , , , , , , , , , , , , , , , , , , , , , , , , , , , , , , , , , , , , , , , , , , , , , , , , , , , , , , , , , , , , , , , , , , , , , , , , , , , , , , , , , , , , , , , , , , , , , , , , , , , , , , , , , , , , , , , , , , , , , , , , , , , , , , , , , , , , , , , , , , , , , , , , , , , , , , , , , , , , , , , , , , , , , , , , , , , , , , , , , , , , , , , , , , , , , , , , , , , , , , , , , , , , , , , , , , , , , , , , , , , , , , , , , , , , , , , , , , , , , , , , , , , , , , , , , , , , , , , , , , , , , , , , , , , , , , , , , , , , , , , , , , , , , , , , , , , , , , , , , , , , , , , , , , , , , , , , , , , , , , , , , , , , , , , , , , , , , , , , , , , , , , , , , , , , , , , , , , , , , , , , , , , , , , , , , , , , , , , , , , , , , , , , , , , , , , , , , , , , , , , , , , , , , , , , , , , , , , , , , , , , , , , , , , , , , , , , , , , , , , , , , , 
991632,160502,Haryana,HR-U120,Urban,District name, ,PSU name,Census/UFS PSU number,Address,HH/Flat/Apt number,Door number,GATS-3/224/01,Head name,Head father/spouse name,Observation,Female, , , , , , , , , , , , , , , , , , , , , , , , , , , , , , , , , , , , , , , , , , , , , , , , , , , , , , , , , , , , , , , , , , , , , , , , , , , , , , , , , , , , , , , , , , , , , , , , , , , , , , , , , , , , , , , , , , , , , , , , , , , , , , , , , , , , , , , , , , , , , , , , , , , , , , , , , , , , , , , , , , , , , , , , , , , , , , , , , , , , , , , , , , , , , , , , , , , , , , , , , , , , , , , , , , , , , , , , , , , , , , , , , , , , , , , , , , , , , , , , , , , , , , , , , , , , , , , , , , , , , , , , , , , , , , , , , , , , , , , , , , , , , , , , , , , , , , , , , , , , , , , , , , , , , , , , , , , , , , , , , , , , , , , , , , , , , , , , , , , , , , , , , , , , , , , , , , , , , , , , , , , , , , , , , , , , , , , , , , , , , , , , , , , , , , , , , , , , , , , , , , , , , , , , , , , , , , , , , , , , , , , , , , , , , , , , , , , , , , , , , , , , , , , , , , , , , , , , , , , , , , , , , , , , , , , , , , , , , , , , , , , , , , , , , , , , , , , , , , , , , , , , , , , , , , , , , , , , , , , , , , , , , , , , , , , , , , , , , , , , , , , , , , , , , , , , , , , , , , , , , , , , 
991633,160502,Haryana,HR-U174,Urban,District name, ,PSU name,Census/UFS PSU number,Address,HH/Flat/Apt number,Door number,GATS-3/181/07,Head name,Head father/spouse name,Observation,Female, , , , , , , , , , , , , , , , , , , , , , , , , , , , , , , , , , , , , , , , , , , , , , , , , , , , , , , , , , , , , , , , , , , , , , , , , , , , , , , , , , , , , , , , , , , , , , , , , , , , , , , , , , , , , , , , , , , , , , , , , , , , , , , , , , , , , , , , , , , , , , , , , , , , , , , , , , , , , , , , , , , , , , , , , , , , , , , , , , , , , , , , , , , , , , , , , , , , , , , , , , , , , , , , , , , , , , , , , , , , , , , , , , , , , , , , , , , , , , , , , , , , , , , , , , , , , , , , , , , , , , , , , , , , , , , , , , , , , , , , , , , , , , , , , , , , , , , , , , , , , , , , , , , , , , , , , , , , , , , , , , , , , , , , , , , , , , , , , , , , , , , , , , , , , , , , , , , , , , , , , , , , , , , , , , , , , , , , , , , , , , , , , , , , , , , , , , , , , , , , , , , , , , , , , , , , , , , , , , , , , , , , , , , , , , , , , , , , , , , , , , , , , , , , , , , , , , , , , , , , , , , , , , , , , , , , , , , , , , , , , , , , , , , , , , , , , , , , , , , , , , , , , , , , , , , , , , , , , , , , , , , , , , , , , , , , , , , , , , , , , , , , , , , , , , , , , , , , , , , , , , , , 
991634,160502,Haryana,HR-R259,Rural,District name,Sub-district name,PSU name,Census/UFS PSU number,Address,HH/Flat/Apt number,Door number,GATS-3/046/07,Head name,Head father/spouse name,Observation,Female, , , , , , , , , , , , , , , , , , , , , , , , , , , , , , , , , , , , , , , , , , , , , , , , , , , , , , , , , , , , , , , , , , , , , , , , , , , , , , , , , , , , , , , , , , , , , , , , , , , , , , , , , , , , , , , , , , , , , , , , , , , , , , , , , , , , , , , , , , , , , , , , , , , , , , , , , , , , , , , , , , , , , , , , , , , , , , , , , , , , , , , , , , , , , , , , , , , , , , , , , , , , , , , , , , , , , , , , , , , , , , , , , , , , , , , , , , , , , , , , , , , , , , , , , , , , , , , , , , , , , , , , , , , , , , , , , , , , , , , , , , , , , , , , , , , , , , , , , , , , , , , , , , , , , , , , , , , , , , , , , , , , , , , , , , , , , , , , , , , , , , , , , , , , , , , , , , , , , , , , , , , , , , , , , , , , , , , , , , , , , , , , , , , , , , , , , , , , , , , , , , , , , , , , , , , , , , , , , , , , , , , , , , , , , , , , , , , , , , , , , , , , , , , , , , , , , , , , , , , , , , , , , , , , , , , , , , , , , , , , , , , , , , , , , , , , , , , , , , , , , , , , , , , , , , , , , , , , , , , , , , , , , , , , , , , , , , , , , , , , , , , , , , , , , , , , , , , , , , , , , , , , 
991635,160502,Haryana,HR-U560,Urban,District name, ,PSU name,Census/UFS PSU number,Address,HH/Flat/Apt number,Door number,GATS-3/194/02,Head name,Head father/spouse name,Observation,Female, , , , , , , , , , , , , , , , , , , , , , , , , , , , , , , , , , , , , , , , , , , , , , , , , , , , , , , , , , , , , , , , , , , , , , , , , , , , , , , , , , , , , , , , , , , , , , , , , , , , , , , , , , , , , , , , , , , , , , , , , , , , , , , , , , , , , , , , , , , , , , , , , , , , , , , , , , , , , , , , , , , , , , , , , , , , , , , , , , , , , , , , , , , , , , , , , , , , , , , , , , , , , , , , , , , , , , , , , , , , , , , , , , , , , , , , , , , , , , , , , , , , , , , , , , , , , , , , , , , , , , , , , , , , , , , , , , , , , , , , , , , , , , , , , , , , , , , , , , , , , , , , , , , , , , , , , , , , , , , , , , , , , , , , , , , , , , , , , , , , , , , , , , , , , , , , , , , , , , , , , , , , , , , , , , , , , , , , , , , , , , , , , , , , , , , , , , , , , , , , , , , , , , , , , , , , , , , , , , , , , , , , , , , , , , , , , , , , , , , , , , , , , , , , , , , , , , , , , , , , , , , , , , , , , , , , , , , , , , , , , , , , , , , , , , , , , , , , , , , , , , , , , , , , , , , , , , , , , , , , , , , , , , , , , , , , , , , , , , , , , , , , , , , , , , , , , , , , , , , , , , , , 
991636,160502,Haryana,HR-R483,Rural,District name,Sub-district name,PSU name,Census/UFS PSU number,Address,HH/Flat/Apt number,Door number,GATS-3/115/07,Head name,Head father/spouse name,Observation,Female, , , , , , , , , , , , , , , , , , , , , , , , , , , , , , , , , , , , , , , , , , , , , , , , , , , , , , , , , , , , , , , , , , , , , , , , , , , , , , , , , , , , , , , , , , , , , , , , , , , , , , , , , , , , , , , , , , , , , , , , , , , , , , , , , , , , , , , , , , , , , , , , , , , , , , , , , , , , , , , , , , , , , , , , , , , , , , , , , , , , , , , , , , , , , , , , , , , , , , , , , , , , , , , , , , , , , , , , , , , , , , , , , , , , , , , , , , , , , , , , , , , , , , , , , , , , , , , , , , , , , , , , , , , , , , , , , , , , , , , , , , , , , , , , , , , , , , , , , , , , , , , , , , , , , , , , , , , , , , , , , , , , , , , , , , , , , , , , , , , , , , , , , , , , , , , , , , , , , , , , , , , , , , , , , , , , , , , , , , , , , , , , , , , , , , , , , , , , , , , , , , , , , , , , , , , , , , , , , , , , , , , , , , , , , , , , , , , , , , , , , , , , , , , , , , , , , , , , , , , , , , , , , , , , , , , , , , , , , , , , , , , , , , , , , , , , , , , , , , , , , , , , , , , , , , , , , , , , , , , , , , , , , , , , , , , , , , , , , , , , , , , , , , , , , , , , , , , , , , , , , , , , 
991637,160502,Haryana,HR-R993,Rural,District name,Sub-district name,PSU name,Census/UFS PSU number,Address,HH/Flat/Apt number,Door number,GATS-3/132/04,Head name,Head father/spouse name,Observation,Female, , , , , , , , , , , , , , , , , , , , , , , , , , , , , , , , , , , , , , , , , , , , , , , , , , , , , , , , , , , , , , , , , , , , , , , , , , , , , , , , , , , , , , , , , , , , , , , , , , , , , , , , , , , , , , , , , , , , , , , , , , , , , , , , , , , , , , , , , , , , , , , , , , , , , , , , , , , , , , , , , , , , , , , , , , , , , , , , , , , , , , , , , , , , , , , , , , , , , , , , , , , , , , , , , , , , , , , , , , , , , , , , , , , , , , , , , , , , , , , , , , , , , , , , , , , , , , , , , , , , , , , , , , , , , , , , , , , , , , , , , , , , , , , , , , , , , , , , , , , , , , , , , , , , , , , , , , , , , , , , , , , , , , , , , , , , , , , , , , , , , , , , , , , , , , , , , , , , , , , , , , , , , , , , , , , , , , , , , , , , , , , , , , , , , , , , , , , , , , , , , , , , , , , , , , , , , , , , , , , , , , , , , , , , , , , , , , , , , , , , , , , , , , , , , , , , , , , , , , , , , , , , , , , , , , , , , , , , , , , , , , , , , , , , , , , , , , , , , , , , , , , , , , , , , , , , , , , , , , , , , , , , , , , , , , , , , , , , , , , , , , , , , , , , , , , , , , , , , , , , , , , , 
991638,160502,Haryana,HR-U835,Urban,District name, ,PSU name,Census/UFS PSU number,Address,HH/Flat/Apt number,Door number,GATS-3/100/06,Head name,Head father/spouse name,Observation,Female, , , , , , , , , , , , , , , , , , , , , , , , , , , , , , , , , , , , , , , , , , , , , , , , , , , , , , , , , , , , , , , , , , , , , , , , , , , , , , , , , , , , , , , , , , , , , , , , , , , , , , , , , , , , , , , , , , , , , , , , , , , , , , , , , , , , , , , , , , , , , , , , , , , , , , , , , , , , , , , , , , , , , , , , , , , , , , , , , , , , , , , , , , , , , , , , , , , , , , , , , , , , , , , , , , , , , , , , , , , , , , , , , , , , , , , , , , , , , , , , , , , , , , , , , , , , , , , , , , , , , , , , , , , , , , , , , , , , , , , , , , , , , , , , , , , , , , , , , , , , , , , , , , , , , , , , , , , , , , , , , , , , , , , , , , , , , , , , , , , , , , , , , , , , , , , , , , , , , , , , , , , , , , , , , , , , , , , , , , , , , , , , , , , , , , , , , , , , , , , , , , , , , , , , , , , , , , , , , , , , , , , , , , , , , , , , , , , , , , , , , , , , , , , , , , , , , , , , , , , , , , , , , , , , , , , , , , , , , , , , , , , , , , , , , , , , , , , , , , , , , , , , , , , , , , , , , , , , , , , , , , , , , , , , , , , , , , , , , , , , , , , , , , , , , , , , , , , , , , , , , , , , 
991639,160502,Haryana,HR-R499,Rural,District name,Sub-district name,PSU name,Census/UFS PSU number,Address,HH/Flat/Apt number,Door number,GATS-3/185/01,Head name,Head father/spouse name,Observation,Female,1/30/2026 7:43:34 PM, ,1/30/2026 7:53:40 PM, ,1,50,2,gulshan,0.082037057,200,1/30/2026 7:53:35 PM, , ,200,1/30/2026 7:53:35 PM, , , , , , , , , , , , , , , , , , ,34.08021833333333 74.64894 1585.5 16.0,1,3,1,0,1,gulshan, , , , , , , , , , , , , , , , , , , ,50, , , , , , , , , , , , , , , , , , , , , , , , , , , , , , , , , , , , , , , , , , , , , , , , , , , , , , , , , , , ,2, , , , , , , , , , , , , , , , , , , ,1, , , , , , , , , , , , , , , , , , , ,2, , , , , , , , , , , , , , , , , , , , , , , , , , , , , , , , , , , , , , , , , , , , , , , , , , , , , , , , , , , , , , , , , , , , , , , , , , , , , , , , , , , , , , , , , , , , , , , , , , , , , , , , , , , , , , , , , , , , , , , , , , , , , , , , , , , , , , , , , , , , , , , , , , , , , , , , , , , , , , , , , , , , , , , , , , , , , , , , , , , , , , , , , , , , , , , , , , , , , , , , , , , , , , , , , , , , , , , , , , , , , , , , , , , , , , , , , , , , , , , , , , , , , , , , , , , , , , , , , , , , , , , , , , , , , , , , , , , , , , , , , , , , , , , , , , , , , , , , , , , , , , , , , , , , , , , , , , , , , , , , , , , , , , , , , , , , , , , , , , , , , , , , , , , , , , , , , , , , , , , , , , , , , , , , , , , , , , , , , , , , , , , , , , , , , , , , , , , , , , , , , , , , 
991640,160502,Haryana,HR-U045,Urban,District name, ,PSU name,Census/UFS PSU number,Address,HH/Flat/Apt number,Door number,GATS-3/119/08,Head name,Head father/spouse name,Observation,Female, , , , , , , , , , , , , , , , , , , , , , , , , , , , , , , , , , , , , , , , , , , , , , , , , , , , , , , , , , , , , , , , , , , , , , , , , , , , , , , , , , , , , , , , , , , , , , , , , , , , , , , , , , , , , , , , , , , , , , , , , , , , , , , , , , , , , , , , , , , , , , , , , , , , , , , , , , , , , , , , , , , , , , , , , , , , , , , , , , , , , , , , , , , , , , , , , , , , , , , , , , , , , , , , , , , , , , , , , , , , , , , , , , , , , , , , , , , , , , , , , , , , , , , , , , , , , , , , , , , , , , , , , , , , , , , , , , , , , , , , , , , , , , , , , , , , , , , , , , , , , , , , , , , , , , , , , , , , , , , , , , , , , , , , , , , , , , , , , , , , , , , , , , , , , , , , , , , , , , , , , , , , , , , , , , , , , , , , , , , , , , , , , , , , , , , , , , , , , , , , , , , , , , , , , , , , , , , , , , , , , , , , , , , , , , , , , , , , , , , , , , , , , , , , , , , , , , , , , , , , , , , , , , , , , , , , , , , , , , , , , , , , , , , , , , , , , , , , , , , , , , , , , , , , , , , , , , , , , , , , , , , , , , , , , , , , , , , , , , , , , , , , , , , , , , , , , , , , , , , , , , , , 
991641,160503,Haryana,HR-U235,Urban,District name, ,PSU name,Census/UFS PSU number,Address,HH/Flat/Apt number,Door number,GATS-3/179/02,Head name,Head father/spouse name,Observation,Male,1/29/2026 11:34:34 AM,1/29/2026 11:49:26 AM,1/29/2026 11:42:57 AM,1/29/2026 12:11:43 PM,3,43,1,Mohammad ashraf dar,0.237097311,200,1/29/2026 11:42:54 AM,400,1/29/2026 12:11:30 PM,200,1/29/2026 11:42:54 AM,400,1/29/2026 12:11:30 PM, , , , , , , , , , , , , , , , , ,1,7,5,0,3,ghulam mohidin dar,Mohammad yousaf dar,Mohammad ashraf dar, , , , , , , , , , , , , , , , , ,70,46,43, , , , , , , , , , , , , , , , , , , , , , , , , , , , , , , , , , , , , , , , , , , , , , , , , , , , , , , , , ,1,1,1, , , , , , , , , , , , , , , , , ,1,1,2, , , , , , , , , , , , , , , , , ,2,2,2, , , , , , , , , , , , , , , , , ,2, , , ,1,8,1,12,1980, , , ,2,2,1,1,2,1,1,2,1,1,2,1,2,1,2,1,4,2, ,2,2,2, ,15, , , , , , , , , , , , , , , , , ,0,0,0,0,1,0, , , , , , , , , , , , , , , , , , , , , , , , , , , , , , , , ,2, ,5,2,1, ,2,1,2, , , , , , , , , , , , , , , , ,3, ,3, , , , , , , , , , , , , , , , , , , , , , , , , , , , , , , , , , , , , , , , , , , , , , , , , , , , , , , , , , , ,2, ,2, ,2, ,2, , , , , , , , , , , , , , , , ,2, , , ,4, , , , , , , , , , , , , , , , , , , , , , ,1,2,3,1,2,1,3,2,2, ,2, ,2, , ,2, ,1,2,2, ,1,2,2, ,2,2, , , , , , , , , , , , , , , , , , , , , , , , , , , , , , ,1,1,2,2,2,2,2,1,1,1,guest house,1,2,1,1,2,2,2,2,2,1,1,2, , ,2,2, , , , , ,2,1,1,2,2,2,2,2,2,2,2,2,2,2, ,1,1,2,2,1,1,2,2,2,2,2,2, ,2,2,2,2,2,2,2,2,2,2,2,2,2,2,2,2,2,2,2,2,2,2,2,2,2,1,1,1,1,1,1,1,1,1,1,4, , ,he was enjoying tobbaco consuming and was aware about its danger but was not willing to leave it,45
991642,160503,Haryana,HR-U980,Urban,District name, ,PSU name,Census/UFS PSU number,Address,HH/Flat/Apt number,Door number,GATS-3/279/09,Head name,Head father/spouse name,Observation,Male,1/29/2026 12:21:11 PM,1/29/2026 12:27:38 PM,1/29/2026 12:27:31 PM,1/29/2026 12:43:42 PM,5,19,1,sahil manzoor,0.032587195,200,1/29/2026 12:27:21 PM,400,1/29/2026 12:43:24 PM,200,1/29/2026 12:27:21 PM,400,1/29/2026 12:43:24 PM, , , , , , , , , , , , , , , , , ,1,8,8, ,5,ghulam rasool,manzoor ahmad,arif  manzoor,aqib manzoor,sahil manzoor, , , , , , , , , , , , , , , ,70,45,25,24,19, , , , , , , , , , , , , , , , , , , , , , , , , , , , , , , , , , , , , , , , , , , , , , , , , , , , , , , ,1,1,1,1,1, , , , , , , , , , , , , , , ,2,1,2,2,2, , , , , , , , , , , , , , , ,2,2,2,2,2, , , , , , , , , , , , , , , ,2, , , ,1,8,1,4,2002, , , ,4,3,1,1,2,1,1,2,1,2,2,2,2,1,2,1,4,2, ,1,3, ,3, , , , , , , , , , , , , , , , , , , , , , , , , , , , , , , , , , , , , , , , , , , , , , , , , , , , , , , , , , , , , , , , ,1,3,2, , , , , , , , , , , , , ,2,3, ,3, , , , , , , , , , , , , , , , , , , , , , , , , , , , , , , , , , , , , , , , , , , , , , , , , , , , , , , , , , , ,2, ,2, ,2, , , , , , , , , , , , , , , , , , , , , , , , , , , , , , , , , , , , , , , , , , , , , ,4, ,1,1,1, ,3,2,2, ,2, ,2, , ,2, ,2, ,2, ,2, ,2, ,1,1, , , , , , , , , , , , , , , , , , , , , , , , , , , , , , ,1,1,2,1,2,1,2,1,1,2, , ,2,1,1,2,1,2,1,2,2,1,2, , ,2, , , , , , ,1,2,2,2,2,2,2,2,2,2,2,2,2,2, ,2,2,2,2,2,2,2,2,2,2,2,2, ,2,2,2,2,2,2,1,2,2,2,2,2,2,2,2,2,2,2,2,2,2,2,1,1,1,1,1,1,1,1,1,1,1,1,1, , , ,was very cooperative and was humble,23
991643,160503,Haryana,HR-U404,Urban,District name, ,PSU name,Census/UFS PSU number,Address,HH/Flat/Apt number,Door number,GATS-3/253/09,Head name,Head father/spouse name,Observation,Male,1/29/2026 1:14:46 PM,1/29/2026 1:17:55 PM,1/29/2026 1:17:04 PM,1/29/2026 1:32:30 PM,2,25,1,syed Kumail haider,0.320533382,200,1/29/2026 1:16:59 PM,400,1/29/2026 1:32:29 PM,200,1/29/2026 1:16:59 PM,400,1/29/2026 1:32:29 PM, , , , , , , , , , , , , , , , , ,1,4,4, ,2,Syed Nasir hussain,syed Kumail haider, , , , , , , , , , , , , , , , , , ,55,25, , , , , , , , , , , , , , , , , , , , , , , , , , , , , , , , , , , , , , , , , , , , , , , , , , , , , , , , , , ,1,1, , , , , , , , , , , , , , , , , , ,1,2, , , , , , , , , , , , , , , , , , ,2,2, , , , , , , , , , , , , , , , , , ,2, , , ,1,3,1,7,2001, , , ,7,5,1,1,2,1,1,2,1,1,2,1,1,1,2,1,4,2, ,1,3, ,2,20, , , , , , , , , , , , , , , , , , , , , , , , ,1,2, , , , , , , , , , , , , , , , , , , , , , , , , , , , , , , , , , , , , ,1,3,1, , , , , , , , , , , , , ,1,3, ,3, , , , , , , , , , , , , , , , , , , , , , , , , , , , , , , , , , , , , , , , , , , , , , , , , , , , , , , , , , , ,2, ,2, ,2, , , , , , , , , , , , , , , , , , , , , , , , , , , , , , , , , , , , , , , , , , , , , ,2,2,1,2, , , , ,2, ,1,2,1,2,2,2, ,1,2,1,1,2, ,2, ,1,1, , , , , , , , , , , , , , , , , , , , , , , , , , , , , , ,1,1,1,2,2,1,2,2,2,2, , ,1,2,1,1,2,2,1,2,2,2,2, , ,1, , , , , , ,1,2,1,1,2,2,1,2,2,2,2,2,2,2, ,2,2,2,1,1,1,1,1,1,1,1,2, ,1,1,1,1,1,1,1,2,2,2,2,2,2,2,2,2,2,2,2,2,2,1,2,2,2,1,1,1,1,1,1,1,1,1,1, , , ,he is aware about survey.,24
991644,160503,Haryana,HR-U809,Urban,District name, ,PSU name,Census/UFS PSU number,Address,HH/Flat/Apt number,Door number,GATS-3/063/03,Head name,Head father/spouse name,Observation,Male,1/29/2026 1:45:21 PM,1/29/2026 1:50:25 PM,1/29/2026 1:50:18 PM,1/29/2026 2:10:50 PM,1,42,1,mushtaq ahmad ganaie,0.148266979,200,1/29/2026 1:50:15 PM,400,1/29/2026 2:10:47 PM,200,1/29/2026 1:50:15 PM,400,1/29/2026 2:10:47 PM, , , , , , , , , , , , , , , , , ,1,4,2,0,1,mushtaq ahmad ganaie, , , , , , , , , , , , , , , , , , , ,42, , , , , , , , , , , , , , , , , , , , , , , , , , , , , , , , , , , , , , , , , , , , , , , , , , , , , , , , , , , ,1, , , , , , , , , , , , , , , , , , , ,1, , , , , , , , , , , , , , , , , , , ,2, , , , , , , , , , , , , , , , , , , ,2, , , ,1,3,1,9,1984, , , ,2,3,1,1,2,1,2,2,1,2,2,1,2,2,2,1,4,2, ,2,1, , ,25, ,25, ,888,10,0, ,0, ,0, ,2, ,0, , ,1, , , , , , , , , , , , , , , , , , , , , , , , , , , , , , , , , , , , , , ,2, ,5,2,1, ,2,1,1,3,2, , , , , , , , , , , , , ,2,3, ,3, , , , , , , , , , , , , , , , , , , , , , , , , , , , , , , , , , , , , , , , , , , , , , , , , , , , , , , , , , , ,2, ,2, ,2, ,1,2, ,4, ,2,2,2,2,2,1,2,2,2,2,2, ,1,1,1,1,2, , , , , , , , , , , , , , , , , , , , , , ,2,2,2,1,2,2, , ,2, ,2, ,2, , ,2, ,1,1,1,2,2, ,2, ,1,1,5, , , , , , , , , , , , , , , , , , , , , , , , , , , , , ,2,1,1,2,2,1,2,1,2,1,in hospitals,2,2,2,2,2,2,2,2,2,2,2,2, , ,2,1,1, , , , ,1,1,2,2,2,2,2,2,2,2,2,2,2,2, ,2,2,2,2,2,2,2,2,2,2,2,2, ,2,2,2,2,2,2,2,2,2,2,2,2,2,2,2,2,2,2,2,2,2,2,1,1,1,1,1,1,1,1,1,2,1,1,1,4, , ,he was cooperative wanted to get rid of it but didn't know how.,41
991645,160503,Haryana,HR-U256,Urban,District name, ,PSU name,Census/UFS PSU number,Address,HH/Flat/Apt number,Door number,GATS-3/012/05,Head name,Head father/spouse name,Observation,Male,1/29/2026 3:00:40 PM,1/29/2026 3:06:57 PM,1/29/2026 3:06:50 PM,1/29/2026 3:21:33 PM,1,70,1,mohd abdulla rather,0.920841469,200,1/29/2026 3:06:46 PM,400,1/29/2026 3:21:31 PM,200,1/29/2026 3:06:46 PM,400,1/29/2026 3:21:31 PM, , , , , , , , , , , , , , , , , ,1,11,7,2,3,mohd abdulla rather,mushtaq AHMAD RATHER,zahoor ahmad, , , , , , , , , , , , , , , , , ,70,43,40, , , , , , , , , , , , , , , , , , , , , , , , , , , , , , , , , , , , , , , , , , , , , , , , , , , , , , , , , ,1,1,1, , , , , , , , , , , , , , , , , ,2,2,1, , , , , , , , , , , , , , , , , ,2,2,2, , , , , , , , , , , , , , , , , ,2, , , ,1,8,1,9,1984, , , ,3,9,1,1,2,1,1,2,1,2,2,1,2,2,2,1,4,2, ,2,3, ,2,20, , , , , , , , , , , , , , , , , , , , , , , , ,1,12, , , , , , , , , , , , , , , , , , , , , , , , , , , , , , , , , , , , , ,2, , , , , , , , , , , , , , , , ,3, ,3, , , , , , , , , , , , , , , , , , , , , , , , , , , , , , , , , , , , , , , , , , , , , , , , , , , , , , , , , , , ,2, ,2, ,2, , , , , , , , , , , , , , , , , , , , , , , , , , , , , , , , , , , , , , , , , , , , , ,2,2,3,1,2,2, , ,2, ,1,1,2, , ,2, ,2, ,2, ,2, ,2, ,1,1, , , , , , , , , , , , , , , , , , , , , , , , , , , , , , ,1,2,2,2,2,1,2,1,1,2, , ,2,2,2,2,2,2,1,2,2,2,2, , ,2, , , , , , ,1,1,1,2,2,2,1,2,2,1,2,2,2,2, ,2,2,2,2,2,1,2,2,2,2,2,2, ,1,2,1,2,2,2,2,2,2,2,2,2,2,2,2,2,2,2,2,2,2,2,2,1,1,1,1,1,1,1,1,1,1,1,1, , , ,was cooperative.and honest,41
991646,160503,Haryana,HR-R019,Rural,District name,Sub-district name,PSU name,Census/UFS PSU number,Address,HH/Flat/Apt number,Door number,GATS-3/229/01,Head name,Head father/spouse name,Observation,Male,1/30/2026 11:20:33 AM,1/30/2026 11:31:19 AM,1/30/2026 11:28:21 AM,1/30/2026 11:50:36 AM,3,22,1,marifat jaan,0.217748853,200,1/30/2026 11:28:18 AM,400,1/30/2026 11:50:34 AM,200,1/30/2026 11:28:18 AM,400,1/30/2026 11:50:34 AM, , , , , , , , , , , , , , , , ,33.984745 74.75034833333333 1597.7 15.9,1,5,5, ,3,ghulam hassan,kaiser ahmad ganaie,marifat jaan, , , , , , , , , , , , , , , , , ,60,25,22, , , , , , , , , , , , , , , , , , , , , , , , , , , , , , , , , , , , , , , , , , , , , , , , , , , , , , , , , ,1,1,1, , , , , , , , , , , , , , , , , ,2,2,2, , , , , , , , , , , , , , , , , ,2,2,2, , , , , , , , , , , , , , , , , ,2,33.984746666666666 74.750005 1578.6 10.5, , ,1,8,1,3,2003, , , ,4,3,1,1,2,1,1,2,1,2,2,1,2,1,2,1,4,2, ,1,3, ,3, , , , , , , , , , , , , , , , , , , , , , , , , , , , , , , , , , , , , , , , , , , , , , , , , , , , , , , , , , , , , , , , ,2, , , , , , , , , , , , , , , , ,3, ,3, , , , , , , , , , , , , , , , , , , , , , , , , , , , , , , , , , , , , , , , , , , , , , , , , , , , , , , , , , , ,2, ,2, ,2, , , , , , , , , , , , , , , , , , , , , , , , , , , , , , , , , , , , , , , , , , , , , ,3, , ,2, , , , ,2, ,2, ,2, , ,2, ,2, ,2, ,2, ,2, ,1,1, , , , , , , , , , , , , , , , , , , , , , , , , , , , , , ,2,1,2,2,2,1,2,1,1,1,hospitals, ,2,2,2,2,2,1,2,2,2,2,2, , ,2, , , , , , ,2,2,2,2,2,2,2,2,2,2,2,2,2,2, ,2,2,2,2,2,2,2,2,2,2,2,2, ,1,2,1,2,2,2,1,2,2,2,2,2,2,2,2,2,2,2,2,2,2,2,2,1,1,1,1,1,1,1,1,1,2,2,1, , , ,was very well aware and didn't smoke .,22
991647,160503,Haryana,HR-R708,Rural,District name,Sub-district name,PSU name,Census/UFS PSU number,Address,HH/Flat/Apt number,Door number,GATS-3/272/06,Head name,Head father/spouse name,Observation,Male,1/30/2026 11:58:20 AM,1/30/2026 12:03:34 PM,1/30/2026 12:03:24 PM,1/30/2026 12:19:37 PM,2,18,1,Mohammad sami,0.024882144,200,1/30/2026 12:03:05 PM,400,1/30/2026 12:19:34 PM,200,1/30/2026 12:03:05 PM,400,1/30/2026 12:19:34 PM, , , , , , , , , , , , , , , , , ,1,5,4,0,2,Abdul rashid,Mohammad sami, , , , , , , , , , , , , , , , , , ,45,18, , , , , , , , , , , , , , , , , , , , , , , , , , , , , , , , , , , , , , , , , , , , , , , , , , , , , , , , , , ,1,1, , , , , , , , , , , , , , , , , , ,2,2, , , , , , , , , , , , , , , , , , ,2,2, , , , , , , , , , , , , , , , , , ,2, , , ,1,8,1,5,1980, , , ,1,3,1,1,2,1,2,2,1,2,2,1,2,1,2,1,4,2, ,2,3, ,3, , , , , , , , , , , , , , , , , , , , , , , , , , , , , , , , , , , , , , , , , , , , , , , , , , , , , , , , , , , , , , , , ,2, , , , , , , , , , , , , , , , ,3, ,3, , , , , , , , , , , , , , , , , , , , , , , , , , , , , , , , , , , , , , , , , , , , , , , , , , , , , , , , , , , ,2, ,2, ,2, , , , , , , , , , , , , , , , , , , , , , , , , , , , , , , , , , , , , , , , , , , , , ,3, , ,1,1, ,1,2,1,2,2, ,1,1,1,2, ,1,2,2, ,1,2,2, ,1,1, , , , , , , , , , , , , , , , , , , , , , , , , , , , , , ,1,1,2,1,2,1,2,1,1,2, , ,2,2,2,2,2,2,2,2,2,2,2, , ,2, , , , , , ,2,2,1,2,2,1,1,1,2,1,1,2,2,2, ,2,2,2,2,1,2,2,1,2,2,2,2, ,1,1,1,1,1,2,1,2,2,2,2,2,2,2,2,2,2,2,2,2,2,2,2,2,1,1,1,1,1,1,1,1,1,1,1, , , ,was very eager that people should quit is n govt should put ban on it,45
991648,160503,Haryana,HR-R991,Rural,District name,Sub-district name,PSU name,Census/UFS PSU number,Address,HH/Flat/Apt number,Door number,GATS-3/137/03,Head name,Head father/spouse name,Observation,Male,1/30/2026 2:44:00 PM,1/30/2026 2:50:28 PM,1/30/2026 2:49:27 PM,1/30/2026 3:07:04 PM,1,50,1,mohammad shafi ganie,0.849243204,200,1/30/2026 2:49:18 PM,400,1/30/2026 3:07:01 PM,200,1/30/2026 2:49:18 PM,400,1/30/2026 3:07:01 PM, , , , , , , , , , , , , , , , , ,1,4,4, ,3,mohammad shafi ganie,iqbal shafi,amir shafi, , , , , , , , , , , , , , , , , ,50,20,18, , , , , , , , , , , , , , , , , , , , , , , , , , , , , , , , , , , , , , , , , , , , , , , , , , , , , , , , , ,1,1,1, , , , , , , , , , , , , , , , , ,2,2,2, , , , , , , , , , , , , , , , , ,2,2,2, , , , , , , , , , , , , , , , , ,2, , , ,1,8,1,4,2005, , , ,6,5,1,1,2,1,2,2,1,2,2,2,2,1,2,1,4,2, ,1,3, ,3, , , , , , , , , , , , , , , , , , , , , , , , , , , , , , , , , , , , , , , , , , , , , , , , , , , , , , , , , , , , , , , , ,2, , , , , , , , , , , , , , , , ,3, ,3, , , , , , , , , , , , , , , , , , , , , , , , , , , , , , , , , , , , , , , , , , , , , , , , , , , , , , , , , , , ,2, ,2, ,2, , , , , , , , , , , , , , , , , , , , , , , , , , , , , , , , , , , , , , , , , , , , , ,2,2,4,2, , , , ,2, ,1,2,1,2,1,2, ,1,2,1,2,2, ,2, ,1,1, , , , , , , , , , , , , , , , , , , , , , , , , , , , , , ,2,2,2,2,2,1,2,2,2,2, , ,2,2,2,2,2,2,2,2,2,2,2, , ,2, , , , , , ,1,1,2,2,2,2,2,2,2,2,2,2,2,2, ,2,2,2,2,2,2,2,2,2,2,1,2, ,2,2,1,2,2,2,1,2,2,2,2,2,2,2,2,2,2,2,2,2,2,2,2,2,2,2,2,2,1,1,1,1,1,1,1, , , ,he was aware about serious illness caused by tobacco,20
991649,160503,Haryana,HR-U177,Urban,District name, ,PSU name,Census/UFS PSU number,Address,HH/Flat/Apt number,Door number,GATS-3/235/05,Head name,Head father/spouse name,Observation,Male,1/30/2026 3:29:27 PM,1/30/2026 3:32:26 PM,1/30/2026 3:32:18 PM,1/30/2026 3:43:10 PM,1,48,1,Abdul rehman,0.366758018,200,1/30/2026 3:32:16 PM,400,1/30/2026 3:43:07 PM,200,1/30/2026 3:32:16 PM,400,1/30/2026 3:43:07 PM, , , , , , , , , , , , , , , , ,33.98522333333334 74.749605 1618.6 12.4,1,4,4, ,1,Abdul rehman, , , , , , , , , , , , , , , , , , , ,48, , , , , , , , , , , , , , , , , , , , , , , , , , , , , , , , , , , , , , , , , , , , , , , , , , , , , , , , , , , ,1, , , , , , , , , , , , , , , , , , , ,2, , , , , , , , , , , , , , , , , , , ,2, , , , , , , , , , , , , , , , , , , ,2,33.98503166666667 74.74955166666668 1618.6 6.6, , ,1,8,1,5,1975, , , ,4,3,1,1,2,1,2,2,1,2,2,2,2,1,2,1,4,2, ,1,3, ,3, , , , , , , , , , , , , , , , , , , , , , , , , , , , , , , , , , , , , , , , , , , , , , , , , , , , , , , , , , , , , , , , ,2, , , , , , , , , , , , , , , , ,3, ,3, , , , , , , , , , , , , , , , , , , , , , , , , , , , , , , , , , , , , , , , , , , , , , , , , , , , , , , , , , , ,2, ,2, ,2, , , , , , , , , , , , , , , , , , , , , , , , , , , , , , , , , , , , , , , , , , , , , ,2,2,4,1,2,2, , ,2, ,1,2,1,1,1,2, ,2, ,2, ,2, ,2, ,1,1, , , , , , , , , , , , , , , , , , , , , , , , , , , , , , ,2,1,2,2,2,1,2,2,2,2, , ,2,1,1,2,2,2,2,2,2,2,2, , ,2, , , , , , ,2,2,2,2,2,2,2,1,2,2,2,2,2,2, ,2,2,2,2,1,2,2,2,2,2,2,2, ,1,2,1,2,1,2,1,2,2,2,2,2,2,2,2,2,2,2,2,2,2,1,2,1,1,1,1,1,1,1,1,1,1,1,1, , , ,absolutely fine person,50
991650,160503,Haryana,HR-R468,Rural,District name,Sub-district name,PSU name,Census/UFS PSU number,Address,HH/Flat/Apt number,Door number,GATS-3/294/01,Head name,Head father/spouse name,Observation,Male,1/30/2026 6:57:21 PM, ,1/30/2026 6:57:27 PM, , , , , , , , , , , , , , , , , , , , , , , , , , , , , , , , , , , , , , , , , , , , , , , , , , , , , , , , , , , , , , , , , , , , , , , , , , , , , , , , , , , , , , , , , , , , , , , , , , , , , , , , , , , , , , , , , , , , , , , , , , , , , , , , , , , , , , , , , , , , , , , , , , , , , , , , , , , , , , , , , , , , , , , , , , , , , , , , , , , , , , , , , , , , , , , , , , , , , , , , , , , , , , , , , , , , , , , , , , , , , , , , , , , , , , , , , , , , , , , , , , , , , , , , , , , , , , , , , , , , , , , , , , , , , , , , , , , , , , , , , , , , , , , , , , , , , , , , , , , , , , , , , , , , , , , , , , , , , , , , , , , , , , , , , , , , , , , , , , , , , , , , , , , , , , , , , , , , , , , , , , , , , , , , , , , , , , , , , , , , , , , , , , , , , , , , , , , , , , , , , , , , , , , , , , , , , , , , , , , , , , , , , , , , , , , , , , , , , , , , , , , , , , , , , , , , , , , , , , , , , , , , , , , , , , , , , , , , , , , , , , , , , , , , , , , , , , , , , , , , , , , , , , , , , , , , , , , , , , , , , , , , , , , , , , , , , , , , , , , , , , , , , , , , , , , , , , , , , , , , , 
991651,160503,Haryana,HR-U721,Urban,District name, ,PSU name,Census/UFS PSU number,Address,HH/Flat/Apt number,Door number,GATS-3/087/06,Head name,Head father/spouse name,Observation,Male, , , , , , , , , , , , , , , , , , , , , , , , , , , , , , , , , , , , , , , , , , , , , , , , , , , , , , , , , , , , , , , , , , , , , , , , , , , , , , , , , , , , , , , , , , , , , , , , , , , , , , , , , , , , , , , , , , , , , , , , , , , , , , , , , , , , , , , , , , , , , , , , , , , , , , , , , , , , , , , , , , , , , , , , , , , , , , , , , , , , , , , , , , , , , , , , , , , , , , , , , , , , , , , , , , , , , , , , , , , , , , , , , , , , , , , , , , , , , , , , , , , , , , , , , , , , , , , , , , , , , , , , , , , , , , , , , , , , , , , , , , , , , , , , , , , , , , , , , , , , , , , , , , , , , , , , , , , , , , , , , , , , , , , , , , , , , , , , , , , , , , , , , , , , , , , , , , , , , , , , , , , , , , , , , , , , , , , , , , , , , , , , , , , , , , , , , , , , , , , , , , , , , , , , , , , , , , , , , , , , , , , , , , , , , , , , , , , , , , , , , , , , , , , , , , , , , , , , , , , , , , , , , , , , , , , , , , , , , , , , , , , , , , , , , , , , , , , , , , , , , , , , , , , , , , , , , , , , , , , , , , , , , , , , , , , , , , , , , , , , , , , , , , , , , , , , , , , , , , , , , , , , 
991652,160503,Haryana,HR-R434,Rural,District name,Sub-district name,PSU name,Census/UFS PSU number,Address,HH/Flat/Apt number,Door number,GATS-3/281/04,Head name,Head father/spouse name,Observation,Male, , , , , , , , , , , , , , , , , , , , , , , , , , , , , , , , , , , , , , , , , , , , , , , , , , , , , , , , , , , , , , , , , , , , , , , , , , , , , , , , , , , , , , , , , , , , , , , , , , , , , , , , , , , , , , , , , , , , , , , , , , , , , , , , , , , , , , , , , , , , , , , , , , , , , , , , , , , , , , , , , , , , , , , , , , , , , , , , , , , , , , , , , , , , , , , , , , , , , , , , , , , , , , , , , , , , , , , , , , , , , , , , , , , , , , , , , , , , , , , , , , , , , , , , , , , , , , , , , , , , , , , , , , , , , , , , , , , , , , , , , , , , , , , , , , , , , , , , , , , , , , , , , , , , , , , , , , , , , , , , , , , , , , , , , , , , , , , , , , , , , , , , , , , , , , , , , , , , , , , , , , , , , , , , , , , , , , , , , , , , , , , , , , , , , , , , , , , , , , , , , , , , , , , , , , , , , , , , , , , , , , , , , , , , , , , , , , , , , , , , , , , , , , , , , , , , , , , , , , , , , , , , , , , , , , , , , , , , , , , , , , , , , , , , , , , , , , , , , , , , , , , , , , , , , , , , , , , , , , , , , , , , , , , , , , , , , , , , , , , , , , , , , , , , , , , , , , , , , , , , , , , , 
991653,160503,Haryana,HR-U328,Urban,District name, ,PSU name,Census/UFS PSU number,Address,HH/Flat/Apt number,Door number,GATS-3/121/02,Head name,Head father/spouse name,Observation,Male, , , , , , , , , , , , , , , , , , , , , , , , , , , , , , , , , , , , , , , , , , , , , , , , , , , , , , , , , , , , , , , , , , , , , , , , , , , , , , , , , , , , , , , , , , , , , , , , , , , , , , , , , , , , , , , , , , , , , , , , , , , , , , , , , , , , , , , , , , , , , , , , , , , , , , , , , , , , , , , , , , , , , , , , , , , , , , , , , , , , , , , , , , , , , , , , , , , , , , , , , , , , , , , , , , , , , , , , , , , , , , , , , , , , , , , , , , , , , , , , , , , , , , , , , , , , , , , , , , , , , , , , , , , , , , , , , , , , , , , , , , , , , , , , , , , , , , , , , , , , , , , , , , , , , , , , , , , , , , , , , , , , , , , , , , , , , , , , , , , , , , , , , , , , , , , , , , , , , , , , , , , , , , , , , , , , , , , , , , , , , , , , , , , , , , , , , , , , , , , , , , , , , , , , , , , , , , , , , , , , , , , , , , , , , , , , , , , , , , , , , , , , , , , , , , , , , , , , , , , , , , , , , , , , , , , , , , , , , , , , , , , , , , , , , , , , , , , , , , , , , , , , , , , , , , , , , , , , , , , , , , , , , , , , , , , , , , , , , , , , , , , , , , , , , , , , , , , , , , , , , , , , 
991654,160503,Haryana,HR-U102,Urban,District name, ,PSU name,Census/UFS PSU number,Address,HH/Flat/Apt number,Door number,GATS-3/076/04,Head name,Head father/spouse name,Observation,Male, , , , , , , , , , , , , , , , , , , , , , , , , , , , , , , , , , , , , , , , , , , , , , , , , , , , , , , , , , , , , , , , , , , , , , , , , , , , , , , , , , , , , , , , , , , , , , , , , , , , , , , , , , , , , , , , , , , , , , , , , , , , , , , , , , , , , , , , , , , , , , , , , , , , , , , , , , , , , , , , , , , , , , , , , , , , , , , , , , , , , , , , , , , , , , , , , , , , , , , , , , , , , , , , , , , , , , , , , , , , , , , , , , , , , , , , , , , , , , , , , , , , , , , , , , , , , , , , , , , , , , , , , , , , , , , , , , , , , , , , , , , , , , , , , , , , , , , , , , , , , , , , , , , , , , , , , , , , , , , , , , , , , , , , , , , , , , , , , , , , , , , , , , , , , , , , , , , , , , , , , , , , , , , , , , , , , , , , , , , , , , , , , , , , , , , , , , , , , , , , , , , , , , , , , , , , , , , , , , , , , , , , , , , , , , , , , , , , , , , , , , , , , , , , , , , , , , , , , , , , , , , , , , , , , , , , , , , , , , , , , , , , , , , , , , , , , , , , , , , , , , , , , , , , , , , , , , , , , , , , , , , , , , , , , , , , , , , , , , , , , , , , , , , , , , , , , , , , , , , , , , , , 
991655,160503,Haryana,HR-R552,Rural,District name,Sub-district name,PSU name,Census/UFS PSU number,Address,HH/Flat/Apt number,Door number,GATS-3/180/01,Head name,Head father/spouse name,Observation,Male, , , , , , , , , , , , , , , , , , , , , , , , , , , , , , , , , , , , , , , , , , , , , , , , , , , , , , , , , , , , , , , , , , , , , , , , , , , , , , , , , , , , , , , , , , , , , , , , , , , , , , , , , , , , , , , , , , , , , , , , , , , , , , , , , , , , , , , , , , , , , , , , , , , , , , , , , , , , , , , , , , , , , , , , , , , , , , , , , , , , , , , , , , , , , , , , , , , , , , , , , , , , , , , , , , , , , , , , , , , , , , , , , , , , , , , , , , , , , , , , , , , , , , , , , , , , , , , , , , , , , , , , , , , , , , , , , , , , , , , , , , , , , , , , , , , , , , , , , , , , , , , , , , , , , , , , , , , , , , , , , , , , , , , , , , , , , , , , , , , , , , , , , , , , , , , , , , , , , , , , , , , , , , , , , , , , , , , , , , , , , , , , , , , , , , , , , , , , , , , , , , , , , , , , , , , , , , , , , , , , , , , , , , , , , , , , , , , , , , , , , , , , , , , , , , , , , , , , , , , , , , , , , , , , , , , , , , , , , , , , , , , , , , , , , , , , , , , , , , , , , , , , , , , , , , , , , , , , , , , , , , , , , , , , , , , , , , , , , , , , , , , , , , , , , , , , , , , , , , , , , , , , 
991656,160503,Haryana,HR-R390,Rural,District name,Sub-district name,PSU name,Census/UFS PSU number,Address,HH/Flat/Apt number,Door number,GATS-3/232/09,Head name,Head father/spouse name,Observation,Male, , , , , , , , , , , , , , , , , , , , , , , , , , , , , , , , , , , , , , , , , , , , , , , , , , , , , , , , , , , , , , , , , , , , , , , , , , , , , , , , , , , , , , , , , , , , , , , , , , , , , , , , , , , , , , , , , , , , , , , , , , , , , , , , , , , , , , , , , , , , , , , , , , , , , , , , , , , , , , , , , , , , , , , , , , , , , , , , , , , , , , , , , , , , , , , , , , , , , , , , , , , , , , , , , , , , , , , , , , , , , , , , , , , , , , , , , , , , , , , , , , , , , , , , , , , , , , , , , , , , , , , , , , , , , , , , , , , , , , , , , , , , , , , , , , , , , , , , , , , , , , , , , , , , , , , , , , , , , , , , , , , , , , , , , , , , , , , , , , , , , , , , , , , , , , , , , , , , , , , , , , , , , , , , , , , , , , , , , , , , , , , , , , , , , , , , , , , , , , , , , , , , , , , , , , , , , , , , , , , , , , , , , , , , , , , , , , , , , , , , , , , , , , , , , , , , , , , , , , , , , , , , , , , , , , , , , , , , , , , , , , , , , , , , , , , , , , , , , , , , , , , , , , , , , , , , , , , , , , , , , , , , , , , , , , , , , , , , , , , , , , , , , , , , , , , , , , , , , , , , , , , , 
991657,160503,Haryana,HR-R864,Rural,District name,Sub-district name,PSU name,Census/UFS PSU number,Address,HH/Flat/Apt number,Door number,GATS-3/120/07,Head name,Head father/spouse name,Observation,Male, , , , , , , , , , , , , , , , , , , , , , , , , , , , , , , , , , , , , , , , , , , , , , , , , , , , , , , , , , , , , , , , , , , , , , , , , , , , , , , , , , , , , , , , , , , , , , , , , , , , , , , , , , , , , , , , , , , , , , , , , , , , , , , , , , , , , , , , , , , , , , , , , , , , , , , , , , , , , , , , , , , , , , , , , , , , , , , , , , , , , , , , , , , , , , , , , , , , , , , , , , , , , , , , , , , , , , , , , , , , , , , , , , , , , , , , , , , , , , , , , , , , , , , , , , , , , , , , , , , , , , , , , , , , , , , , , , , , , , , , , , , , , , , , , , , , , , , , , , , , , , , , , , , , , , , , , , , , , , , , , , , , , , , , , , , , , , , , , , , , , , , , , , , , , , , , , , , , , , , , , , , , , , , , , , , , , , , , , , , , , , , , , , , , , , , , , , , , , , , , , , , , , , , , , , , , , , , , , , , , , , , , , , , , , , , , , , , , , , , , , , , , , , , , , , , , , , , , , , , , , , , , , , , , , , , , , , , , , , , , , , , , , , , , , , , , , , , , , , , , , , , , , , , , , , , , , , , , , , , , , , , , , , , , , , , , , , , , , , , , , , , , , , , , , , , , , , , , , , , , , , , , 
991658,160503,Haryana,HR-R118,Rural,District name,Sub-district name,PSU name,Census/UFS PSU number,Address,HH/Flat/Apt number,Door number,GATS-3/103/06,Head name,Head father/spouse name,Observation,Male, , , , , , , , , , , , , , , , , , , , , , , , , , , , , , , , , , , , , , , , , , , , , , , , , , , , , , , , , , , , , , , , , , , , , , , , , , , , , , , , , , , , , , , , , , , , , , , , , , , , , , , , , , , , , , , , , , , , , , , , , , , , , , , , , , , , , , , , , , , , , , , , , , , , , , , , , , , , , , , , , , , , , , , , , , , , , , , , , , , , , , , , , , , , , , , , , , , , , , , , , , , , , , , , , , , , , , , , , , , , , , , , , , , , , , , , , , , , , , , , , , , , , , , , , , , , , , , , , , , , , , , , , , , , , , , , , , , , , , , , , , , , , , , , , , , , , , , , , , , , , , , , , , , , , , , , , , , , , , , , , , , , , , , , , , , , , , , , , , , , , , , , , , , , , , , , , , , , , , , , , , , , , , , , , , , , , , , , , , , , , , , , , , , , , , , , , , , , , , , , , , , , , , , , , , , , , , , , , , , , , , , , , , , , , , , , , , , , , , , , , , , , , , , , , , , , , , , , , , , , , , , , , , , , , , , , , , , , , , , , , , , , , , , , , , , , , , , , , , , , , , , , , , , , , , , , , , , , , , , , , , , , , , , , , , , , , , , , , , , , , , , , , , , , , , , , , , , , , , , , , , , , 
991659,160503,Haryana,HR-U847,Urban,District name, ,PSU name,Census/UFS PSU number,Address,HH/Flat/Apt number,Door number,GATS-3/035/05,Head name,Head father/spouse name,Observation,Male, , , , , , , , , , , , , , , , , , , , , , , , , , , , , , , , , , , , , , , , , , , , , , , , , , , , , , , , , , , , , , , , , , , , , , , , , , , , , , , , , , , , , , , , , , , , , , , , , , , , , , , , , , , , , , , , , , , , , , , , , , , , , , , , , , , , , , , , , , , , , , , , , , , , , , , , , , , , , , , , , , , , , , , , , , , , , , , , , , , , , , , , , , , , , , , , , , , , , , , , , , , , , , , , , , , , , , , , , , , , , , , , , , , , , , , , , , , , , , , , , , , , , , , , , , , , , , , , , , , , , , , , , , , , , , , , , , , , , , , , , , , , , , , , , , , , , , , , , , , , , , , , , , , , , , , , , , , , , , , , , , , , , , , , , , , , , , , , , , , , , , , , , , , , , , , , , , , , , , , , , , , , , , , , , , , , , , , , , , , , , , , , , , , , , , , , , , , , , , , , , , , , , , , , , , , , , , , , , , , , , , , , , , , , , , , , , , , , , , , , , , , , , , , , , , , , , , , , , , , , , , , , , , , , , , , , , , , , , , , , , , , , , , , , , , , , , , , , , , , , , , , , , , , , , , , , , , , , , , , , , , , , , , , , , , , , , , , , , , , , , , , , , , , , , , , , , , , , , , , , , , , , 
991660,160503,Haryana,HR-U740,Urban,District name, ,PSU name,Census/UFS PSU number,Address,HH/Flat/Apt number,Door number,GATS-3/161/03,Head name,Head father/spouse name,Observation,Male, , , , , , , , , , , , , , , , , , , , , , , , , , , , , , , , , , , , , , , , , , , , , , , , , , , , , , , , , , , , , , , , , , , , , , , , , , , , , , , , , , , , , , , , , , , , , , , , , , , , , , , , , , , , , , , , , , , , , , , , , , , , , , , , , , , , , , , , , , , , , , , , , , , , , , , , , , , , , , , , , , , , , , , , , , , , , , , , , , , , , , , , , , , , , , , , , , , , , , , , , , , , , , , , , , , , , , , , , , , , , , , , , , , , , , , , , , , , , , , , , , , , , , , , , , , , , , , , , , , , , , , , , , , , , , , , , , , , , , , , , , , , , , , , , , , , , , , , , , , , , , , , , , , , , , , , , , , , , , , , , , , , , , , , , , , , , , , , , , , , , , , , , , , , , , , , , , , , , , , , , , , , , , , , , , , , , , , , , , , , , , , , , , , , , , , , , , , , , , , , , , , , , , , , , , , , , , , , , , , , , , , , , , , , , , , , , , , , , , , , , , , , , , , , , , , , , , , , , , , , , , , , , , , , , , , , , , , , , , , , , , , , , , , , , , , , , , , , , , , , , , , , , , , , , , , , , , , , , , , , , , , , , , , , , , , , , , , , , , , , , , , , , , , , , , , , , , , , , , , , , , , , 
991661,160503,Haryana,HR-U030,Urban,District name, ,PSU name,Census/UFS PSU number,Address,HH/Flat/Apt number,Door number,GATS-3/265/02,Head name,Head father/spouse name,Observation,Male, , , , , , , , , , , , , , , , , , , , , , , , , , , , , , , , , , , , , , , , , , , , , , , , , , , , , , , , , , , , , , , , , , , , , , , , , , , , , , , , , , , , , , , , , , , , , , , , , , , , , , , , , , , , , , , , , , , , , , , , , , , , , , , , , , , , , , , , , , , , , , , , , , , , , , , , , , , , , , , , , , , , , , , , , , , , , , , , , , , , , , , , , , , , , , , , , , , , , , , , , , , , , , , , , , , , , , , , , , , , , , , , , , , , , , , , , , , , , , , , , , , , , , , , , , , , , , , , , , , , , , , , , , , , , , , , , , , , , , , , , , , , , , , , , , , , , , , , , , , , , , , , , , , , , , , , , , , , , , , , , , , , , , , , , , , , , , , , , , , , , , , , , , , , , , , , , , , , , , , , , , , , , , , , , , , , , , , , , , , , , , , , , , , , , , , , , , , , , , , , , , , , , , , , , , , , , , , , , , , , , , , , , , , , , , , , , , , , , , , , , , , , , , , , , , , , , , , , , , , , , , , , , , , , , , , , , , , , , , , , , , , , , , , , , , , , , , , , , , , , , , , , , , , , , , , , , , , , , , , , , , , , , , , , , , , , , , , , , , , , , , , , , , , , , , , , , , , , , , , , , , , , 
991662,160503,Haryana,HR-U120,Urban,District name, ,PSU name,Census/UFS PSU number,Address,HH/Flat/Apt number,Door number,GATS-3/224/01,Head name,Head father/spouse name,Observation,Male, , , , , , , , , , , , , , , , , , , , , , , , , , , , , , , , , , , , , , , , , , , , , , , , , , , , , , , , , , , , , , , , , , , , , , , , , , , , , , , , , , , , , , , , , , , , , , , , , , , , , , , , , , , , , , , , , , , , , , , , , , , , , , , , , , , , , , , , , , , , , , , , , , , , , , , , , , , , , , , , , , , , , , , , , , , , , , , , , , , , , , , , , , , , , , , , , , , , , , , , , , , , , , , , , , , , , , , , , , , , , , , , , , , , , , , , , , , , , , , , , , , , , , , , , , , , , , , , , , , , , , , , , , , , , , , , , , , , , , , , , , , , , , , , , , , , , , , , , , , , , , , , , , , , , , , , , , , , , , , , , , , , , , , , , , , , , , , , , , , , , , , , , , , , , , , , , , , , , , , , , , , , , , , , , , , , , , , , , , , , , , , , , , , , , , , , , , , , , , , , , , , , , , , , , , , , , , , , , , , , , , , , , , , , , , , , , , , , , , , , , , , , , , , , , , , , , , , , , , , , , , , , , , , , , , , , , , , , , , , , , , , , , , , , , , , , , , , , , , , , , , , , , , , , , , , , , , , , , , , , , , , , , , , , , , , , , , , , , , , , , , , , , , , , , , , , , , , , , , , , , , , , 
991663,160503,Haryana,HR-U174,Urban,District name, ,PSU name,Census/UFS PSU number,Address,HH/Flat/Apt number,Door number,GATS-3/181/07,Head name,Head father/spouse name,Observation,Male, , , , , , , , , , , , , , , , , , , , , , , , , , , , , , , , , , , , , , , , , , , , , , , , , , , , , , , , , , , , , , , , , , , , , , , , , , , , , , , , , , , , , , , , , , , , , , , , , , , , , , , , , , , , , , , , , , , , , , , , , , , , , , , , , , , , , , , , , , , , , , , , , , , , , , , , , , , , , , , , , , , , , , , , , , , , , , , , , , , , , , , , , , , , , , , , , , , , , , , , , , , , , , , , , , , , , , , , , , , , , , , , , , , , , , , , , , , , , , , , , , , , , , , , , , , , , , , , , , , , , , , , , , , , , , , , , , , , , , , , , , , , , , , , , , , , , , , , , , , , , , , , , , , , , , , , , , , , , , , , , , , , , , , , , , , , , , , , , , , , , , , , , , , , , , , , , , , , , , , , , , , , , , , , , , , , , , , , , , , , , , , , , , , , , , , , , , , , , , , , , , , , , , , , , , , , , , , , , , , , , , , , , , , , , , , , , , , , , , , , , , , , , , , , , , , , , , , , , , , , , , , , , , , , , , , , , , , , , , , , , , , , , , , , , , , , , , , , , , , , , , , , , , , , , , , , , , , , , , , , , , , , , , , , , , , , , , , , , , , , , , , , , , , , , , , , , , , , , , , , , , , , 
991664,160503,Haryana,HR-R259,Rural,District name,Sub-district name,PSU name,Census/UFS PSU number,Address,HH/Flat/Apt number,Door number,GATS-3/046/07,Head name,Head father/spouse name,Observation,Male, , , , , , , , , , , , , , , , , , , , , , , , , , , , , , , , , , , , , , , , , , , , , , , , , , , , , , , , , , , , , , , , , , , , , , , , , , , , , , , , , , , , , , , , , , , , , , , , , , , , , , , , , , , , , , , , , , , , , , , , , , , , , , , , , , , , , , , , , , , , , , , , , , , , , , , , , , , , , , , , , , , , , , , , , , , , , , , , , , , , , , , , , , , , , , , , , , , , , , , , , , , , , , , , , , , , , , , , , , , , , , , , , , , , , , , , , , , , , , , , , , , , , , , , , , , , , , , , , , , , , , , , , , , , , , , , , , , , , , , , , , , , , , , , , , , , , , , , , , , , , , , , , , , , , , , , , , , , , , , , , , , , , , , , , , , , , , , , , , , , , , , , , , , , , , , , , , , , , , , , , , , , , , , , , , , , , , , , , , , , , , , , , , , , , , , , , , , , , , , , , , , , , , , , , , , , , , , , , , , , , , , , , , , , , , , , , , , , , , , , , , , , , , , , , , , , , , , , , , , , , , , , , , , , , , , , , , , , , , , , , , , , , , , , , , , , , , , , , , , , , , , , , , , , , , , , , , , , , , , , , , , , , , , , , , , , , , , , , , , , , , , , , , , , , , , , , , , , , , , , , , , , 
991665,160503,Haryana,HR-U560,Urban,District name, ,PSU name,Census/UFS PSU number,Address,HH/Flat/Apt number,Door number,GATS-3/194/02,Head name,Head father/spouse name,Observation,Male, , , , , , , , , , , , , , , , , , , , , , , , , , , , , , , , , , , , , , , , , , , , , , , , , , , , , , , , , , , , , , , , , , , , , , , , , , , , , , , , , , , , , , , , , , , , , , , , , , , , , , , , , , , , , , , , , , , , , , , , , , , , , , , , , , , , , , , , , , , , , , , , , , , , , , , , , , , , , , , , , , , , , , , , , , , , , , , , , , , , , , , , , , , , , , , , , , , , , , , , , , , , , , , , , , , , , , , , , , , , , , , , , , , , , , , , , , , , , , , , , , , , , , , , , , , , , , , , , , , , , , , , , , , , , , , , , , , , , , , , , , , , , , , , , , , , , , , , , , , , , , , , , , , , , , , , , , , , , , , , , , , , , , , , , , , , , , , , , , , , , , , , , , , , , , , , , , , , , , , , , , , , , , , , , , , , , , , , , , , , , , , , , , , , , , , , , , , , , , , , , , , , , , , , , , , , , , , , , , , , , , , , , , , , , , , , , , , , , , , , , , , , , , , , , , , , , , , , , , , , , , , , , , , , , , , , , , , , , , , , , , , , , , , , , , , , , , , , , , , , , , , , , , , , , , , , , , , , , , , , , , , , , , , , , , , , , , , , , , , , , , , , , , , , , , , , , , , , , , , , , , , , 
991666,160503,Haryana,HR-R483,Rural,District name,Sub-district name,PSU name,Census/UFS PSU number,Address,HH/Flat/Apt number,Door number,GATS-3/115/07,Head name,Head father/spouse name,Observation,Male, , , , , , , , , , , , , , , , , , , , , , , , , , , , , , , , , , , , , , , , , , , , , , , , , , , , , , , , , , , , , , , , , , , , , , , , , , , , , , , , , , , , , , , , , , , , , , , , , , , , , , , , , , , , , , , , , , , , , , , , , , , , , , , , , , , , , , , , , , , , , , , , , , , , , , , , , , , , , , , , , , , , , , , , , , , , , , , , , , , , , , , , , , , , , , , , , , , , , , , , , , , , , , , , , , , , , , , , , , , , , , , , , , , , , , , , , , , , , , , , , , , , , , , , , , , , , , , , , , , , , , , , , , , , , , , , , , , , , , , , , , , , , , , , , , , , , , , , , , , , , , , , , , , , , , , , , , , , , , , , , , , , , , , , , , , , , , , , , , , , , , , , , , , , , , , , , , , , , , , , , , , , , , , , , , , , , , , , , , , , , , , , , , , , , , , , , , , , , , , , , , , , , , , , , , , , , , , , , , , , , , , , , , , , , , , , , , , , , , , , , , , , , , , , , , , , , , , , , , , , , , , , , , , , , , , , , , , , , , , , , , , , , , , , , , , , , , , , , , , , , , , , , , , , , , , , , , , , , , , , , , , , , , , , , , , , , , , , , , , , , , , , , , , , , , , , , , , , , , , , , , , , 
991667,160503,Haryana,HR-R993,Rural,District name,Sub-district name,PSU name,Census/UFS PSU number,Address,HH/Flat/Apt number,Door number,GATS-3/132/04,Head name,Head father/spouse name,Observation,Male, , , , , , , , , , , , , , , , , , , , , , , , , , , , , , , , , , , , , , , , , , , , , , , , , , , , , , , , , , , , , , , , , , , , , , , , , , , , , , , , , , , , , , , , , , , , , , , , , , , , , , , , , , , , , , , , , , , , , , , , , , , , , , , , , , , , , , , , , , , , , , , , , , , , , , , , , , , , , , , , , , , , , , , , , , , , , , , , , , , , , , , , , , , , , , , , , , , , , , , , , , , , , , , , , , , , , , , , , , , , , , , , , , , , , , , , , , , , , , , , , , , , , , , , , , , , , , , , , , , , , , , , , , , , , , , , , , , , , , , , , , , , , , , , , , , , , , , , , , , , , , , , , , , , , , , , , , , , , , , , , , , , , , , , , , , , , , , , , , , , , , , , , , , , , , , , , , , , , , , , , , , , , , , , , , , , , , , , , , , , , , , , , , , , , , , , , , , , , , , , , , , , , , , , , , , , , , , , , , , , , , , , , , , , , , , , , , , , , , , , , , , , , , , , , , , , , , , , , , , , , , , , , , , , , , , , , , , , , , , , , , , , , , , , , , , , , , , , , , , , , , , , , , , , , , , , , , , , , , , , , , , , , , , , , , , , , , , , , , , , , , , , , , , , , , , , , , , , , , , , , , , , 
991668,160503,Haryana,HR-U835,Urban,District name, ,PSU name,Census/UFS PSU number,Address,HH/Flat/Apt number,Door number,GATS-3/100/06,Head name,Head father/spouse name,Observation,Male, , , , , , , , , , , , , , , , , , , , , , , , , , , , , , , , , , , , , , , , , , , , , , , , , , , , , , , , , , , , , , , , , , , , , , , , , , , , , , , , , , , , , , , , , , , , , , , , , , , , , , , , , , , , , , , , , , , , , , , , , , , , , , , , , , , , , , , , , , , , , , , , , , , , , , , , , , , , , , , , , , , , , , , , , , , , , , , , , , , , , , , , , , , , , , , , , , , , , , , , , , , , , , , , , , , , , , , , , , , , , , , , , , , , , , , , , , , , , , , , , , , , , , , , , , , , , , , , , , , , , , , , , , , , , , , , , , , , , , , , , , , , , , , , , , , , , , , , , , , , , , , , , , , , , , , , , , , , , , , , , , , , , , , , , , , , , , , , , , , , , , , , , , , , , , , , , , , , , , , , , , , , , , , , , , , , , , , , , , , , , , , , , , , , , , , , , , , , , , , , , , , , , , , , , , , , , , , , , , , , , , , , , , , , , , , , , , , , , , , , , , , , , , , , , , , , , , , , , , , , , , , , , , , , , , , , , , , , , , , , , , , , , , , , , , , , , , , , , , , , , , , , , , , , , , , , , , , , , , , , , , , , , , , , , , , , , , , , , , , , , , , , , , , , , , , , , , , , , , , , , , , , 
991669,160503,Haryana,HR-R499,Rural,District name,Sub-district name,PSU name,Census/UFS PSU number,Address,HH/Flat/Apt number,Door number,GATS-3/185/01,Head name,Head father/spouse name,Observation,Male, , , , , , , , , , , , , , , , , , , , , , , , , , , , , , , , , , , , , , , , , , , , , , , , , , , , , , , , , , , , , , , , , , , , , , , , , , , , , , , , , , , , , , , , , , , , , , , , , , , , , , , , , , , , , , , , , , , , , , , , , , , , , , , , , , , , , , , , , , , , , , , , , , , , , , , , , , , , , , , , , , , , , , , , , , , , , , , , , , , , , , , , , , , , , , , , , , , , , , , , , , , , , , , , , , , , , , , , , , , , , , , , , , , , , , , , , , , , , , , , , , , , , , , , , , , , , , , , , , , , , , , , , , , , , , , , , , , , , , , , , , , , , , , , , , , , , , , , , , , , , , , , , , , , , , , , , , , , , , , , , , , , , , , , , , , , , , , , , , , , , , , , , , , , , , , , , , , , , , , , , , , , , , , , , , , , , , , , , , , , , , , , , , , , , , , , , , , , , , , , , , , , , , , , , , , , , , , , , , , , , , , , , , , , , , , , , , , , , , , , , , , , , , , , , , , , , , , , , , , , , , , , , , , , , , , , , , , , , , , , , , , , , , , , , , , , , , , , , , , , , , , , , , , , , , , , , , , , , , , , , , , , , , , , , , , , , , , , , , , , , , , , , , , , , , , , , , , , , , , , , , , , 
991670,160503,Haryana,HR-U045,Urban,District name, ,PSU name,Census/UFS PSU number,Address,HH/Flat/Apt number,Door number,GATS-3/119/08,Head name,Head father/spouse name,Observation,Male, , , , , , , , , , , , , , , , , , , , , , , , , , , , , , , , , , , , , , , , , , , , , , , , , , , , , , , , , , , , , , , , , , , , , , , , , , , , , , , , , , , , , , , , , , , , , , , , , , , , , , , , , , , , , , , , , , , , , , , , , , , , , , , , , , , , , , , , , , , , , , , , , , , , , , , , , , , , , , , , , , , , , , , , , , , , , , , , , , , , , , , , , , , , , , , , , , , , , , , , , , , , , , , , , , , , , , , , , , , , , , , , , , , , , , , , , , , , , , , , , , , , , , , , , , , , , , , , , , , , , , , , , , , , , , , , , , , , , , , , , , , , , , , , , , , , , , , , , , , , , , , , , , , , , , , , , , , , , , , , , , , , , , , , , , , , , , , , , , , , , , , , , , , , , , , , , , , , , , , , , , , , , , , , , , , , , , , , , , , , , , , , , , , , , , , , , , , , , , , , , , , , , , , , , , , , , , , , , , , , , , , , , , , , , , , , , , , , , , , , , , , , , , , , , , , , , , , , , , , , , , , , , , , , , , , , , , , , , , , , , , , , , , , , , , , , , , , , , , , , , , , , , , , , , , , , , , , , , , , , , , , , , , , , , , , , , , , , , , , , , , , , , , , , , , , , , , , , , , , , , , , , 
991671,160504,Haryana,HR-U235,Urban,District name, ,PSU name,Census/UFS PSU number,Address,HH/Flat/Apt number,Door number,GATS-3/179/02,Head name,Head father/spouse name,Observation,Female,1/29/2026 11:32:32 AM,1/29/2026 11:39:54 AM,1/29/2026 11:38:19 AM,1/29/2026 12:03:47 PM,1,32,2,Bilquess jaan,0.415306982,200,1/29/2026 11:38:14 AM,400,1/29/2026 12:03:43 PM,200,1/29/2026 11:38:14 AM,400,1/29/2026 12:03:43 PM, , , , , , , , , , , , , , , , , ,1,4,3,1,1,Bilquess jaan, , , , , , , , , , , , , , , , , , , ,32, , , , , , , , , , , , , , , , , , , , , , , , , , , , , , , , , , , , , , , , , , , , , , , , , , , , , , , , , , , ,2, , , , , , , , , , , , , , , , , , , ,2, , , , , , , , , , , , , , , , , , , ,2, , , , , , , , , , , , , , , , , , , ,2, , , ,1,8,2,3,1993, , , ,2,6,1,1,2,1,1,2,1,2,1,1,2,1,2,1,4,2, ,2,3, ,3, , , , , , , , , , , , , , , , , , , , , , , , , , , , , , , , , , , , , , , , , , , , , , , , , , , , , , , , , , , , , , , , ,2, , , , , , , , , , , , , , , , ,3, ,3, , , , , , , , , , , , , , , , , , , , , , , , , , , , , , , , , , , , , , , , , , , , , , , , , , , , , , , , , , , ,2, ,2, ,2, , , , , , , , , , , , , , , , , , , , , , , , , , , , , , , , , , , , , , , , , , , , , ,3, , ,2, , , , ,2, ,1,2,2, , ,2, ,1,1,2, ,2, ,2, ,1,1, , , , , , , , , , , , , , , , , , , , , , , , , , , , , , ,2,2,2,1,2,2,2,1,2,2, , ,2,2,2,2,2,2,2,2,2,2,2, , ,2, , , , , , ,2,2,2,2,2,2,2,2,2,2,2,2,2,2, ,2,2,2,2,2,2,2,2,2,2,2,2, ,2,2,2,2,2,2,2,2,2,2,2,2,2,2,2,2,2,2,2,2,2,2,1,1,1,1,1,1,1,1,1,1,1,1,1, , ,1,respondent was very cooperative,32
991672,160504,Haryana,HR-U980,Urban,District name, ,PSU name,Census/UFS PSU number,Address,HH/Flat/Apt number,Door number,GATS-3/279/09,Head name,Head father/spouse name,Observation,Female,1/29/2026 12:35:08 PM,1/29/2026 12:37:35 PM,1/29/2026 12:36:37 PM,1/29/2026 1:03:13 PM,1,60,2,Raja begum,0.281209025,200,1/29/2026 12:36:33 PM,400,1/29/2026 1:03:12 PM,200,1/29/2026 12:36:33 PM,400,1/29/2026 1:03:12 PM, , , , , , , , , , , , , , , , , ,1,3,3, ,1,Raja begum, , , , , , , , , , , , , , , , , , , ,60, , , , , , , , , , , , , , , , , , , , , , , , , , , , , , , , , , , , , , , , , , , , , , , , , , , , , , , , , , , ,2, , , , , , , , , , , , , , , , , , , ,2, , , , , , , , , , , , , , , , , , , ,2, , , , , , , , , , , , , , , , , , , ,2, , , ,1,8,2,1,1965, , , ,1,6,1,1,2,1,2,2,1,2,2,1,1,1,2,1,4,2, ,2,3, ,3, , , , , , , , , , , , , , , , , , , , , , , , , , , , , , , , , , , , , , , , , , , , , , , , , , , , , , , , , , , , , , , , ,2, , , , , , , , , , , , , , , , ,3, ,3, , , , , , , , , , , , , , , , , , , , , , , , , , , , , , , , , , , , , , , , , , , , , , , , , , , , , , , , , , , ,2, ,2, ,2, , , , , , , , , , , , , , , , , , , , , , , , , , , , , , , , , , , , , , , , , , , , , ,2,1,3,2, , , , ,2, ,1,2,2, , ,2, ,1,2,2, ,2, ,2, ,1,1, , , , , , , , , , , , , , , , , , , , , , , , , , , , , , ,2,2,2,2,2,2,2,2,2,2, , ,2,2,2,2,2,2,2,2,2,2,2, , ,2, , , , , , ,2,2,2,2,2,2,2,2,2,2,2,2,2,2, ,2,2,2,2,2,2,2,2,2,2,2,2, ,2,2,2,2,2,2,2,2,2,2,2,2,2,2,2,2,2,2,2,-7,2,2,1,1,1,1,1,1,1,1,1,1,1,1,1, , , ,respondent was very cooperative,61
991673,160504,Haryana,HR-U404,Urban,District name, ,PSU name,Census/UFS PSU number,Address,HH/Flat/Apt number,Door number,GATS-3/253/09,Head name,Head father/spouse name,Observation,Female,1/29/2026 1:17:15 PM,1/29/2026 1:47:21 PM,1/29/2026 1:27:16 PM,1/29/2026 1:57:47 PM,1,40,2,shaheena bano,0.760601571,200,1/29/2026 1:27:09 PM,400,1/29/2026 1:57:45 PM,200,1/29/2026 1:27:09 PM,400,1/29/2026 1:57:45 PM, , , , , , , , , , , , , , , , , ,1,5,4,0,2,shaheena bano,misba jaan, , , , , , , , , , , , , , , , , , ,40,20, , , , , , , , , , , , , , , , , , , , , , , , , , , , , , , , , , , , , , , , , , , , , , , , , , , , , , , , , , ,2,2, , , , , , , , , , , , , , , , , , ,2,2, , , , , , , , , , , , , , , , , , ,2,2, , , , , , , , , , , , , , , , , , ,2,33.985255 74.75007666666667 1620.6 11.0, , ,1,8,2,5,1985, , , ,1,6,1,1,2,1,2,2,1,2,2,1,2,1,2,1,4,2, ,2,3, ,3, , , , , , , , , , , , , , , , , , , , , , , , , , , , , , , , , , , , , , , , , , , , , , , , , , , , , , , , , , , , , , , , ,2, , , , , , , , , , , , , , , , ,3, ,3, , , , , , , , , , , , , , , , , , , , , , , , , , , , , , , , , , , , , , , , , , , , , , , , , , , , , , , , , , , ,2, ,2, ,2, , , , , , , , , , , , , , , , , , , , , , , , , , , , , , , , , , , , , , , , , , , , , ,3, , ,2, , , , ,2, ,2, ,2, , ,2, ,2, ,2, ,2, ,2, ,1,1, , , , , , , , , , , , , , , , , , , , , , , , , , , , , , ,2,2,2,2,2,2,2,2,2,2, , ,2,2,2,2,2,2,2,2,2,2,2, , ,2, , , , , , ,2,2,2,2,2,2,2,2,2,2,2,2,2,2, ,2,2,2,2,2,2,2,2,2,2,2,2, ,2,2,2,2,2,2,2,2,2,2,2,2,2,2,2,2,2,2,2,2,2,2,1,1,1,1,1,1,1,1,1,1,1,1,1, , ,2,respondent was very cooperative,40
991674,160504,Haryana,HR-U809,Urban,District name, ,PSU name,Census/UFS PSU number,Address,HH/Flat/Apt number,Door number,GATS-3/063/03,Head name,Head father/spouse name,Observation,Female,1/29/2026 2:08:23 PM,1/29/2026 2:12:52 PM,1/29/2026 2:11:22 PM,1/29/2026 2:50:31 PM,1,55,2,naza begum,0.840178873,200,1/29/2026 2:11:20 PM,400,1/29/2026 2:50:30 PM,200,1/29/2026 2:11:20 PM,400,1/29/2026 2:50:30 PM, , , , , , , , , , , , , , , , ,33.985218333333336 74.74989333333333 1632.5 14.7,1,5,4,1,2,naza begum,shaheena bano, , , , , , , , , , , , , , , , , , ,55,26, , , , , , , , , , , , , , , , , , , , , , , , , , , , , , , , , , , , , , , , , , , , , , , , , , , , , , , , , , ,2,2, , , , , , , , , , , , , , , , , , ,2,2, , , , , , , , , , , , , , , , , , ,2,2, , , , , , , , , , , , , , , , , , ,2,33.98533 74.749855 1632.5 11.1, , ,1,8,2,2,1970, , , ,1,6,1,1,2,1,2,2,1,2,2,1,2,1,2,1,4,2, ,2,3, ,3, , , , , , , , , , , , , , , , , , , , , , , , , , , , , , , , , , , , , , , , , , , , , , , , , , , , , , , , , , , , , , , , ,2, , , , , , , , , , , , , , , , ,3, ,3, , , , , , , , , , , , , , , , , , , , , , , , , , , , , , , , , , , , , , , , , , , , , , , , , , , , , , , , , , , ,2, ,2, ,2, , , , , , , , , , , , , , , , , , , , , , , , , , , , , , , , , , , , , , , , , , , , , ,1,1,3,2, , , , ,2, ,2, ,2, , ,2, ,2, ,2, ,2, ,2, ,1,1, , , , , , , , , , , , , , , , , , , , , , , , , , , , , , ,2,2,2,2,2,2,2,2,2,2, , ,2,2,2,2,2,2,2,2,2,2,2, , ,2, , , , , , ,2,2,2,2,2,2,2,2,2,2,2,2,2,2, ,2,2,2,2,2,2,2,2,2,2,2,2, ,2,2,2,2,2,2,2,2,2,2,2,2,2,2,2,2,2,2,2,2,2,2,1,1,1,1,1,1,1,1,1,1,1,1,1, , , ,respondent was very cooperative,55
991675,160504,Haryana,HR-U256,Urban,District name, ,PSU name,Census/UFS PSU number,Address,HH/Flat/Apt number,Door number,GATS-3/012/05,Head name,Head father/spouse name,Observation,Female,1/29/2026 3:14:12 PM,1/29/2026 3:17:21 PM,1/29/2026 3:16:33 PM,1/29/2026 3:50:27 PM,1,60,2,magli begam,0.313337582,200,1/29/2026 3:16:30 PM,400,1/29/2026 3:50:26 PM,200,1/29/2026 3:16:30 PM,400,1/29/2026 3:50:26 PM, , , , , , , , , , , , , , , , , ,1,5,5, ,1,magli begam, , , , , , , , , , , , , , , , , , , ,60, , , , , , , , , , , , , , , , , , , , , , , , , , , , , , , , , , , , , , , , , , , , , , , , , , , , , , , , , , , ,2, , , , , , , , , , , , , , , , , , , ,1, , , , , , , , , , , , , , , , , , , ,2, , , , , , , , , , , , , , , , , , , ,2, , , ,1,8,2,3,1965, , , ,1,6,1,1,2,1,2,2,2,2,1,2,2,1,2,1,4,2, ,2,1, , ,20, ,20, ,10, ,0, ,0, ,0, ,3, ,0, , ,3, , , , , , , , , , , , , , , , , , , , , , , , , , , , , , , , , , , , , , ,1,1, ,1,1, ,2,1,2, , , , , , , , , , , , , , , , ,3, ,3, , , , , , , , , , , , , , , , , , , , , , , , , , , , , , , , , , , , , , , , , , , , , , , , , , , , , , , , , , , ,2, ,2, ,2, ,1,3, , ,3,2,2,2,2,2,2,2,2,2,2,1,I quit smoking I hate smoking again,1,2,2, ,3, , , , , , , , , , , , , , , , , , , , , , ,1,1,1,2, , , , ,2, ,1,2,2, , ,2, ,2, ,2, ,2, ,2, ,1,1,5, , , , , , , , , , , , , , , , , , , , , , , , , , , , , ,2,2,2,2,2,2,2,2,2,2, , ,2,2,2,2,2,2,2,2,2,2,2, , ,2,2, , , , , ,2,2,2,2,2,2,2,2,2,2,2,2,2,2, ,2,2,2,2,2,2,2,2,2,2,2,2, ,2,2,2,2,2,2,2,2,2,2,2,2,2,2,2,2,2,2,2,2,2,2,1,1,1,1,1,1,1,1,1,1,1,1,1,3, , ,respondent was very honest,60
991676,160504,Haryana,HR-R019,Rural,District name,Sub-district name,PSU name,Census/UFS PSU number,Address,HH/Flat/Apt number,Door number,GATS-3/229/01,Head name,Head father/spouse name,Observation,Female,1/30/2026 11:24:26 AM,1/30/2026 11:33:07 AM,1/30/2026 11:29:11 AM,1/30/2026 11:57:40 AM,1,52,2,Haleema bano,0.897287527,200,1/30/2026 11:29:09 AM,400,1/30/2026 11:57:36 AM,200,1/30/2026 11:29:09 AM,400,1/30/2026 11:57:36 AM, , , , , , , , , , , , , , , , , ,1,7,7, ,2,Haleema bano,shahnaza, , , , , , , , , , , , , , , , , , ,52,24, , , , , , , , , , , , , , , , , , , , , , , , , , , , , , , , , , , , , , , , , , , , , , , , , , , , , , , , , , ,2,2, , , , , , , , , , , , , , , , , , ,1,2, , , , , , , , , , , , , , , , , , ,2,2, , , , , , , , , , , , , , , , , , ,2, , , ,1,8,2,4,1973, , , ,1,6,1,1,2,1,1,2,1,2,2,1,2,1,2,1,4,2, ,2,2,1, ,30, ,30, , , , , , , , , , , , , , , ,10,0,0,0,3,0, , , , , , , , , , , , , , , , , , , , , , , , , , , , , , , , ,2, ,1,1,5,neighbour home,2,1,2, , , , , , , , , , , , , , , , ,3, ,3, , , , , , , , , , , , , , , , , , , , , , , , , , , , , , , , , , , , , , , , , , , , , , , , , , , , , , , , , , , ,2, ,2, ,2, ,2, , , , , , , , , , , , , , , , ,1,2,2, ,2, , , , , , , , , , , , , , , , , , , , , , ,4, ,5,2, , , , ,2, ,2, ,2, , ,2, ,1,2,2, ,2, ,2, ,1,1,5, , , , , , , , , , , , , , , , , , , , , , , , , , , , , ,2,2,2,2,2,2,2,2,2,2, , ,2,2,2,2,2,2,2,2,2,2,2, , ,2,2, , , , , ,2,2,2,2,2,2,2,2,2,2,2,2,2,2, ,2,2,2,2,2,2,2,2,2,2,2,2, ,2,2,2,2,2,2,2,2,2,2,2,2,2,2,2,2,2,2,2,2,2,2,1,1,1,1,1,1,1,1,1,1,1,1,1,4, , ,respondent was very cooperative,52
991677,160504,Haryana,HR-R708,Rural,District name,Sub-district name,PSU name,Census/UFS PSU number,Address,HH/Flat/Apt number,Door number,GATS-3/272/06,Head name,Head father/spouse name,Observation,Female,1/30/2026 12:12:56 PM,1/30/2026 12:20:51 PM,1/30/2026 12:17:26 PM,1/30/2026 12:30:00 PM,1,67,2,shameema,0.681035613,200,1/30/2026 12:17:24 PM,400,1/30/2026 12:29:59 PM,200,1/30/2026 12:17:24 PM,400,1/30/2026 12:29:59 PM, , , , , , , , , , , , , , , , ,33.98509833333333 74.74985166666667 1517.1 9.0,1,6,4,1,2,shameema,shaziya bano, , , , , , , , , , , , , , , , , , ,67,29, , , , , , , , , , , , , , , , , , , , , , , , , , , , , , , , , , , , , , , , , , , , , , , , , , , , , , , , , , ,2,2, , , , , , , , , , , , , , , , , , ,2,2, , , , , , , , , , , , , , , , , , ,2,2, , , , , , , , , , , , , , , , , , ,2, , , ,1,8,2,7,1958, , , ,1,9,1,1,2,1,2,1,1,2,2,1,2,1,2,1,4,2, ,2,3, ,3, , , , , , , , , , , , , , , , , , , , , , , , , , , , , , , , , , , , , , , , , , , , , , , , , , , , , , , , , , , , , , , , ,2, , , , , , , , , , , , , , , , ,3, ,3, , , , , , , , , , , , , , , , , , , , , , , , , , , , , , , , , , , , , , , , , , , , , , , , , , , , , , , , , , , ,2, ,2, ,2, , , , , , , , , , , , , , , , , , , , , , , , , , , , , , , , , , , , , , , , , , , , , ,3, , ,2, , , , ,2, ,2, ,2, , ,2, ,2, ,2, ,2, ,2, ,1,1, , , , , , , , , , , , , , , , , , , , , , , , , , , , , , ,2,2,2,2,2,2,2,2,2,2, , ,2,2,2,2,2,2,2,2,2,2,2, , ,2, , , , , , ,2,2,2,2,2,2,2,2,2,2,2,2,2,2, ,2,2,2,2,2,2,2,2,2,2,2,2, ,2,2,2,2,2,2,2,2,2,2,2,2,2,2,2,2,2,2,2,2,2,2,1,1,1,1,1,1,1,1,1,1,1,1,1, , , ,respondent was very cooperative,67
991678,160504,Haryana,HR-R991,Rural,District name,Sub-district name,PSU name,Census/UFS PSU number,Address,HH/Flat/Apt number,Door number,GATS-3/137/03,Head name,Head father/spouse name,Observation,Female,1/30/2026 1:50:19 PM,1/30/2026 1:57:07 PM,1/30/2026 1:54:53 PM,1/30/2026 2:15:41 PM,2,39,2,jozi bano,0.292410388,200,1/30/2026 1:54:51 PM,400,1/30/2026 2:15:40 PM,200,1/30/2026 1:54:51 PM,400,1/30/2026 2:15:40 PM, , , , , , , , , , , , , , , , ,33.98454166666667 74.75024 1681.3 10.2,1,6,5,0,2,jana begum,jozi bano, , , , , , , , , , , , , , , , , , ,65,39, , , , , , , , , , , , , , , , , , , , , , , , , , , , , , , , , , , , , , , , , , , , , , , , , , , , , , , , , , ,2,2, , , , , , , , , , , , , , , , , , ,2,2, , , , , , , , , , , , , , , , , , ,2,2, , , , , , , , , , , , , , , , , , ,2,33.96503666666667 74.76006333333333 7009.7 12.8, , ,1,8,2,4,1986, , , ,3,6,1,1,2,1,1,2,1,2,2,1,2,1,2,1,1,2, ,2,3, ,3, , , , , , , , , , , , , , , , , , , , , , , , , , , , , , , , , , , , , , , , , , , , , , , , , , , , , , , , , , , , , , , , ,2, , , , , , , , , , , , , , , , ,3, ,3, , , , , , , , , , , , , , , , , , , , , , , , , , , , , , , , , , , , , , , , , , , , , , , , , , , , , , , , , , , ,2, ,2, ,2, , , , , , , , , , , , , , , , , , , , , , , , , , , , , , , , , , , , , , , , , , , , , ,2,1,4,2, , , , ,2, ,2, ,2, , ,2, ,1,2,2, ,2, ,2, ,1,1, , , , , , , , , , , , , , , , , , , , , , , , , , , , , , ,2,2,2,2,2,2,2,2,2,2, , ,2,2,2,2,2,2,2,2,2,2,2, , ,2, , , , , , ,2,2,2,2,2,2,2,2,2,2,2,2,2,2, ,2,2,2,2,2,2,2,2,2,2,2,2, ,2,2,2,2,2,2,2,2,2,2,2,2,2,2,2,2,2,2,2,2,2,2,1,1,1,1,1,1,1,1,1,1,1,1,1, , ,2,respondent was very cooperative,39
991679,160504,Haryana,HR-U177,Urban,District name, ,PSU name,Census/UFS PSU number,Address,HH/Flat/Apt number,Door number,GATS-3/235/05,Head name,Head father/spouse name,Observation,Female,1/30/2026 2:42:17 PM,1/30/2026 2:48:13 PM,1/30/2026 2:47:56 PM,1/30/2026 3:03:38 PM,4,25,2,aneesa fatima,0.22168478,200,1/30/2026 2:47:54 PM,400,1/30/2026 3:03:36 PM,200,1/30/2026 2:47:54 PM,400,1/30/2026 3:03:36 PM, , , , , , , , , , , , , , , , , ,1,8,8, ,4,haleema bano,sumeena ji,nusrat,aneesa fatima, , , , , , , , , , , , , , , , ,51,27,26,25, , , , , , , , , , , , , , , , , , , , , , , , , , , , , , , , , , , , , , , , , , , , , , , , , , , , , , , , ,2,2,2,2, , , , , , , , , , , , , , , , ,2,2,2,2, , , , , , , , , , , , , , , , ,2,2,2,2, , , , , , , , , , , , , , , , ,2,33.98581333333333 74.750875 1593.2 10.3, , ,1,8,2,4,2000, , , ,5,6,1,1,2,1,1,1,1,2,1,1,2,1,2,1,4,2, ,2,3, ,3, , , , , , , , , , , , , , , , , , , , , , , , , , , , , , , , , , , , , , , , , , , , , , , , , , , , , , , , , , , , , , , , ,2, , , , , , , , , , , , , , , , ,3, ,3, , , , , , , , , , , , , , , , , , , , , , , , , , , , , , , , , , , , , , , , , , , , , , , , , , , , , , , , , , , ,2, ,2, ,2, , , , , , , , , , , , , , , , , , , , , , , , , , , , , , , , , , , , , , , , , , , , , ,2,1,2,2, , , , ,2, ,1,2,2, , ,2, ,2, ,2, ,2, ,2, ,1,1, , , , , , , , , , , , , , , , , , , , , , , , , , , , , , ,2,2,2,1,2,2,2,2,2,2, , ,2,2,2,2,2,2,2,2,1,2,2, , ,2, , , , , , ,2,2,2,2,2,2,2,2,2,2,2,2,2,2, ,2,2,2,2,2,2,2,2,2,2,2,2, ,2,2,2,2,2,2,2,2,2,2,2,2,2,2,2,2,2,2,2,2,2,2,1,1,1,1,1,1,1,1,1,1,1,1,1, , ,2,respondent was very cooperative,25
991680,160504,Haryana,HR-R468,Rural,District name,Sub-district name,PSU name,Census/UFS PSU number,Address,HH/Flat/Apt number,Door number,GATS-3/294/01,Head name,Head father/spouse name,Observation,Female,1/30/2026 7:42:30 PM,1/30/2026 7:49:59 PM,1/30/2026 7:48:40 PM,1/30/2026 8:20:05 PM,2,28,2,nighat,0.186489916,200,1/30/2026 7:48:38 PM,400,1/30/2026 8:20:04 PM,200,1/30/2026 7:48:38 PM,400,1/30/2026 8:20:04 PM, , , , , , , , , , , , , , , , , ,1,4,4, ,2,saleema bano,nighat, , , , , , , , , , , , , , , , , , ,55,28, , , , , , , , , , , , , , , , , , , , , , , , , , , , , , , , , , , , , , , , , , , , , , , , , , , , , , , , , , ,2,2, , , , , , , , , , , , , , , , , , ,1,2, , , , , , , , , , , , , , , , , , ,2,2, , , , , , , , , , , , , , , , , , ,2, , , ,1,8,2,2,1997, , , ,8,4,1,1,2,1,1,1,1,2,1,1,1,1,2,1,4,2, ,1,3, ,3, , , , , , , , , , , , , , , , , , , , , , , , , , , , , , , , , , , , , , , , , , , , , , , , , , , , , , , , , , , , , , , , ,1,3,2, , , , , , , , , , , , , ,1,3, ,3, , , , , , , , , , , , , , , , , , , , , , , , , , , , , , , , , , , , , , , , , , , , , , , , , , , , , , , , , , , ,2, ,2, ,2, , , , , , , , , , , , , , , , , , , , , , , , , , , , , , , , , , , , , , , , , , , , , ,1,1,1,1,3, ,1,1,1,2,1,2,1,2,2,2, ,1,1,1,2,2, ,2, ,1,1, , , , , , , , , , , , , , , , , , , , , , , , , , , , , , ,2,2,2,1,2,2,2,1,1,2, , ,2,2,2,2,2,2,2,2,2,2,2, , ,2, , , , , , ,2,2,2,2,2,2,2,2,2,2,2,2,2,2, ,2,2,2,2,2,2,2,2,2,2,2,2, ,2,2,2,2,2,2,2,2,2,2,2,2,2,2,2,2,2,2,2,2,2,2,1,1,1,1,1,1,1,1,1,1,1,1,1, , ,2,respondent was very humble,28
991681,160504,Haryana,HR-U721,Urban,District name, ,PSU name,Census/UFS PSU number,Address,HH/Flat/Apt number,Door number,GATS-3/087/06,Head name,Head father/spouse name,Observation,Female,1/30/2026 8:20:27 PM,1/30/2026 8:22:34 PM,1/30/2026 8:22:21 PM,1/30/2026 8:23:01 PM,1,35,2,gulshana bano,0.079634244,200,1/30/2026 8:21:34 PM,309,1/30/2026 8:24:00 PM,200,1/30/2026 8:21:34 PM,309,1/30/2026 8:24:00 PM, , , , , , , , , , , , , , , , , ,1,4,4, ,1,gulshana bano, , , , , , , , , , , , , , , , , , , ,35, , , , , , , , , , , , , , , , , , , , , , , , , , , , , , , , , , , , , , , , , , , , , , , , , , , , , , , , , , , ,2, , , , , , , , , , , , , , , , , , , ,1, , , , , , , , , , , , , , , , , , , ,1, , , , , , , , , , , , , , , , , , , , , , , , , , , , , , , , , , , , , , , , , , , , , , , , , , , , , , , , , , , , , , , , , , , , , , , , , , , , , , , , , , , , , , , , , , , , , , , , , , , , , , , , , , , , , , , , , , , , , , , , , , , , , , , , , , , , , , , , , , , , , , , , , , , , , , , , , , , , , , , , , , , , , , , , , , , , , , , , , , , , , , , , , , , , , , , , , , , , , , , , , , , , , , , , , , , , , , , , , , , , , , , , , , , , , , , , , , , , , , , , , , , , , , , , , , , , , , , , , , , , , , , , , , , , , , , , , , , , , , , , , , , , , , , , , , , , , , , , , , , , , , , , , , , , , , , , , , , , , , , , , , , , , , , , , , , , , , , , , , , , , , , , , , , , , , , , , , , , , , , , , , , , , , , , , , , , , , , , , , , , , , , , , , , , , , , , , , , , , , , , , , , , 
991682,160504,Haryana,HR-R434,Rural,District name,Sub-district name,PSU name,Census/UFS PSU number,Address,HH/Flat/Apt number,Door number,GATS-3/281/04,Head name,Head father/spouse name,Observation,Female, , , , , , , , , , , , , , , , , , , , , , , , , , , , , , , , , , , , , , , , , , , , , , , , , , , , , , , , , , , , , , , , , , , , , , , , , , , , , , , , , , , , , , , , , , , , , , , , , , , , , , , , , , , , , , , , , , , , , , , , , , , , , , , , , , , , , , , , , , , , , , , , , , , , , , , , , , , , , , , , , , , , , , , , , , , , , , , , , , , , , , , , , , , , , , , , , , , , , , , , , , , , , , , , , , , , , , , , , , , , , , , , , , , , , , , , , , , , , , , , , , , , , , , , , , , , , , , , , , , , , , , , , , , , , , , , , , , , , , , , , , , , , , , , , , , , , , , , , , , , , , , , , , , , , , , , , , , , , , , , , , , , , , , , , , , , , , , , , , , , , , , , , , , , , , , , , , , , , , , , , , , , , , , , , , , , , , , , , , , , , , , , , , , , , , , , , , , , , , , , , , , , , , , , , , , , , , , , , , , , , , , , , , , , , , , , , , , , , , , , , , , , , , , , , , , , , , , , , , , , , , , , , , , , , , , , , , , , , , , , , , , , , , , , , , , , , , , , , , , , , , , , , , , , , , , , , , , , , , , , , , , , , , , , , , , , , , , , , , , , , , , , , , , , , , , , , , , , , , , , , , , , 
991683,160504,Haryana,HR-U328,Urban,District name, ,PSU name,Census/UFS PSU number,Address,HH/Flat/Apt number,Door number,GATS-3/121/02,Head name,Head father/spouse name,Observation,Female, , , , , , , , , , , , , , , , , , , , , , , , , , , , , , , , , , , , , , , , , , , , , , , , , , , , , , , , , , , , , , , , , , , , , , , , , , , , , , , , , , , , , , , , , , , , , , , , , , , , , , , , , , , , , , , , , , , , , , , , , , , , , , , , , , , , , , , , , , , , , , , , , , , , , , , , , , , , , , , , , , , , , , , , , , , , , , , , , , , , , , , , , , , , , , , , , , , , , , , , , , , , , , , , , , , , , , , , , , , , , , , , , , , , , , , , , , , , , , , , , , , , , , , , , , , , , , , , , , , , , , , , , , , , , , , , , , , , , , , , , , , , , , , , , , , , , , , , , , , , , , , , , , , , , , , , , , , , , , , , , , , , , , , , , , , , , , , , , , , , , , , , , , , , , , , , , , , , , , , , , , , , , , , , , , , , , , , , , , , , , , , , , , , , , , , , , , , , , , , , , , , , , , , , , , , , , , , , , , , , , , , , , , , , , , , , , , , , , , , , , , , , , , , , , , , , , , , , , , , , , , , , , , , , , , , , , , , , , , , , , , , , , , , , , , , , , , , , , , , , , , , , , , , , , , , , , , , , , , , , , , , , , , , , , , , , , , , , , , , , , , , , , , , , , , , , , , , , , , , , , , , , 
991684,160504,Haryana,HR-U102,Urban,District name, ,PSU name,Census/UFS PSU number,Address,HH/Flat/Apt number,Door number,GATS-3/076/04,Head name,Head father/spouse name,Observation,Female, , , , , , , , , , , , , , , , , , , , , , , , , , , , , , , , , , , , , , , , , , , , , , , , , , , , , , , , , , , , , , , , , , , , , , , , , , , , , , , , , , , , , , , , , , , , , , , , , , , , , , , , , , , , , , , , , , , , , , , , , , , , , , , , , , , , , , , , , , , , , , , , , , , , , , , , , , , , , , , , , , , , , , , , , , , , , , , , , , , , , , , , , , , , , , , , , , , , , , , , , , , , , , , , , , , , , , , , , , , , , , , , , , , , , , , , , , , , , , , , , , , , , , , , , , , , , , , , , , , , , , , , , , , , , , , , , , , , , , , , , , , , , , , , , , , , , , , , , , , , , , , , , , , , , , , , , , , , , , , , , , , , , , , , , , , , , , , , , , , , , , , , , , , , , , , , , , , , , , , , , , , , , , , , , , , , , , , , , , , , , , , , , , , , , , , , , , , , , , , , , , , , , , , , , , , , , , , , , , , , , , , , , , , , , , , , , , , , , , , , , , , , , , , , , , , , , , , , , , , , , , , , , , , , , , , , , , , , , , , , , , , , , , , , , , , , , , , , , , , , , , , , , , , , , , , , , , , , , , , , , , , , , , , , , , , , , , , , , , , , , , , , , , , , , , , , , , , , , , , , , , , , 
991685,160504,Haryana,HR-R552,Rural,District name,Sub-district name,PSU name,Census/UFS PSU number,Address,HH/Flat/Apt number,Door number,GATS-3/180/01,Head name,Head father/spouse name,Observation,Female, , , , , , , , , , , , , , , , , , , , , , , , , , , , , , , , , , , , , , , , , , , , , , , , , , , , , , , , , , , , , , , , , , , , , , , , , , , , , , , , , , , , , , , , , , , , , , , , , , , , , , , , , , , , , , , , , , , , , , , , , , , , , , , , , , , , , , , , , , , , , , , , , , , , , , , , , , , , , , , , , , , , , , , , , , , , , , , , , , , , , , , , , , , , , , , , , , , , , , , , , , , , , , , , , , , , , , , , , , , , , , , , , , , , , , , , , , , , , , , , , , , , , , , , , , , , , , , , , , , , , , , , , , , , , , , , , , , , , , , , , , , , , , , , , , , , , , , , , , , , , , , , , , , , , , , , , , , , , , , , , , , , , , , , , , , , , , , , , , , , , , , , , , , , , , , , , , , , , , , , , , , , , , , , , , , , , , , , , , , , , , , , , , , , , , , , , , , , , , , , , , , , , , , , , , , , , , , , , , , , , , , , , , , , , , , , , , , , , , , , , , , , , , , , , , , , , , , , , , , , , , , , , , , , , , , , , , , , , , , , , , , , , , , , , , , , , , , , , , , , , , , , , , , , , , , , , , , , , , , , , , , , , , , , , , , , , , , , , , , , , , , , , , , , , , , , , , , , , , , , , , , , 
991686,160504,Haryana,HR-R390,Rural,District name,Sub-district name,PSU name,Census/UFS PSU number,Address,HH/Flat/Apt number,Door number,GATS-3/232/09,Head name,Head father/spouse name,Observation,Female, , , , , , , , , , , , , , , , , , , , , , , , , , , , , , , , , , , , , , , , , , , , , , , , , , , , , , , , , , , , , , , , , , , , , , , , , , , , , , , , , , , , , , , , , , , , , , , , , , , , , , , , , , , , , , , , , , , , , , , , , , , , , , , , , , , , , , , , , , , , , , , , , , , , , , , , , , , , , , , , , , , , , , , , , , , , , , , , , , , , , , , , , , , , , , , , , , , , , , , , , , , , , , , , , , , , , , , , , , , , , , , , , , , , , , , , , , , , , , , , , , , , , , , , , , , , , , , , , , , , , , , , , , , , , , , , , , , , , , , , , , , , , , , , , , , , , , , , , , , , , , , , , , , , , , , , , , , , , , , , , , , , , , , , , , , , , , , , , , , , , , , , , , , , , , , , , , , , , , , , , , , , , , , , , , , , , , , , , , , , , , , , , , , , , , , , , , , , , , , , , , , , , , , , , , , , , , , , , , , , , , , , , , , , , , , , , , , , , , , , , , , , , , , , , , , , , , , , , , , , , , , , , , , , , , , , , , , , , , , , , , , , , , , , , , , , , , , , , , , , , , , , , , , , , , , , , , , , , , , , , , , , , , , , , , , , , , , , , , , , , , , , , , , , , , , , , , , , , , , , , , , , 
991687,160504,Haryana,HR-R864,Rural,District name,Sub-district name,PSU name,Census/UFS PSU number,Address,HH/Flat/Apt number,Door number,GATS-3/120/07,Head name,Head father/spouse name,Observation,Female, , , , , , , , , , , , , , , , , , , , , , , , , , , , , , , , , , , , , , , , , , , , , , , , , , , , , , , , , , , , , , , , , , , , , , , , , , , , , , , , , , , , , , , , , , , , , , , , , , , , , , , , , , , , , , , , , , , , , , , , , , , , , , , , , , , , , , , , , , , , , , , , , , , , , , , , , , , , , , , , , , , , , , , , , , , , , , , , , , , , , , , , , , , , , , , , , , , , , , , , , , , , , , , , , , , , , , , , , , , , , , , , , , , , , , , , , , , , , , , , , , , , , , , , , , , , , , , , , , , , , , , , , , , , , , , , , , , , , , , , , , , , , , , , , , , , , , , , , , , , , , , , , , , , , , , , , , , , , , , , , , , , , , , , , , , , , , , , , , , , , , , , , , , , , , , , , , , , , , , , , , , , , , , , , , , , , , , , , , , , , , , , , , , , , , , , , , , , , , , , , , , , , , , , , , , , , , , , , , , , , , , , , , , , , , , , , , , , , , , , , , , , , , , , , , , , , , , , , , , , , , , , , , , , , , , , , , , , , , , , , , , , , , , , , , , , , , , , , , , , , , , , , , , , , , , , , , , , , , , , , , , , , , , , , , , , , , , , , , , , , , , , , , , , , , , , , , , , , , , , , , , , 
991688,160504,Haryana,HR-R118,Rural,District name,Sub-district name,PSU name,Census/UFS PSU number,Address,HH/Flat/Apt number,Door number,GATS-3/103/06,Head name,Head father/spouse name,Observation,Female, , , , , , , , , , , , , , , , , , , , , , , , , , , , , , , , , , , , , , , , , , , , , , , , , , , , , , , , , , , , , , , , , , , , , , , , , , , , , , , , , , , , , , , , , , , , , , , , , , , , , , , , , , , , , , , , , , , , , , , , , , , , , , , , , , , , , , , , , , , , , , , , , , , , , , , , , , , , , , , , , , , , , , , , , , , , , , , , , , , , , , , , , , , , , , , , , , , , , , , , , , , , , , , , , , , , , , , , , , , , , , , , , , , , , , , , , , , , , , , , , , , , , , , , , , , , , , , , , , , , , , , , , , , , , , , , , , , , , , , , , , , , , , , , , , , , , , , , , , , , , , , , , , , , , , , , , , , , , , , , , , , , , , , , , , , , , , , , , , , , , , , , , , , , , , , , , , , , , , , , , , , , , , , , , , , , , , , , , , , , , , , , , , , , , , , , , , , , , , , , , , , , , , , , , , , , , , , , , , , , , , , , , , , , , , , , , , , , , , , , , , , , , , , , , , , , , , , , , , , , , , , , , , , , , , , , , , , , , , , , , , , , , , , , , , , , , , , , , , , , , , , , , , , , , , , , , , , , , , , , , , , , , , , , , , , , , , , , , , , , , , , , , , , , , , , , , , , , , , , , , , , , 
991689,160504,Haryana,HR-U847,Urban,District name, ,PSU name,Census/UFS PSU number,Address,HH/Flat/Apt number,Door number,GATS-3/035/05,Head name,Head father/spouse name,Observation,Female, , , , , , , , , , , , , , , , , , , , , , , , , , , , , , , , , , , , , , , , , , , , , , , , , , , , , , , , , , , , , , , , , , , , , , , , , , , , , , , , , , , , , , , , , , , , , , , , , , , , , , , , , , , , , , , , , , , , , , , , , , , , , , , , , , , , , , , , , , , , , , , , , , , , , , , , , , , , , , , , , , , , , , , , , , , , , , , , , , , , , , , , , , , , , , , , , , , , , , , , , , , , , , , , , , , , , , , , , , , , , , , , , , , , , , , , , , , , , , , , , , , , , , , , , , , , , , , , , , , , , , , , , , , , , , , , , , , , , , , , , , , , , , , , , , , , , , , , , , , , , , , , , , , , , , , , , , , , , , , , , , , , , , , , , , , , , , , , , , , , , , , , , , , , , , , , , , , , , , , , , , , , , , , , , , , , , , , , , , , , , , , , , , , , , , , , , , , , , , , , , , , , , , , , , , , , , , , , , , , , , , , , , , , , , , , , , , , , , , , , , , , , , , , , , , , , , , , , , , , , , , , , , , , , , , , , , , , , , , , , , , , , , , , , , , , , , , , , , , , , , , , , , , , , , , , , , , , , , , , , , , , , , , , , , , , , , , , , , , , , , , , , , , , , , , , , , , , , , , , , , , , , 
991690,160504,Haryana,HR-U740,Urban,District name, ,PSU name,Census/UFS PSU number,Address,HH/Flat/Apt number,Door number,GATS-3/161/03,Head name,Head father/spouse name,Observation,Female, , , , , , , , , , , , , , , , , , , , , , , , , , , , , , , , , , , , , , , , , , , , , , , , , , , , , , , , , , , , , , , , , , , , , , , , , , , , , , , , , , , , , , , , , , , , , , , , , , , , , , , , , , , , , , , , , , , , , , , , , , , , , , , , , , , , , , , , , , , , , , , , , , , , , , , , , , , , , , , , , , , , , , , , , , , , , , , , , , , , , , , , , , , , , , , , , , , , , , , , , , , , , , , , , , , , , , , , , , , , , , , , , , , , , , , , , , , , , , , , , , , , , , , , , , , , , , , , , , , , , , , , , , , , , , , , , , , , , , , , , , , , , , , , , , , , , , , , , , , , , , , , , , , , , , , , , , , , , , , , , , , , , , , , , , , , , , , , , , , , , , , , , , , , , , , , , , , , , , , , , , , , , , , , , , , , , , , , , , , , , , , , , , , , , , , , , , , , , , , , , , , , , , , , , , , , , , , , , , , , , , , , , , , , , , , , , , , , , , , , , , , , , , , , , , , , , , , , , , , , , , , , , , , , , , , , , , , , , , , , , , , , , , , , , , , , , , , , , , , , , , , , , , , , , , , , , , , , , , , , , , , , , , , , , , , , , , , , , , , , , , , , , , , , , , , , , , , , , , , , , , , , 
991691,160504,Haryana,HR-U030,Urban,District name, ,PSU name,Census/UFS PSU number,Address,HH/Flat/Apt number,Door number,GATS-3/265/02,Head name,Head father/spouse name,Observation,Female, , , , , , , , , , , , , , , , , , , , , , , , , , , , , , , , , , , , , , , , , , , , , , , , , , , , , , , , , , , , , , , , , , , , , , , , , , , , , , , , , , , , , , , , , , , , , , , , , , , , , , , , , , , , , , , , , , , , , , , , , , , , , , , , , , , , , , , , , , , , , , , , , , , , , , , , , , , , , , , , , , , , , , , , , , , , , , , , , , , , , , , , , , , , , , , , , , , , , , , , , , , , , , , , , , , , , , , , , , , , , , , , , , , , , , , , , , , , , , , , , , , , , , , , , , , , , , , , , , , , , , , , , , , , , , , , , , , , , , , , , , , , , , , , , , , , , , , , , , , , , , , , , , , , , , , , , , , , , , , , , , , , , , , , , , , , , , , , , , , , , , , , , , , , , , , , , , , , , , , , , , , , , , , , , , , , , , , , , , , , , , , , , , , , , , , , , , , , , , , , , , , , , , , , , , , , , , , , , , , , , , , , , , , , , , , , , , , , , , , , , , , , , , , , , , , , , , , , , , , , , , , , , , , , , , , , , , , , , , , , , , , , , , , , , , , , , , , , , , , , , , , , , , , , , , , , , , , , , , , , , , , , , , , , , , , , , , , , , , , , , , , , , , , , , , , , , , , , , , , , , , , , 
991692,160504,Haryana,HR-U120,Urban,District name, ,PSU name,Census/UFS PSU number,Address,HH/Flat/Apt number,Door number,GATS-3/224/01,Head name,Head father/spouse name,Observation,Female, , , , , , , , , , , , , , , , , , , , , , , , , , , , , , , , , , , , , , , , , , , , , , , , , , , , , , , , , , , , , , , , , , , , , , , , , , , , , , , , , , , , , , , , , , , , , , , , , , , , , , , , , , , , , , , , , , , , , , , , , , , , , , , , , , , , , , , , , , , , , , , , , , , , , , , , , , , , , , , , , , , , , , , , , , , , , , , , , , , , , , , , , , , , , , , , , , , , , , , , , , , , , , , , , , , , , , , , , , , , , , , , , , , , , , , , , , , , , , , , , , , , , , , , , , , , , , , , , , , , , , , , , , , , , , , , , , , , , , , , , , , , , , , , , , , , , , , , , , , , , , , , , , , , , , , , , , , , , , , , , , , , , , , , , , , , , , , , , , , , , , , , , , , , , , , , , , , , , , , , , , , , , , , , , , , , , , , , , , , , , , , , , , , , , , , , , , , , , , , , , , , , , , , , , , , , , , , , , , , , , , , , , , , , , , , , , , , , , , , , , , , , , , , , , , , , , , , , , , , , , , , , , , , , , , , , , , , , , , , , , , , , , , , , , , , , , , , , , , , , , , , , , , , , , , , , , , , , , , , , , , , , , , , , , , , , , , , , , , , , , , , , , , , , , , , , , , , , , , , , , , , , 
991693,160504,Haryana,HR-U174,Urban,District name, ,PSU name,Census/UFS PSU number,Address,HH/Flat/Apt number,Door number,GATS-3/181/07,Head name,Head father/spouse name,Observation,Female, , , , , , , , , , , , , , , , , , , , , , , , , , , , , , , , , , , , , , , , , , , , , , , , , , , , , , , , , , , , , , , , , , , , , , , , , , , , , , , , , , , , , , , , , , , , , , , , , , , , , , , , , , , , , , , , , , , , , , , , , , , , , , , , , , , , , , , , , , , , , , , , , , , , , , , , , , , , , , , , , , , , , , , , , , , , , , , , , , , , , , , , , , , , , , , , , , , , , , , , , , , , , , , , , , , , , , , , , , , , , , , , , , , , , , , , , , , , , , , , , , , , , , , , , , , , , , , , , , , , , , , , , , , , , , , , , , , , , , , , , , , , , , , , , , , , , , , , , , , , , , , , , , , , , , , , , , , , , , , , , , , , , , , , , , , , , , , , , , , , , , , , , , , , , , , , , , , , , , , , , , , , , , , , , , , , , , , , , , , , , , , , , , , , , , , , , , , , , , , , , , , , , , , , , , , , , , , , , , , , , , , , , , , , , , , , , , , , , , , , , , , , , , , , , , , , , , , , , , , , , , , , , , , , , , , , , , , , , , , , , , , , , , , , , , , , , , , , , , , , , , , , , , , , , , , , , , , , , , , , , , , , , , , , , , , , , , , , , , , , , , , , , , , , , , , , , , , , , , , , , , , , 
991694,160504,Haryana,HR-R259,Rural,District name,Sub-district name,PSU name,Census/UFS PSU number,Address,HH/Flat/Apt number,Door number,GATS-3/046/07,Head name,Head father/spouse name,Observation,Female, , , , , , , , , , , , , , , , , , , , , , , , , , , , , , , , , , , , , , , , , , , , , , , , , , , , , , , , , , , , , , , , , , , , , , , , , , , , , , , , , , , , , , , , , , , , , , , , , , , , , , , , , , , , , , , , , , , , , , , , , , , , , , , , , , , , , , , , , , , , , , , , , , , , , , , , , , , , , , , , , , , , , , , , , , , , , , , , , , , , , , , , , , , , , , , , , , , , , , , , , , , , , , , , , , , , , , , , , , , , , , , , , , , , , , , , , , , , , , , , , , , , , , , , , , , , , , , , , , , , , , , , , , , , , , , , , , , , , , , , , , , , , , , , , , , , , , , , , , , , , , , , , , , , , , , , , , , , , , , , , , , , , , , , , , , , , , , , , , , , , , , , , , , , , , , , , , , , , , , , , , , , , , , , , , , , , , , , , , , , , , , , , , , , , , , , , , , , , , , , , , , , , , , , , , , , , , , , , , , , , , , , , , , , , , , , , , , , , , , , , , , , , , , , , , , , , , , , , , , , , , , , , , , , , , , , , , , , , , , , , , , , , , , , , , , , , , , , , , , , , , , , , , , , , , , , , , , , , , , , , , , , , , , , , , , , , , , , , , , , , , , , , , , , , , , , , , , , , , , , , , , , 
991695,160504,Haryana,HR-U560,Urban,District name, ,PSU name,Census/UFS PSU number,Address,HH/Flat/Apt number,Door number,GATS-3/194/02,Head name,Head father/spouse name,Observation,Female, , , , , , , , , , , , , , , , , , , , , , , , , , , , , , , , , , , , , , , , , , , , , , , , , , , , , , , , , , , , , , , , , , , , , , , , , , , , , , , , , , , , , , , , , , , , , , , , , , , , , , , , , , , , , , , , , , , , , , , , , , , , , , , , , , , , , , , , , , , , , , , , , , , , , , , , , , , , , , , , , , , , , , , , , , , , , , , , , , , , , , , , , , , , , , , , , , , , , , , , , , , , , , , , , , , , , , , , , , , , , , , , , , , , , , , , , , , , , , , , , , , , , , , , , , , , , , , , , , , , , , , , , , , , , , , , , , , , , , , , , , , , , , , , , , , , , , , , , , , , , , , , , , , , , , , , , , , , , , , , , , , , , , , , , , , , , , , , , , , , , , , , , , , , , , , , , , , , , , , , , , , , , , , , , , , , , , , , , , , , , , , , , , , , , , , , , , , , , , , , , , , , , , , , , , , , , , , , , , , , , , , , , , , , , , , , , , , , , , , , , , , , , , , , , , , , , , , , , , , , , , , , , , , , , , , , , , , , , , , , , , , , , , , , , , , , , , , , , , , , , , , , , , , , , , , , , , , , , , , , , , , , , , , , , , , , , , , , , , , , , , , , , , , , , , , , , , , , , , , , , , , , 
991696,160504,Haryana,HR-R483,Rural,District name,Sub-district name,PSU name,Census/UFS PSU number,Address,HH/Flat/Apt number,Door number,GATS-3/115/07,Head name,Head father/spouse name,Observation,Female, , , , , , , , , , , , , , , , , , , , , , , , , , , , , , , , , , , , , , , , , , , , , , , , , , , , , , , , , , , , , , , , , , , , , , , , , , , , , , , , , , , , , , , , , , , , , , , , , , , , , , , , , , , , , , , , , , , , , , , , , , , , , , , , , , , , , , , , , , , , , , , , , , , , , , , , , , , , , , , , , , , , , , , , , , , , , , , , , , , , , , , , , , , , , , , , , , , , , , , , , , , , , , , , , , , , , , , , , , , , , , , , , , , , , , , , , , , , , , , , , , , , , , , , , , , , , , , , , , , , , , , , , , , , , , , , , , , , , , , , , , , , , , , , , , , , , , , , , , , , , , , , , , , , , , , , , , , , , , , , , , , , , , , , , , , , , , , , , , , , , , , , , , , , , , , , , , , , , , , , , , , , , , , , , , , , , , , , , , , , , , , , , , , , , , , , , , , , , , , , , , , , , , , , , , , , , , , , , , , , , , , , , , , , , , , , , , , , , , , , , , , , , , , , , , , , , , , , , , , , , , , , , , , , , , , , , , , , , , , , , , , , , , , , , , , , , , , , , , , , , , , , , , , , , , , , , , , , , , , , , , , , , , , , , , , , , , , , , , , , , , , , , , , , , , , , , , , , , , , , , , , , 
991697,160504,Haryana,HR-R993,Rural,District name,Sub-district name,PSU name,Census/UFS PSU number,Address,HH/Flat/Apt number,Door number,GATS-3/132/04,Head name,Head father/spouse name,Observation,Female, , , , , , , , , , , , , , , , , , , , , , , , , , , , , , , , , , , , , , , , , , , , , , , , , , , , , , , , , , , , , , , , , , , , , , , , , , , , , , , , , , , , , , , , , , , , , , , , , , , , , , , , , , , , , , , , , , , , , , , , , , , , , , , , , , , , , , , , , , , , , , , , , , , , , , , , , , , , , , , , , , , , , , , , , , , , , , , , , , , , , , , , , , , , , , , , , , , , , , , , , , , , , , , , , , , , , , , , , , , , , , , , , , , , , , , , , , , , , , , , , , , , , , , , , , , , , , , , , , , , , , , , , , , , , , , , , , , , , , , , , , , , , , , , , , , , , , , , , , , , , , , , , , , , , , , , , , , , , , , , , , , , , , , , , , , , , , , , , , , , , , , , , , , , , , , , , , , , , , , , , , , , , , , , , , , , , , , , , , , , , , , , , , , , , , , , , , , , , , , , , , , , , , , , , , , , , , , , , , , , , , , , , , , , , , , , , , , , , , , , , , , , , , , , , , , , , , , , , , , , , , , , , , , , , , , , , , , , , , , , , , , , , , , , , , , , , , , , , , , , , , , , , , , , , , , , , , , , , , , , , , , , , , , , , , , , , , , , , , , , , , , , , , , , , , , , , , , , , , , , , , , , 
991698,160504,Haryana,HR-U835,Urban,District name, ,PSU name,Census/UFS PSU number,Address,HH/Flat/Apt number,Door number,GATS-3/100/06,Head name,Head father/spouse name,Observation,Female, , , , , , , , , , , , , , , , , , , , , , , , , , , , , , , , , , , , , , , , , , , , , , , , , , , , , , , , , , , , , , , , , , , , , , , , , , , , , , , , , , , , , , , , , , , , , , , , , , , , , , , , , , , , , , , , , , , , , , , , , , , , , , , , , , , , , , , , , , , , , , , , , , , , , , , , , , , , , , , , , , , , , , , , , , , , , , , , , , , , , , , , , , , , , , , , , , , , , , , , , , , , , , , , , , , , , , , , , , , , , , , , , , , , , , , , , , , , , , , , , , , , , , , , , , , , , , , , , , , , , , , , , , , , , , , , , , , , , , , , , , , , , , , , , , , , , , , , , , , , , , , , , , , , , , , , , , , , , , , , , , , , , , , , , , , , , , , , , , , , , , , , , , , , , , , , , , , , , , , , , , , , , , , , , , , , , , , , , , , , , , , , , , , , , , , , , , , , , , , , , , , , , , , , , , , , , , , , , , , , , , , , , , , , , , , , , , , , , , , , , , , , , , , , , , , , , , , , , , , , , , , , , , , , , , , , , , , , , , , , , , , , , , , , , , , , , , , , , , , , , , , , , , , , , , , , , , , , , , , , , , , , , , , , , , , , , , , , , , , , , , , , , , , , , , , , , , , , , , , , , , , , 
991699,160504,Haryana,HR-R499,Rural,District name,Sub-district name,PSU name,Census/UFS PSU number,Address,HH/Flat/Apt number,Door number,GATS-3/185/01,Head name,Head father/spouse name,Observation,Female, , , , , , , , , , , , , , , , , , , , , , , , , , , , , , , , , , , , , , , , , , , , , , , , , , , , , , , , , , , , , , , , , , , , , , , , , , , , , , , , , , , , , , , , , , , , , , , , , , , , , , , , , , , , , , , , , , , , , , , , , , , , , , , , , , , , , , , , , , , , , , , , , , , , , , , , , , , , , , , , , , , , , , , , , , , , , , , , , , , , , , , , , , , , , , , , , , , , , , , , , , , , , , , , , , , , , , , , , , , , , , , , , , , , , , , , , , , , , , , , , , , , , , , , , , , , , , , , , , , , , , , , , , , , , , , , , , , , , , , , , , , , , , , , , , , , , , , , , , , , , , , , , , , , , , , , , , , , , , , , , , , , , , , , , , , , , , , , , , , , , , , , , , , , , , , , , , , , , , , , , , , , , , , , , , , , , , , , , , , , , , , , , , , , , , , , , , , , , , , , , , , , , , , , , , , , , , , , , , , , , , , , , , , , , , , , , , , , , , , , , , , , , , , , , , , , , , , , , , , , , , , , , , , , , , , , , , , , , , , , , , , , , , , , , , , , , , , , , , , , , , , , , , , , , , , , , , , , , , , , , , , , , , , , , , , , , , , , , , , , , , , , , , , , , , , , , , , , , , , , , , , , 
991700,160504,Haryana,HR-U045,Urban,District name, ,PSU name,Census/UFS PSU number,Address,HH/Flat/Apt number,Door number,GATS-3/119/08,Head name,Head father/spouse name,Observation,Female, , , , , , , , , , , , , , , , , , , , , , , , , , , , , , , , , , , , , , , , , , , , , , , , , , , , , , , , , , , , , , , , , , , , , , , , , , , , , , , , , , , , , , , , , , , , , , , , , , , , , , , , , , , , , , , , , , , , , , , , , , , , , , , , , , , , , , , , , , , , , , , , , , , , , , , , , , , , , , , , , , , , , , , , , , , , , , , , , , , , , , , , , , , , , , , , , , , , , , , , , , , , , , , , , , , , , , , , , , , , , , , , , , , , , , , , , , , , , , , , , , , , , , , , , , , , , , , , , , , , , , , , , , , , , , , , , , , , , , , , , , , , , , , , , , , , , , , , , , , , , , , , , , , , , , , , , , , , , , , , , , , , , , , , , , , , , , , , , , , , , , , , , , , , , , , , , , , , , , , , , , , , , , , , , , , , , , , , , , , , , , , , , , , , , , , , , , , , , , , , , , , , , , , , , , , , , , , , , , , , , , , , , , , , , , , , , , , , , , , , , , , , , , , , , , , , , , , , , , , , , , , , , , , , , , , , , , , , , , , , , , , , , , , , , , , , , , , , , , , , , , , , , , , , , , , , , , , , , , , , , , , , , , , , , , , , , , , , , , , , , , , , , , , , , , , , , , , , , , , , , , , , 
